,AD,AE,AF,AG,AI,AL,AM,AO,AR,AT,AU,AW,AX,AZ,BA,BB,BD,BE,BF,BG,BH,BI,BJ,BM,BN,BO,BQ,BR,BS,BT,BV,BW,BY,BZ,CA,CC,CD,CF,CG,CH,CI,CK,CL,CM,CN,CO,CR,CU,CV,CW,CX,CY,CZ,DE,DJ,DK,DM,DO,DZ,EC,EE,EG,EH,ER,ES,ET,FI,FJ,FM,FO,FR,GA,GB,GD,GE,GF,GG,GH,GI,GL,GM,GN,GP,GQ,GR,GT,GW,GY,HN,HR,HT,HU,ID,IE,IL,IM,IN,IO,IQ,IR,IS,IT,JE,JM,JO,JP,KE,KG,KH,KI,KM,KN,KP,KR,KW,KY,KZ,LA,LB,LC,LI,LK,LR,LS,LT,LU,LV,LY,MA,MC,MD,ME,MF,MG,MH,MK,ML,MM,MN,MQ,MR,MS,MT,MU,MV,MW,MX,MY,MZ,NA,NC,NE,NF,NG,NI,NL,NO,NP,NR,NU,NZ,OM,PA,PE,PF,PG,PH,PK,PL,PM,PN,PS,PT,PW,PY,QA,RE,RO,RS,RU,RW,SA,SB,SC,SD,SE,SG,SH,SI,SJ,SK,SL,SM,SN,SO,SR,SS,ST,SV,SX,SY,SZ,TC,TD,TG,TH,TJ,TL,TM,TN,TO,TR,TT,TV,TW,TZ,UA,UG,US,UY,UZ,VA,VC,VE,VG,VN,VU,WS,YE,YT,ZA,ZM,ZW
AD,0.0,0.0,0.0,0.0,0.0,0.0,0.0,0.0,0.0,0.0,0.0,0.0,0.0,0.0,0.0,0.0,0.0,0.0,0.0,0.0,0.0,0.0,0.0,0.0,0.0,0.0,0.0,0.0,0.0,0.0,0.0,0.0,0.0,0.0,0.0,0.0,0.0,0.0,0.0,0.0,0.0,0.0,0.0,0.0,0.0,0.0,0.0,0.0,0.0,0.0,0.0,0.0,0.0,0.0,0.0,0.0,0.0,0.0,0.0,0.0,0.0,0.0,0.0,0.0,0.0,0.0,0.0,0.0,0.0,0.0,0.0,0.0,0.0,0.0,0.0,0.0,0.0,0.0,0.0,0.0,0.0,0.0,0.0,0.0,0.0,0.0,0.0,0.0,0.0,0.0,0.0,0.0,0.0,0.0,0.0,0.0,0.0,0.0,0.0,0.0,0.0,0.0,0.0,0.0,0.0,0.0,0.0,0.0,0.0,0.0,0.0,0.0,0.0,0.0,0.0,0.0,0.0,0.0,0.0,0.0,0.0,0.0,0.0,0.0,0.0,0.0,0.0,0.0,0.0,0.0,0.0,0.0,0.0,0.0,0.0,0.0,0.0,0.0,0.0,0.0,0.0,0.0,0.0,0.0,0.0,0.0,0.0,0.0,0.0,0.0,0.0,0.0,0.0,0.0,0.0,0.0,0.0,0.0,0.0,0.0,0.0,0.0,0.0,0.0,0.0,0.0,0.0,0.0,0.0,0.0,0.0,0.0,0.0,0.0,0.0,0.0,0.0,0.0,0.0,0.0,0.0,0.0,0.0,0.0,0.0,0.0,0.0,0.0,0.0,0.0,0.0,0.0,0.0,0.0,0.0,0.0,0.0,0.0,0.0,0.0,0.0,0.0,0.0,0.0,0.0,0.0,0.0,0.0,0.0,0.0,0.0,0.0,0.0,0.0,0.0,0.0,0.0,0.0,0.0,0.0,0.0,0.0,0.0,0.0,0.0,0.0,0.0,0.0,0.0,0.0,0.0,0.0,0.0
AE,0.0,11.675559775407878,0.0,0.0,0.0,0.0,0.0,0.0,0.0013231942633861,0.006694662970323927,0.0020481310803891,0.0,0.0,0.0,0.0,0.0,0.0,0.0023436102491077,0.0,0.0006078182107102268,0.0,0.0,0.0,0.0,0.0,0.0,0.0,0.0025916770396151997,0.0,0.0,0.0,0.0,0.0,0.0,0.0004777830864787,0.0,0.0,0.0,0.0,0.0818713450292397,0.0,0.0,0.0002388915432393,0.0,0.0761466459122587,0.0017576628805202,0.0,0.0005120327700972,0.0,0.0,0.0,0.0,0.0010240655401945,0.0201444433887145,0.0,0.0009493670886075,0.0,0.0,0.0,0.0,0.0009082455109441,0.018280311238057637,0.0,0.0,0.0425791928970785,0.0,0.0010240655401945,0.0,0.0,0.0,0.020011292304723,0.0,1.1315036709699735,0.0,0.0,0.0,0.0,0.0,0.0,0.0,0.0,0.0,0.0,0.0,0.0014271501750862,0.0,0.0,0.0,0.0,0.0013114218620335,0.0,0.0004816348186916351,0.0,0.0007166746297181,0.0025259141668678,0.0,0.0024047417436989,0.0,0.0,0.0666666666666666,0.0,0.007858966200721199,0.0,0.0,0.018280311238057637,0.0,9.849305623953512e-05,0.0,0.0,0.0,0.0,0.0,0.0,0.0006894513936767,9.578544061302682e-05,0.0,0.0,0.0,0.0196035055014438,0.0,0.0,0.0,0.0,0.0,0.0012156364214205,0.0,0.000632911392405,0.0,0.0188147295742232,0.0,0.0,0.0,0.0,0.0,0.0,0.0,0.0,0.0,0.0,0.0,0.0,0.0,0.0,0.0,0.0,0.0,0.0006301561525709268,2.00126582278481,0.0,0.0,0.0,0.0,0.0,0.0,0.0,0.0019654202434647,0.0,0.0,0.0,0.0,0.0,9.578544061302682e-05,0.0005120327700972,0.0005120327700972,0.0,0.0,0.0013022653601098,9.578544061302682e-05,0.0006065196336680352,0.0,0.0,0.0,0.0020058213872256,0.0,0.0,0.1429556359133824,0.0,0.0012156364214205,0.002621699607480827,0.0,0.0,0.3406956179154586,0.0,0.0,0.0,1.0009493670886076,0.000191570881226,0.0,0.0009858096639072,0.0,0.0002388915432393,0.0,0.0,0.0666666666666666,0.0,0.0,0.0,0.0,0.0,0.0,0.0,0.0,0.0,0.0,0.0,0.0008717553114368,0.0,0.0,0.0,0.0,0.0,0.0057782998639921,0.0,0.0,0.0009702483676764,0.0,0.0,9.849305623953512e-05,0.3957841542540153,0.0,0.0,0.0,0.0,0.0,0.0,0.0,0.0,0.0,0.0,0.0,0.0004358776557184,0.0,0.0
AF,0.0,0.0,1.0,0.0,0.0,0.0,0.0,0.0,0.0,0.0,0.0,0.0,0.0,0.0,0.0,0.0,0.0,0.0,0.0,0.0,0.0,0.0,0.0,0.0,0.0,0.0,0.0,0.0,0.0,0.0,0.0,0.0,0.0,0.0,0.0,0.0,0.0,0.0,0.0,0.0,0.0,0.0,0.0,0.0,0.0,0.0,0.0,0.0,0.0,0.0,0.0,0.0,0.0,0.0,0.0,0.0,0.0,0.0,0.0,0.0,0.0,1.0,0.0,0.0,0.0,0.0,0.0,0.0,0.0,0.0,0.0,0.0,0.0,0.0,0.0,0.0,0.0,0.0,0.0,0.0,0.0,0.0,0.0,0.0,0.0,0.0,0.0,0.0,0.0,0.0,0.0,0.0,0.0,0.0,0.0,0.0,0.0,0.0,0.0,0.0,0.0,0.0,0.0,0.0,0.0,0.0,0.0,0.0,0.0,0.0,0.0,0.0,0.0,0.0,0.0,0.0,0.0,0.0,0.0,0.0,0.0,0.0,0.0,0.0,0.0,0.0,0.0,0.0,0.0,0.0,0.0,0.0,0.0,0.0,0.0,0.0,0.0,0.0,0.0,0.0,0.0,0.0,0.0,0.0,0.0,0.0,0.0,0.0,0.0,0.0,0.0,0.0,0.0,0.0,0.0,0.0,0.0,0.0,0.0,0.0,0.0,0.0,0.0,0.0,0.0,0.0,0.0,0.0,0.0,0.0,0.0,0.0,0.0,0.0,0.0,0.0,0.0,0.0,0.0,0.0,0.0,0.0,0.0,0.0,0.0,0.0,0.0,0.0,0.0,0.0,0.0,0.0,0.0,0.0,0.0,0.0,0.0,0.0,0.0,0.0,0.0,0.0,0.0,0.0,0.0,0.0,0.0,0.0,0.0,0.0,0.0,0.0,0.0,0.0,0.0,0.0,0.0,0.0,0.0,0.0,0.0,0.0,0.0,0.0,0.0,0.0,0.0,0.0,0.0,0.0,0.0,0.0,0.0
AG,0.0,0.0,0.0,0.0,0.0,0.0,0.0,0.0,0.0,0.0,0.0,0.0,0.0,0.0,0.0,0.0,0.0,0.0,0.0,0.0,0.0,0.0,0.0,0.0,0.0,0.0,0.0,0.0,0.0,0.0,0.0,0.0,0.0,0.0,0.0,0.0,0.0,0.0,0.0,0.0,0.0,0.0,0.0,0.0,0.0,0.0,0.0,0.0,0.0,0.0,0.0,0.0,0.0,0.0,0.0,0.0,0.0,0.0,0.0,0.0,0.0,0.0,0.0,0.0,0.0,0.0,0.0,0.0,0.0,0.0,0.0,0.0,0.0,0.0,0.0,0.0,0.0,0.0,0.0,0.0,0.0,0.0,0.0,0.0,0.0,0.0,0.0,0.0,0.0,0.0,0.0,0.0,0.0,0.0,0.0,0.0,0.0,0.0,0.0,0.0,0.0,0.0,0.0,0.0,0.0,0.0,0.0,0.0,0.0,0.0,0.0,0.0,0.0,0.0,0.0,0.0,0.0,0.0,0.0,0.0,0.0,0.0,0.0,0.0,0.0,0.0,0.0,0.0,0.0,0.0,0.0,0.0,0.0,0.0,0.0,0.0,0.0,0.0,0.0,0.0,0.0,0.0,0.0,0.0,0.0,0.0,0.0,0.0,0.0,0.0,0.0,0.0,0.0,0.0,0.0,0.0,0.0,0.0,0.0,0.0,0.0,0.0,0.0,0.0,0.0,0.0,0.0,0.0,0.0,0.0,0.0,0.0,0.0,0.0,0.0,0.0,0.0,0.0,0.0,0.0,0.0,0.0,0.0,0.0,0.0,0.0,0.0,0.0,0.0,0.0,0.0,0.0,0.0,0.0,0.0,0.0,0.0,0.0,0.0,0.0,0.0,0.0,0.0,0.0,0.0,0.0,0.0,0.0,0.0,0.0,0.0,0.0,0.0,0.0,0.0,0.0,0.0,0.0,0.0,0.0,0.0,0.0,0.0,0.0,0.0,0.0,0.0,0.0,0.0,0.0,0.0,0.0,0.0
AI,0.0,0.0,0.0,0.0,0.0,0.0,0.0,0.0,0.0,0.0,0.0,0.0,0.0,0.0,0.0,0.0,0.0,0.0,0.0,0.0,0.0,0.0,0.0,0.0,0.0,0.0,0.0,0.0,0.0,0.0,0.0,0.0,0.0,0.0,0.0,0.0,0.0,0.0,0.0,0.0,0.0,0.0,0.0,0.0,0.0,0.0,0.0,0.0,0.0,0.0,0.0,0.0,0.0,0.0,0.0,0.0,0.0,0.0,0.0,0.0,0.0,0.0,0.0,0.0,0.0,0.0,0.0,0.0,0.0,0.0,0.0,0.0,0.0,0.0,0.0,0.0,0.0,0.0,0.0,0.0,0.0,0.0,0.0,0.0,0.0,0.0,0.0,0.0,0.0,0.0,0.0,0.0,0.0,0.0,0.0,0.0,0.0,0.0,0.0,0.0,0.0,0.0,0.0,0.0,0.0,0.0,0.0,0.0,0.0,0.0,0.0,0.0,0.0,0.0,0.0,0.0,0.0,0.0,0.0,0.0,0.0,0.0,0.0,0.0,0.0,0.0,0.0,0.0,0.0,0.0,0.0,0.0,0.0,0.0,0.0,0.0,0.0,0.0,0.0,0.0,0.0,0.0,0.0,0.0,0.0,0.0,0.0,0.0,0.0,0.0,0.0,0.0,0.0,0.0,0.0,0.0,0.0,0.0,0.0,0.0,0.0,0.0,0.0,0.0,0.0,0.0,0.0,0.0,0.0,0.0,0.0,0.0,0.0,0.0,0.0,0.0,0.0,0.0,0.0,0.0,0.0,0.0,0.0,0.0,0.0,0.0,0.0,0.0,0.0,0.0,0.0,0.0,0.0,0.0,0.0,0.0,0.0,0.0,0.0,0.0,0.0,0.0,0.0,0.0,0.0,0.0,0.0,0.0,0.0,0.0,0.0,0.0,0.0,0.0,0.0,0.0,0.0,0.0,0.0,0.0,0.0,0.0,0.0,0.0,0.0,0.0,0.0,0.0,0.0,0.0,0.0,0.0,0.0
AL,0.0,0.0,0.0,0.0,0.0,0.25,0.0,0.0,0.0,0.0,0.0,0.0,0.0,0.0,0.0,0.0,0.0,0.0,0.0,0.0,0.0,0.0,0.0,0.0,0.0,0.0,0.0,0.0,0.0,0.0,0.0,0.0,0.0,0.0,0.0,0.0,0.0,0.0,0.0,0.0,0.0,0.0,0.0,0.0,0.0,0.0,0.0,0.0,0.0,0.0,0.0,0.0,0.0,0.0357142857142857,0.0,0.0,0.0,0.0,0.0,0.0,0.0,0.0357142857142857,0.0,0.0,0.0,0.0,0.0,0.0,0.0,0.0,0.0,0.0,0.0,0.0,0.0357142857142857,0.0,0.0,0.0,0.0,0.0,0.0,0.0,0.0,0.0,0.0,0.0,0.0,0.0,0.0,0.0,0.0,0.0,0.0,0.0,0.0,0.0,0.0357142857142857,0.0,0.0,0.0,0.0,0.0,0.0,0.0,0.0,0.0,0.0,0.0,0.0,0.0,0.0,0.0,0.0,0.0,0.0,0.0,0.0,0.0,0.0,0.0,0.0,0.0357142857142857,0.0,0.0,0.0357142857142857,0.0,0.0,0.0,0.0,0.0,0.0,0.0,0.0,0.0,0.0,0.0,0.0,0.0,0.0,0.0,0.0,0.0,0.0,0.0,0.0,0.0,0.0,0.0,0.0,0.0,0.0,0.0,0.0,0.0,0.0,0.0,0.0,0.0,0.0,0.0,0.0,0.0,0.0,0.0,0.0,0.0,0.0,0.0357142857142857,0.0,0.0,0.0,0.0,0.0,0.0,0.0,0.0,0.0,0.0,0.0,0.0,0.0,0.0,0.0,0.0,0.0,0.0,0.0,0.0,0.0,0.0,0.0,0.0,0.0,0.0,0.0,0.0,0.0,0.0,0.0,0.0,0.0,0.0,0.0,0.0,0.0,0.0,0.0,0.0,0.0,0.0,0.0,0.0,0.0,0.0,0.0,0.0,0.0,0.0,0.0,0.0,0.0,0.0,0.0,0.0,0.0,0.0,0.0,0.0,0.0,0.0,0.0,0.0,0.0
AM,0.0,0.0,0.0,0.0,0.0,0.0,1.7242114236999146,0.0,0.0,0.0017050298380221,0.0042625745950554,0.0,0.0,0.0,0.0,0.0,0.0,0.0025575447570332,0.0,0.0,0.0,0.0,0.0,0.0,0.0,0.0,0.0,0.0,0.0,0.0,0.0,0.0,0.0,0.0,0.0042625745950554,0.0,0.0,0.0,0.0,0.0,0.0,0.0,0.0,0.0,0.0,0.0,0.0,0.0,0.0,0.0,0.0,0.0,0.0,0.0059676044330775,0.0,0.0,0.0,0.0,0.0,0.0,0.0,0.0,0.0,0.0,0.0076726342710997,0.0,0.0,0.0,0.0,0.0,0.0059676044330775,0.0,0.0042625745950554,0.0,0.0,0.0,0.0,0.0,0.0,0.0,0.0,0.0,0.0,0.0,0.0,0.0,0.0,0.0,0.0,0.0,0.0,0.0,0.0,0.0017050298380221,0.0,0.0,0.0,0.0,0.0,0.0,0.0,0.0093776641091219,0.0,0.0,0.0,0.0,0.0,0.0,0.0,0.0,0.0,0.0,0.0,0.0042625745950554,0.0,0.0,0.0,0.0,0.0,0.0,0.0,0.0,0.0,0.0,0.0,0.0,0.0,0.0,0.0,0.0,0.0,0.0,0.0,0.0,0.0,0.0,0.0,0.0,0.0,0.0,0.0,0.0,0.0,0.0,0.0,0.0,0.0,0.0,0.0,0.0,0.0,0.0,0.0,0.0,0.0,0.0017050298380221,0.0,0.0,0.0,0.0,0.0,0.0,0.0,0.0,0.0,0.0,0.0,0.0,0.0,0.0,0.0,0.0,0.0,0.0,0.0,0.0,0.0,0.0017050298380221,0.0,0.0,0.0,0.0,0.0,0.0,0.0,0.0017050298380221,0.0,0.0,0.0,0.0,0.0,0.0,0.0,0.0,0.0,0.0,0.0,0.0,0.0,0.0,0.0,0.0,0.0,0.0,0.0,0.0,0.0,0.0,0.0,0.0,0.0,0.0,0.0,0.0,0.0,0.0,0.0,0.0,0.6666666666666666,0.0,0.0,0.0,0.0,0.0,0.0,0.0,0.0,0.0,0.0,0.0,0.0,0.0,0.0
AO,0.0,0.0,0.0,0.0,0.0,0.0,0.0,0.0,0.0,0.0,0.0,0.0,0.0,0.0,0.0,0.0,0.0,0.0,0.0,0.0,0.0,0.0,0.0,0.0,0.0,0.0,0.0,0.0,0.0,0.0,0.0,0.0,0.0,0.0,0.0,0.0,0.0,0.0,0.0,0.0,0.0,0.0,0.0,0.0,0.0,0.0,0.0,0.0,0.0,0.0,0.0,0.0,0.0,0.0,0.0,0.0,0.0,0.0,0.0,0.0,0.0,0.0,0.0,0.0,0.0,0.0,0.0,0.0,0.0,0.0,0.0,0.0,0.0,0.0,0.0,0.0,0.0,0.0,0.0,0.0,0.0,0.0,0.0,0.0,0.0,0.0,0.0,0.0,0.0,0.0,0.0,0.0,0.0,0.0,0.0,0.0,0.0,0.0,0.0,0.0,0.0,0.0,0.0,0.0,0.0,0.0,0.0,0.0,0.0,0.0,0.0,0.0,0.0,0.0,0.0,0.0,0.0,0.0,0.0,0.0,0.0,0.0,0.0,0.0,0.0,0.0,0.0,0.0,0.0,0.0,0.0,0.0,0.0,0.0,0.0,0.0,0.0,0.0,0.0,0.0,0.0,0.0,0.0,0.0,0.0,0.0,0.0,0.0,0.0,0.0,0.0,0.0,0.0,0.0,0.0,0.0,0.0,0.0,0.0,0.0,0.0,0.0,0.0,0.0,0.0,0.0,0.0,0.0,0.0,0.0,0.0,0.0,0.0,0.0,0.0,0.0,0.0,0.0,0.0,0.0,0.0,0.0,0.0,0.0,0.0,0.0,0.0,0.0,0.0,0.0,0.0,0.0,0.0,0.0,0.0,0.0,0.0,0.0,0.0,0.0,0.0,0.0,0.0,0.0,0.0,0.0,0.0,0.0,0.0,0.0,0.0,0.0,0.0,0.0,0.0,0.0,0.0,0.0,0.0,0.0,0.0,0.0,0.0,0.0,0.0,0.0,0.0,0.0,0.0,0.0,0.0,0.0,0.0
AR,0.0,0.0013231942633861,0.0,0.0,0.0,0.0,0.0,0.0,46.277904233271464,0.07368690253396559,0.2890795618825814,0.0,0.0,0.0,0.0033085604119692,0.0,0.0002553626149131,0.1696100960865798,0.0,0.0035504934669629,0.0,0.0,0.0,0.0,0.0,0.0,0.0,1.6817059866520867,0.0,0.0,0.0,0.0,0.0001338240214118,0.0,0.3094963405461702,0.0,0.0005107252298263,0.0,0.0,0.12005506260440221,0.0003912363067292,0.0,0.7484832399103868,0.0002553626149131,0.5754464282477755,0.2325785143988047,0.0002553626149131,0.0474797446984767,0.0,0.0,0.0,0.0,0.1035813076810707,0.2905256670658535,0.0,0.0458888917733321,0.0,0.0002553626149131,0.0002553626149131,0.0,0.0184325237068035,0.0190246712714956,0.0,0.0,1.1111112991564482,0.0,0.0372060288867071,0.0,0.0,0.0,1.5655131668964684,0.0,1.391554616193761,0.0,0.000392705200277,0.0,0.0,0.0002553626149131,0.0,0.0,0.0,0.0,0.0,0.0,0.1429143147253796,0.0002553626149131,0.0,0.0,0.0,0.0380229781623394,0.0,0.0829910396665336,1.000805449662482,0.0431941309356624,0.2008157327742517,0.0,0.057963238995943696,0.0,0.0,0.0002947244326554,0.0002553626149131,0.5419597214852043,0.0,0.0,0.0038703391876362,0.4750357621887837,0.0017844704809991002,0.0002553626149131,0.0,0.0,0.0,0.0,0.0,0.29343668722152383,0.000191570881226,0.0,0.0,0.0,0.0095860461331362,0.0,0.0,0.0002947244326554,0.0,0.0,0.0131206983065054,0.000767630963414,0.011298525172497902,0.0,0.0018026894201403,0.0,0.0,0.0001903674090995,0.0,0.0,0.0,0.0,0.0,0.0,0.0,0.0,0.0,0.0,0.0,0.0,0.0,0.0,0.4436700370034178,0.024838398333467,0.0,0.0,0.0,0.0,0.0,0.0019449855753613,0.0,0.2254803735043363,0.0896146419719121,0.0005107252298263,0.0,0.0,0.1099832412910302,0.000191570881226,0.0,0.0569309254188474,0.0,0.0,0.0065328999805929,0.0010757441791924,0.0851726421499929,0.0,0.0,0.0,0.2313209612460991,0.0,0.0,0.003431826389572835,0.0,0.0698422408219613,0.0361885460559917,0.033620504158714204,0.0,0.0048234568251233,0.0,0.0,0.0002553626149131,0.0650409022390552,0.0107898028966583,0.0,0.014908382068260199,0.0,0.0166880716676978,0.0,0.0,0.0,0.0,0.0,0.0,0.0,0.0,0.0,0.0,0.0,0.0,0.0,0.0,0.054058972046514206,0.0,0.0,0.0,0.0005894488653109,0.0,0.2873324617955067,0.0,0.0,0.2426207548528308,0.0,0.010002999032803401,0.000175948640303,6.6785307516920565,0.0109890109890109,0.0,0.0,0.0,0.0,0.0,0.0017866204896406002,0.0,0.0,0.0,0.0,0.034185194848588,0.0002947244326554,0.0
AT,0.0,0.006694662970323927,0.0,0.0,0.0,0.0,0.0017050298380221,0.0,0.07368690253396559,281.12223049045076,1.0969865203052405,0.0,0.0,0.0,0.0004967008799003,0.0,0.0033333333333333,3.8138054425512324,0.0,0.0503893615546631,0.0,0.0,0.0,0.0,0.0,0.0,0.0,1.2226646468930173,0.0,0.0,0.0,0.0,0.0,0.0,0.3875758422394804,0.0,0.0,0.0,0.0,5.9988378005704766,0.0,0.0,0.0305535724723199,0.0,0.4938496636611064,0.040263928352781204,0.0,0.0005120327700972,0.0,0.0,0.0,0.0001730702665282,0.802986023914993,21.694920463607843,0.0,1.157797872540966,0.0,0.0001316309069369,0.0,0.0,0.0685151749132991,0.0187089093666641,0.0,0.0,3.4295976206554495,0.0086580086580086,0.3192753746052769,0.0,0.0,0.0,5.627747799383472,0.0,1.9642612821640413,0.0,0.0066725935535754,0.0,0.0,0.1666666666666666,0.0,0.0,0.0,0.0,0.0,0.0,0.5757352339142294,0.0,0.0,0.0,0.0,0.025467689981279303,0.0,0.2075392279042528,0.0001473622163277,0.217036639554719,0.697139501358282,0.0,6.395182263879247,0.0,0.0,0.0001473622163277,0.0,3.9089567782162247,0.0,0.6666666666666666,0.0102413021133873,0.6940486612233194,0.0039283244186927,0.0,0.0,0.0,0.0,0.0,0.0,0.4318960116635175,9.578544061302682e-05,0.0,0.0014423076923076,0.0,0.0038955493782872,0.0,0.0,0.0001473622163277,0.0,0.0,0.3614699598133684,0.0006009641972148,0.3633154026758465,0.0,0.0013631676874523,0.0,0.0,0.0,0.0,0.0,0.0,0.0,0.0,0.0,0.0,0.0,0.0,0.0,0.0,0.0,0.0,0.0,0.6976400151328053,0.024193367895922,0.0,0.0,0.0,0.0,0.0,0.0005894488653109,0.0001463200507242,2.085126669762353,1.2597418310670148,0.0,0.0,0.0,0.0221306580353951,9.578544061302682e-05,0.0005120327700972,0.0025867200668411,0.0,0.0,0.0032379502064063,0.0028367226643087997,0.6998270714746876,0.0,0.0,0.0,0.2223768659679446,0.0,0.0,0.0,0.0,0.1281415152182625,0.2592017823894438,1.1507838813790237,0.0,0.0015973937047805,0.0,0.0,0.0,1.2608255099388583,0.0636625451553153,0.0,1.3887627528238198,0.0,0.6864379196358094,0.0,0.0,0.0,0.0,0.0,0.0,0.0,0.0,0.0,0.0,0.0,0.0,0.0,0.0,0.0363987311396591,0.0,0.0,0.0,0.0002947244326554,0.0,0.359560783277659,0.0,0.0,0.277379335709826,0.0,0.0228716116211737,0.0002478142830322,17.90109471766042,0.0,0.0,0.0,0.0,0.0,0.0,0.0001316309069369,0.0,0.0,0.0,0.0,0.0065578240030822,1.0001473622163277,0.0
AU,0.0,0.0020481310803891,0.0,0.0,0.0,0.0,0.0042625745950554,0.0,0.2890795618825814,1.0969865203052405,1804.4203118665455,0.0,0.0,0.0,0.0226813451999403,0.0015290519877675,0.0,5.877747308789236,0.0,0.0355874327489809,0.0,0.0,0.0,0.0,0.0,0.0,0.0,2.575477931331711,0.0,0.0,0.0,0.0,0.0019172656643382,0.0,15.948602192886936,0.0,0.0,0.0,0.0,9.002199568438737,0.0007824726134585,0.0,0.25668860842585417,0.0,26.62247046042127,0.0655214333157899,0.0,0.0020481310803891,0.0,0.0,0.0,0.0004345936549326,0.6254786921672,13.309958282145328,0.0,4.4021026064713,0.0,0.0002193848448949,0.0,0.0,0.0194790573294202,0.0041062225977327,0.0,0.0,15.066324696196213,0.0,0.232442133559433,0.0,0.0,0.0,10.368524753740791,0.0,32.90361230411114,0.0,0.4148254048885875,0.0,0.0,0.0,0.0,0.0,0.0,0.0,0.0,0.0,1.7079790593742392,0.0,0.0,0.0,0.0,0.7442528155013443,0.0,0.6765004486122398,0.0,0.7528890329066126,4.423817715303672,0.0,4.953668270107941,0.0,0.0,0.0,0.0006988120195667,6.786731175370438,0.0,0.0015290519877675,0.0330239615049741,8.819139658645787,0.0051903662282894,0.0,0.0,0.0,0.0,0.0,0.0,10.91945776261594,0.0,0.0,0.0,0.0,1.1710952252370908,0.0,0.0,1.0,0.0,0.0,0.0350463035376466,0.0025571132374252997,0.0168979538090673,0.0,0.0009118541033434,0.0,0.0161228576364822,0.002020202020202,0.0,0.0,0.0,0.0,0.0,0.0,0.0,0.0,0.0,0.0,0.0,0.0,0.0,0.0,0.12127593937297171,0.5507133648255198,0.0,0.0,0.0,0.0,0.0,1.1727828746177371,0.0004877335024142,6.3620945509235085,2.0692409409593266,0.0,0.0,0.0,11.390534072861463,0.0,0.0377624167946748,0.024600298049821098,0.0,0.6666666666666666,0.0297314947978997,0.0022988505747126,1.4545962989783892,0.0,0.0,0.0,0.2866648102910015,0.0,0.0,0.0,0.0,0.1383116742406058,0.0650069507831164,0.2964256292572838,0.0,0.018546662952816803,0.0,0.0,0.0,6.151512633322723,2.5570271991760944,0.0,0.0197796019384312,0.0,0.0772284644182312,0.0,0.0,0.0,0.0,0.0,0.0,0.0,0.0,0.0,0.0,0.0,0.0,0.0,0.0,0.2456570144256931,0.0,0.0,0.0,0.0010570824524312,0.0,1.2684173202282132,0.0,0.0,4.531797520920499,0.0,0.12358374029580141,0.0005679349731807,169.49779342352434,0.0043010752688172,0.0,0.0,0.0,0.0,0.0,0.3342669467126458,0.0,0.0,0.0,0.0,0.4734758840488081,0.0,0.0
AW,0.0,0.0,0.0,0.0,0.0,0.0,0.0,0.0,0.0,0.0,0.0,0.0,0.0,0.0,0.0,0.0,0.0,0.0,0.0,0.0,0.0,0.0,0.0,0.0,0.0,0.0,0.0,0.0,0.0,0.0,0.0,0.0,0.0,0.0,0.0,0.0,0.0,0.0,0.0,0.0,0.0,0.0,0.0,0.0,0.0,0.0,0.0,0.0,0.0,0.0,0.0,0.0,0.0,0.0,0.0,0.0,0.0,0.0,0.0,0.0,0.0,0.0,0.0,0.0,0.0,0.0,0.0,0.0,0.0,0.0,0.0,0.0,0.0,0.0,0.0,0.0,0.0,0.0,0.0,0.0,0.0,0.0,0.0,0.0,0.0,0.0,0.0,0.0,0.0,0.0,0.0,0.0,0.0,0.0,0.0,0.0,0.0,0.0,0.0,0.0,0.0,0.0,0.0,0.0,0.0,0.0,0.0,0.0,0.0,0.0,0.0,0.0,0.0,0.0,0.0,0.0,0.0,0.0,0.0,0.0,0.0,0.0,0.0,0.0,0.0,0.0,0.0,0.0,0.0,0.0,0.0,0.0,0.0,0.0,0.0,0.0,0.0,0.0,0.0,0.0,0.0,0.0,0.0,0.0,0.0,0.0,0.0,0.0,0.0,0.0,0.0,0.0,0.0,0.0,0.0,0.0,0.0,0.0,0.0,0.0,0.0,0.0,0.0,0.0,0.0,0.0,0.0,0.0,0.0,0.0,0.0,0.0,0.0,0.0,0.0,0.0,0.0,0.0,0.0,0.0,0.0,0.0,0.0,0.0,0.0,0.0,0.0,0.0,0.0,0.0,0.0,0.0,0.0,0.0,0.0,0.0,0.0,0.0,0.0,0.0,0.0,0.0,0.0,0.0,0.0,0.0,0.0,0.0,0.0,0.0,0.0,0.0,0.0,0.0,0.0,0.0,0.0,0.0,0.0,0.0,0.0,0.0,0.0,0.0,0.0,0.0,0.0,0.0,0.0,0.0,0.0,0.0,0.0
AX,0.0,0.0,0.0,0.0,0.0,0.0,0.0,0.0,0.0,0.0,0.0,0.0,0.0,0.0,0.0,0.0,0.0,0.0,0.0,0.0,0.0,0.0,0.0,0.0,0.0,0.0,0.0,0.0,0.0,0.0,0.0,0.0,0.0,0.0,0.0,0.0,0.0,0.0,0.0,0.0,0.0,0.0,0.0,0.0,0.0,0.0,0.0,0.0,0.0,0.0,0.0,0.0,0.0,0.0,0.0,0.0,0.0,0.0,0.0,0.0,0.0,0.0,0.0,0.0,0.0,0.0,0.0,0.0,0.0,0.0,0.0,0.0,0.0,0.0,0.0,0.0,0.0,0.0,0.0,0.0,0.0,0.0,0.0,0.0,0.0,0.0,0.0,0.0,0.0,0.0,0.0,0.0,0.0,0.0,0.0,0.0,0.0,0.0,0.0,0.0,0.0,0.0,0.0,0.0,0.0,0.0,0.0,0.0,0.0,0.0,0.0,0.0,0.0,0.0,0.0,0.0,0.0,0.0,0.0,0.0,0.0,0.0,0.0,0.0,0.0,0.0,0.0,0.0,0.0,0.0,0.0,0.0,0.0,0.0,0.0,0.0,0.0,0.0,0.0,0.0,0.0,0.0,0.0,0.0,0.0,0.0,0.0,0.0,0.0,0.0,0.0,0.0,0.0,0.0,0.0,0.0,0.0,0.0,0.0,0.0,0.0,0.0,0.0,0.0,0.0,0.0,0.0,0.0,0.0,0.0,0.0,0.0,0.0,0.0,0.0,0.0,0.0,0.0,0.0,0.0,0.0,0.0,0.0,0.0,0.0,0.0,0.0,0.0,0.0,0.0,0.0,0.0,0.0,0.0,0.0,0.0,0.0,0.0,0.0,0.0,0.0,0.0,0.0,0.0,0.0,0.0,0.0,0.0,0.0,0.0,0.0,0.0,0.0,0.0,0.0,0.0,0.0,0.0,0.0,0.0,0.0,0.0,0.0,0.0,0.0,0.0,0.0,0.0,0.0,0.0,0.0,0.0,0.0
AZ,0.0,0.0,0.0,0.0,0.0,0.0,0.0,0.0,0.0,0.0,0.0,0.0,0.0,2.0,0.0,0.0,0.0,0.0,0.0,0.0,0.0,0.0,0.0,0.0,0.0,0.0,0.0,0.0,0.0,0.0,0.0,0.0,0.0,0.0,0.0,0.0,0.0,0.0,0.0,0.0,0.0,0.0,0.0,0.0,0.0,0.0,0.0,0.0,0.0,0.0,0.0,0.0,0.0,0.0,0.0,0.0,0.0,0.0,0.0,0.0,0.0,0.0,0.0,0.0,0.0,0.0,0.0,0.0,0.0,0.0,0.0,0.0,0.0,0.0,0.0,0.0,0.0,0.0,0.0,0.0,0.0,0.0,0.0,0.0,0.0,0.0,0.0,0.0,0.0,0.0,0.0,0.0,0.0,0.0,0.0,0.0,0.0,0.0,0.0,0.0,0.0,0.0,0.0,0.0,0.0,0.0,0.0,0.0,0.0,0.0,0.0,0.0,0.0,0.0,0.0,0.0,0.0,0.0,0.0,0.0,0.0,0.0,0.0,0.0,0.0,0.0,0.0,0.0,0.0,0.0,0.0,0.0,0.0,0.0,0.0,0.0,0.0,0.0,0.0,0.0,0.0,0.0,0.0,0.0,0.0,0.0,0.0,0.0,0.0,0.0,0.0,0.0,0.0,0.0,0.0,0.0,0.0,0.0,0.0,0.0,0.0,0.0,0.0,0.0,0.0,0.0,0.0,0.0,0.0,0.0,0.0,0.0,0.0,0.0,0.0,0.0,0.0,0.0,0.0,0.0,0.0,0.0,0.0,0.0,0.0,0.0,0.0,0.0,0.0,0.0,0.0,0.0,0.0,0.0,0.0,0.0,0.0,0.0,0.0,0.0,0.0,0.0,0.0,0.0,0.0,0.0,0.0,0.0,0.0,0.0,0.0,0.0,0.0,0.0,0.0,0.0,0.0,0.0,0.0,0.0,0.0,0.0,0.0,0.0,0.0,0.0,0.0,0.0,0.0,0.0,0.0,0.0,0.0
BA,0.0,0.0,0.0,0.0,0.0,0.0,0.0,0.0,0.0033085604119692,0.0004967008799003,0.0226813451999403,0.0,0.0,0.0,6.180688762651795,0.0,0.0,0.0022840303297597,0.0,0.0045977011494252,0.0,0.0,0.0,0.0,0.0,0.0,0.0,0.026077389045190302,0.0,0.0,0.0,0.0,0.0045977011494252,0.0,0.038179618937505204,0.0,0.0,0.0,0.0,0.0009404568302641999,0.0,0.0,0.0012383135291966568,0.0,0.0116505802640797,1.9363896015878397e-05,0.0,0.0003807348181991,0.0,0.0,0.0,0.0,0.0158619785073934,0.038837390725388304,0.0,0.0101534839060239,0.0,0.0,0.0,0.0,0.0037097123970934,0.00026416208144961357,0.0,0.0,0.0989327548017229,0.0,0.0010922748289410567,0.0,0.0,0.0,0.0179141505633577,0.0,0.0077142988472645915,0.0,0.0001460387002555,0.0,0.0,0.0,0.0,0.0,0.0,0.0,0.0,0.0,0.0140195510909541,0.0,0.0,0.0,0.0,1.031251617175648,0.0,0.0094766347250937,0.0,0.0005018476384114001,0.0566450679437505,0.0,0.032820241007753,0.0,0.0,0.0,0.0,0.0819482400176329,0.0,0.0,0.0,0.0055988977166866,0.0066860305626825,0.0,0.0,0.0,0.0,0.0,0.0,0.036782747220636104,0.0,0.0,0.0,0.0,0.0003805175038051,0.0,0.0,0.0,0.0,0.0,0.0017088174982911,0.0,0.0092147661948664,0.0,0.0011422044545973,0.0,0.0578677136816671,0.0003807348181991,0.0,0.0,0.0,0.0,0.0,0.0,0.0,0.0,0.0,0.0,0.0,0.0,0.0,0.0,0.0013071724220808784,0.0173056840387787,0.0,0.0,0.0,0.0,0.0,0.0,0.0,0.012698358899803999,0.0,0.0,0.0,0.0,0.0099667774086378,0.0,0.0,0.0003807348181991,0.0,0.0,0.0081862412781914,0.0,0.0131209404810276,0.0,0.0,0.0,0.0088047632058114,0.0,0.0,0.0,0.0,0.1266699987023269,0.3738600998981329,0.0163976514957638,0.0,0.0,0.0,0.0,0.0,0.0074636449680831,0.0141521842522991,0.0,0.0001654025962713784,0.0,0.0046557928374729,0.0,0.0,0.0,0.0,0.0,0.0,0.0,0.0,0.0,0.0,0.0,0.0,0.0,0.0,0.0098924921729396,0.0,0.0,0.0,0.0,0.0,0.0727320271855408,0.0,0.0,0.0122339493991548,0.0,0.0127798285834582,3.872779203175679e-05,1.5437718601584571,0.0,0.0,0.0,0.0,0.0,0.0,0.0040485829959514,0.0,0.0,0.0,0.0,0.0147416388807818,0.0,0.0
BB,0.0,0.0,0.0,0.0,0.0,0.0,0.0,0.0,0.0,0.0,0.0015290519877675,0.0,0.0,0.0,0.0,0.1721947776993648,0.0,0.0,0.0128205128205128,0.0,0.0,0.0,0.0128205128205128,0.0,0.0,0.0,0.0,0.0001698946653075,0.0,0.0,0.0,0.0,0.0,0.0,0.0011892626571525,0.0,0.0,0.0,0.0,0.0008494733265375,0.0,0.0,0.0,0.0,0.0,0.0,0.0,0.0,0.0,0.0,0.0,0.0,0.0,0.0,0.0,0.0,0.0,0.0,0.0,0.0,0.0,0.0,0.0,0.0,0.0020387359836901,0.0,0.0,0.0,0.0,0.0,0.0,0.0,0.0022086306489976,0.0,0.0,0.0,0.0,0.0,0.0,0.0,0.0,0.0,0.0,0.0,0.0,0.0,0.0,0.0,0.0,0.0,0.0128205128205128,0.0,0.0,0.00067957866123,0.0,0.0,0.0,0.0,0.0,0.0,0.0,0.0,0.0,0.0129904074858203,0.0,0.0,0.0258109203063331,0.0,0.0,0.0,0.0,0.0,0.0,0.0,0.0,0.0,0.0,0.0,0.0,0.0,0.0,0.0,0.0,0.0,0.0,0.0,0.0,0.0,0.0,0.0,0.0,0.0,0.0,0.0,0.0,0.0,0.0,0.0,0.0,0.0,0.0,0.0,0.0,0.0,0.0,0.0,0.0,0.0,0.0,0.0128205128205128,0.0,0.0,0.0,0.00067957866123,0.0,0.0,0.0001698946653075,0.0,0.0,0.0,0.0,0.0,0.0,0.0,0.0,0.0,0.0,0.0,0.0,0.0,0.0,0.0,0.0,0.0,0.0,0.0,0.0,0.0,0.0,0.0,0.0,0.0,0.0,0.0,0.0,0.0005096839959225,0.0,0.0,0.0,0.0,0.0,0.0,0.0,0.0,0.0,0.0,0.0,0.0,0.0,0.0,0.0,0.0,0.0,0.0,0.0,0.0,0.0,0.0,0.0,0.0,0.0,0.0,0.0,0.0,0.0,0.0,0.0,0.0,0.0715779293760945,0.0,0.0,0.0,0.0,0.0,0.0,0.0,0.0,0.0,0.0,0.0,0.0005096839959225,0.0,0.0
BD,0.0,0.0,0.0,0.0,0.0,0.0,0.0,0.0,0.0002553626149131,0.0033333333333333,0.0,0.0,0.0,0.0,0.0,0.0,32.76437667201712,0.0002553626149131,0.0,0.0002553626149131,0.0,0.0,0.0,0.0,0.0,0.0,0.0,0.0005107252298263,0.0,0.0,0.0,0.0,0.0,0.0,0.0035886959482464,0.0,0.0156622403813414,0.0,0.0,0.0514631061822072,0.0,0.0,0.0007660878447395,0.0002553626149131,1.0,0.0007660878447395,0.0002553626149131,0.0,0.0,0.0,0.0,0.0,0.0,1.0509523809523809,0.0,0.0033333333333333,0.0,0.0002553626149131,0.0002553626149131,0.0,0.0,0.0,0.0,0.0,0.0061423220973782,0.0,0.0,0.0,0.0,0.0,0.0035886959482464,0.0,1.9296925920521426,0.0,0.0,0.0,0.0,0.1630259253854759,0.0,0.0,0.0,0.0,0.0,0.0,0.0035886959482464,0.0002553626149131,0.0,0.0,0.0,0.0,0.0,0.0,0.0005107252298263,0.0,0.0002553626149131,0.0,1.1145410769006274,0.0,0.0,0.0,0.0002553626149131,0.0166666666666666,0.0,0.0,0.0002553626149131,0.0025536261491317,0.0035886959482464,0.0002553626149131,0.0,0.0,0.0,0.0,0.0,0.0192509363295879,0.0,0.0,0.0,0.0,0.0,0.0,0.0,0.0,0.0,0.0,0.0002553626149131,0.0,0.0002553626149131,0.0,0.0,0.0,0.0,0.0,0.0,0.0,0.0,0.0,0.0476190476190476,0.0,0.0,0.0,0.0,0.0,0.0,0.0,0.0,0.0,0.0005107252298263,0.0002553626149131,0.0,0.0,0.0,0.0,0.0,0.0007660878447395,0.0,0.5,0.0,0.0156622403813414,0.0,0.0,0.0,0.0,0.0,0.0005107252298263,0.0,0.0,0.0,0.2246753246753245,0.0,0.0,0.0,0.0,0.0040994211780728,0.0,0.0,0.0,0.0,0.0,0.0,0.0,0.0,0.0,0.0,0.0,0.0002553626149131,0.0154068777664282,0.0002553626149131,0.0,0.0,0.0,0.1666666666666666,0.0151515151515151,0.0,0.0,0.0,0.0,0.0,0.0,0.0,0.0,0.0,0.0,0.0,0.0,0.0,0.0,0.0,0.0,0.0,0.0,0.0,0.0002553626149131,0.0,0.0,0.0002553626149131,0.0627705627705627,0.0,0.5,1.248878350114305,0.0,0.0,0.0,0.0,0.0,0.0,0.0002553626149131,0.0,0.0,0.0,0.0,0.0002553626149131,0.0151515151515151,0.0
BE,0.0,0.0023436102491077,0.0,0.0,0.0,0.0,0.0025575447570332,0.0,0.1696100960865798,3.8138054425512324,5.877747308789236,0.0,0.0,0.0,0.0022840303297597,0.0,0.0002553626149131,984.3725037265502,0.6666666666666666,0.0401266398740857,0.0,0.0,0.0,0.0,0.0,0.0,0.0,1.340816701232274,0.0,0.0,0.0,0.0,0.0001003680160588,0.0,2.224891908643958,0.0,0.0005107252298263,0.0,0.0,7.810958050469943,0.0,0.0,0.057611888832228904,0.0002553626149131,2.7074093485510167,0.030381637234162803,0.0002553626149131,0.0020481310803891,0.0,0.0,0.0,0.8187153041501212,2.3831941035774413,18.95791168619778,0.0,6.658698477771071,0.0,0.00029923958389208293,0.0002553626149131,0.2714285714285714,0.5934565651312722,0.056750305925839004,0.0,0.0,23.760445536250934,0.0086580086580086,1.0547967947320123,0.0,0.0,0.0,33.38821128545234,0.0,26.465932897915977,0.0,0.0105825786999175,0.0,0.0,0.0002553626149131,0.0,0.0,0.0,0.0,0.0,0.0,1.8924958218992303,0.0002553626149131,0.1666666666666666,0.0,0.0,0.0755160609606392,0.0,0.4532881015579089,0.0008054496624818,2.3194482327266885,1.4819753827842252,0.0,2.4365932208338865,0.0,0.0,0.0002947244326554,0.14021213861287898,14.853452282003072,0.0,0.0,0.0701326647874137,3.152766296465586,1.0023587565700198,0.0002553626149131,0.0,0.0,0.0,0.0,0.0,3.568194208099753,0.0,0.0,0.0024038461538461,0.0,0.17797582445318558,0.0,0.0,0.0002947244326554,0.0,0.0,0.2574810912265927,0.9249440978141199,0.19647403470220282,0.0,0.0022748975360521997,0.0010928961748633,0.058080808080808,0.0,0.0,0.3333333333333333,0.0,0.0,0.0,0.0,0.0,1.3333333333333333,0.0,0.0,0.0,0.0,0.0,0.0,0.042637333111930395,0.1337332726355386,0.0,0.0,0.0,0.0,0.0,0.3358124784087214,0.0002438667512071,46.716399949380815,2.811894235338856,0.0005107252298263,0.0,0.0,0.055865227996850605,0.0,0.0020481310803891,0.0147115212875732,0.0,0.0,0.0081640949033071,0.0008841732979664,2.497937378002485,0.0,0.0,0.0,3.237937984108079,0.0,0.0,0.0002954791687186,0.0,0.09520499033070781,0.0538065965599866,0.2474538266602272,1.0,0.1708797085577432,0.0,0.0,0.0002553626149131,4.543181990173615,0.9698421915039177,0.0,0.4998410035609957,0.0,0.0744917200680695,0.0,0.0,0.0,0.0,0.0,0.0,0.0,0.0,0.0,0.0,0.0,0.0,0.0,0.0,0.0933205843596306,0.0,0.0,0.0,0.0005894488653109,0.0,0.6567060347792906,0.0,0.0,0.9326572607312098,0.0,0.038028302895369695,0.0004942673058246,91.08723467787765,0.0043010752688172,0.0,0.0,0.0,0.0,0.0,0.004034114770113583,0.0,0.0,0.0,0.0,1.0627952322146843,0.0002947244326554,0.0
BF,0.0,0.0,0.0,0.0,0.0,0.0,0.0,0.0,0.0,0.0,0.0,0.0,0.0,0.0,0.0,0.0128205128205128,0.0,0.6666666666666666,1.8205128205128205,0.0,0.0,0.0,0.0128205128205128,0.0,0.0,0.0,0.0,0.0,0.0,0.0,0.0,0.0,0.0,0.0,0.0,0.0,0.1333333333333333,0.0,0.0,0.0,0.0666666666666666,0.0,0.0,0.0,0.0,0.0,0.0,0.0,0.0,0.0,0.0,0.0,0.0,0.0,0.0,0.0,0.0,0.0,0.0,0.0,0.0,0.0,0.0,0.0,0.0,0.0,0.0,0.0,0.0,0.0,0.0,0.0,0.0,0.0,0.0,0.0,0.0,0.0,0.0,0.0,0.0,0.0,0.0,0.0,0.0,0.0,0.0,0.0,0.0,0.0,0.0128205128205128,0.0,0.0,0.0,0.0,0.0,0.0,0.0,0.0,0.0,0.0,0.0,0.0,0.0128205128205128,0.0,0.0,0.0256410256410256,0.0,0.0,0.0,0.0,0.0,0.0,0.0,0.0,0.0,0.0,0.0,0.0,0.0,0.0,0.0,0.0,0.0,0.0,0.0,0.0,0.0,0.0,0.0,0.0,0.0,0.0,0.0,0.0,0.0,0.0,0.0,0.0,0.0,0.0,0.0,0.0,0.0,0.0,0.0,0.0,0.0,0.0,0.0128205128205128,0.0,0.0,0.0,0.0,0.0,0.0,0.0,0.0,0.0,0.0,0.0,0.0,0.0,0.0,0.0,0.0,0.0,0.0,0.0,0.0,0.0,0.0,0.0,0.0,0.0,0.0,0.0,0.0,0.0,0.0,0.6666666666666666,0.0,0.0,0.0,0.0,0.0,0.0,0.0,0.0,0.0,0.0,0.0,0.0,0.0666666666666666,0.0,0.0,0.0,0.0,0.0,0.0,0.0,0.0,0.0,0.0,0.0666666666666666,0.0,0.0,0.0,0.0,0.0,0.0,0.0,0.0,0.0,0.0,0.0,0.0,0.0,0.0641025641025641,0.0,0.0,0.0,0.0,0.0,0.0,0.0,0.0,0.0,0.0,0.0,0.0,0.0,0.0
BG,0.0,0.0006078182107102268,0.0,0.0,0.0,0.0,0.0,0.0,0.0035504934669629,0.0503893615546631,0.0355874327489809,0.0,0.0,0.0,0.0045977011494252,0.0,0.0002553626149131,0.0401266398740857,0.0,4.681159860437154,0.0,0.0,0.0,0.0,0.0,0.0,0.0,0.024337895889893102,0.0,0.0,0.0,0.0,0.0029049111807732,0.0,0.0225209800316387,0.0,0.0005107252298263,0.0,0.0,0.6821320133973466,0.0,0.0,0.0023361519062111,0.0002553626149131,0.1216650606915152,0.0018165958339588,0.0002553626149131,0.0005120327700972,0.0,0.0,0.0,0.0,0.12687984492243698,0.0651203386265009,0.0,0.030841798992236203,0.0,0.00029923958389208293,0.0002553626149131,0.0,0.0400827770167098,0.0,0.0,0.0,0.1192489816602618,0.0,0.0094347056882792,0.0,0.0,0.0,0.0448532529354168,0.0,0.0940079737329624,0.0,0.0141148056041672,0.0,0.0,0.0002553626149131,0.0,0.0,0.0,0.0,0.0,0.0,0.0554932319991309,0.0002553626149131,0.0,0.0,0.0,0.0149641111651567,0.0,0.057121544760402,0.0005107252298263,0.0058859654868844,0.0310431283564462,0.0,0.0082802307198249,0.0,0.0,0.0,0.0002553626149131,0.1082087429429161,0.0,0.0,0.0002553626149131,0.0473250426819449,0.00029923958389208293,0.0002553626149131,0.0,0.0,0.0,0.0,0.0,0.1347508888717316,9.578544061302682e-05,0.0,0.0,0.0,0.0016917934344556,0.0,0.0,0.0,0.0,0.0,0.0235727835646784,0.0,0.0248572632315282,0.0,0.0,0.0,0.0,0.0,0.0,0.0,0.0,0.0,0.0,0.0,0.0,0.0,0.0,0.0,0.0,0.0,0.0,0.0,0.002521671852223,0.0114831349534796,0.0,0.0,0.0,0.0,0.0,0.0007660878447395,0.0,0.009203736643552101,0.0331908780212642,0.0005107252298263,0.0,0.0,0.0037894780790562,0.0007691861140137,0.0005120327700972,0.0010227579999235,0.0,0.0,0.0049053755950307,9.578544061302682e-05,0.0702117907629462,0.0,0.0,0.0,0.0943944812409153,0.0,0.0,0.0,0.0,0.0354566962834333,0.0633077737914858,0.0496181143042317,0.0,0.0001156604210039,0.0,0.0,0.0002553626149131,0.0043606649337396,0.0021045501981493,0.0,0.0006178283407315,0.0,0.006094363073608999,0.0,0.0,0.0,0.0,0.0,0.0,0.0,0.0,0.0,0.0,0.0,0.0,0.0,0.0,0.0168016906335147,0.0,0.0,0.0,0.0010570824524312,0.0,0.0544574114220456,0.0,0.0,0.11123706812034229,0.0,0.0236756312067113,4.387696897898293e-05,0.6675993947231937,0.0,0.0,0.0,0.0,0.0,0.0,0.00029923958389208293,0.0,0.0,0.0,0.0,0.0022922808025849,0.0,0.0
BH,0.0,0.0,0.0,0.0,0.0,0.0,0.0,0.0,0.0,0.0,0.0,0.0,0.0,0.0,0.0,0.0,0.0,0.0,0.0,0.0,4.0,0.0,0.0,0.0,0.0,0.0,0.0,0.0,0.0,0.0,0.0,0.0,0.0,0.0,0.0,0.0,0.0,0.0,0.0,0.0,0.0,0.0,0.0,0.0,0.0,0.0,0.0,0.0,0.0,0.0,0.0,0.0,0.0,0.0,0.0,0.0,0.0,0.0,0.0,0.0,0.0,4.0,0.0,0.0,0.0,0.0,0.0,0.0,0.0,0.0,0.0,0.0,0.0,0.0,0.0,0.0,0.0,0.0,0.0,0.0,0.0,0.0,0.0,0.0,0.0,0.0,0.0,0.0,0.0,0.0,0.0,0.0,0.0,0.0,0.0,0.0,0.0,0.0,0.0,0.0,0.0,0.0,0.0,0.0,0.0,0.0,0.0,0.0,0.0,0.0,0.0,0.0,0.0,0.0,0.0,0.0,0.0,0.0,0.0,0.0,0.0,0.0,0.0,0.0,0.0,0.0,0.0,0.0,0.0,0.0,0.0,0.0,0.0,0.0,0.0,0.0,0.0,0.0,0.0,0.0,0.0,0.0,0.0,0.0,0.0,0.0,0.0,0.0,0.0,0.0,0.0,0.0,0.0,0.0,0.0,0.0,0.0,0.0,0.0,0.0,0.0,0.0,0.0,0.0,0.0,0.0,0.0,0.0,0.0,0.0,0.0,0.0,0.0,0.0,0.0,0.0,0.0,0.0,0.0,0.0,0.0,0.0,0.0,0.0,0.0,0.0,0.0,0.0,0.0,0.0,0.0,0.0,0.0,0.0,0.0,0.0,0.0,0.0,0.0,0.0,0.0,0.0,0.0,0.0,0.0,0.0,0.0,0.0,0.0,0.0,0.0,0.0,0.0,0.0,0.0,0.0,0.0,0.0,0.0,0.0,0.0,0.0,0.0,0.0,0.0,0.0,0.0,0.0,0.0,0.0,0.0,0.0,0.0
BI,0.0,0.0,0.0,0.0,0.0,0.0,0.0,0.0,0.0,0.0,0.0,0.0,0.0,0.0,0.0,0.0,0.0,0.0,0.0,0.0,0.0,0.0,0.0,0.0,0.0,0.0,0.0,0.0,0.0,0.0,0.0,0.0,0.0,0.0,0.0,0.0,0.0,0.0,0.0,0.0,0.0,0.0,0.0,0.0,0.0,0.0,0.0,0.0,0.0,0.0,0.0,0.0,0.0,0.0,0.0,0.0,0.0,0.0,0.0,0.0,0.0,0.0,0.0,0.0,0.0,0.0,0.0,0.0,0.0,0.0,0.0,0.0,0.0,0.0,0.0,0.0,0.0,0.0,0.0,0.0,0.0,0.0,0.0,0.0,0.0,0.0,0.0,0.0,0.0,0.0,0.0,0.0,0.0,0.0,0.0,0.0,0.0,0.0,0.0,0.0,0.0,0.0,0.0,0.0,0.0,0.0,0.0,0.0,0.0,0.0,0.0,0.0,0.0,0.0,0.0,0.0,0.0,0.0,0.0,0.0,0.0,0.0,0.0,0.0,0.0,0.0,0.0,0.0,0.0,0.0,0.0,0.0,0.0,0.0,0.0,0.0,0.0,0.0,0.0,0.0,0.0,0.0,0.0,0.0,0.0,0.0,0.0,0.0,0.0,0.0,0.0,0.0,0.0,0.0,0.0,0.0,0.0,0.0,0.0,0.0,0.0,0.0,0.0,0.0,0.0,0.0,0.0,0.0,0.0,0.0,0.0,0.0,0.0,0.0,0.0,0.0,0.0,0.0,0.0,0.0,0.0,0.0,0.0,0.0,0.0,0.0,0.0,0.0,0.0,0.0,0.0,0.0,0.0,0.0,0.0,0.0,0.0,0.0,0.0,0.0,0.0,0.0,0.0,0.0,0.0,0.0,0.0,0.0,0.0,0.0,0.0,0.0,0.0,0.0,0.0,0.0,0.0,0.0,0.0,0.0,0.0,0.0,0.0,0.0,0.0,0.0,0.0,0.0,0.0,0.0,0.0,0.0,0.0
BJ,0.0,0.0,0.0,0.0,0.0,0.0,0.0,0.0,0.0,0.0,0.0,0.0,0.0,0.0,0.0,0.0128205128205128,0.0,0.0,0.0128205128205128,0.0,0.0,0.0,0.1538461538461538,0.0,0.0,0.0,0.0,0.0,0.0,0.0,0.0,0.0,0.0,0.0,0.0,0.0,0.0,0.0,0.0,0.0,0.0,0.0,0.0,0.0,0.0,0.0,0.0,0.0,0.0,0.0,0.0,0.0,0.0,0.0,0.0,0.0,0.0,0.0,0.0,0.0,0.0,0.0,0.0,0.0,0.0,0.0,0.0,0.0,0.0,0.0,0.0,0.0,0.0,0.0,0.0,0.0,0.0,0.0,0.0,0.0,0.0,0.0,0.0,0.0,0.0,0.0,0.0,0.0,0.0,0.0,0.0128205128205128,0.0,0.0,0.0,0.0,0.0,0.0,0.0,0.0,0.0,0.0,0.0,0.0,0.0128205128205128,0.0,0.0,0.0256410256410256,0.0,0.0,0.0,0.0,0.0,0.0,0.0,0.0,0.0,0.0,0.0,0.0,0.0,0.0,0.0,0.0,0.0,0.0,0.0,0.0,0.0,0.0,0.0,0.0,0.0,0.0,0.0,0.0,0.0,0.0,0.0,0.0,0.0,0.0,0.0,0.0,0.0,0.0,0.0,0.0,0.0,0.0,0.0128205128205128,0.0,0.0,0.0,0.0,0.0,0.0,0.0,0.0,0.0,0.0,0.0,0.0,0.0,0.0,0.0,0.0,0.0,0.0,0.0,0.0,0.0,0.0,0.0,0.0,0.0,0.0,0.0,0.0,0.0,0.0,0.0,0.0,0.0,0.0,0.0,0.0,0.0,0.0,0.0,0.0,0.0,0.0,0.0,0.0,0.0,0.0,0.0,0.0,0.0,0.0,0.0,0.0,0.0,0.0,0.0,0.0,0.0,0.0,0.0,0.0,0.0,0.0,0.0,0.0,0.0,0.0,0.0,0.0,0.0641025641025641,0.0,0.0,0.0,0.0,0.0,0.0,0.0,0.0,0.0,0.0,0.0,0.0,0.0,0.0
BM,0.0,0.0,0.0,0.0,0.0,0.0,0.0,0.0,0.0,0.0,0.0,0.0,0.0,0.0,0.0,0.0,0.0,0.0,0.0,0.0,0.0,0.0,0.0,0.0,0.0,0.0,0.0,0.0,0.0,0.0,0.0,0.0,0.0,0.0,0.0,0.0,0.0,0.0,0.0,0.0,0.0,0.0,0.0,0.0,0.0,0.0,0.0,0.0,0.0,0.0,0.0,0.0,0.0,0.0,0.0,0.0,0.0,0.0,0.0,0.0,0.0,0.0,0.0,0.0,0.0,0.0,0.0,0.0,0.0,0.0,0.0,0.0,0.0,0.0,0.0,0.0,0.0,0.0,0.0,0.0,0.0,0.0,0.0,0.0,0.0,0.0,0.0,0.0,0.0,0.0,0.0,0.0,0.0,0.0,0.0,0.0,0.0,0.0,0.0,0.0,0.0,0.0,0.0,0.0,0.0,0.0,0.0,0.0,0.0,0.0,0.0,0.0,0.0,0.0,0.0,0.0,0.0,0.0,0.0,0.0,0.0,0.0,0.0,0.0,0.0,0.0,0.0,0.0,0.0,0.0,0.0,0.0,0.0,0.0,0.0,0.0,0.0,0.0,0.0,0.0,0.0,0.0,0.0,0.0,0.0,0.0,0.0,0.0,0.0,0.0,0.0,0.0,0.0,0.0,0.0,0.0,0.0,0.0,0.0,0.0,0.0,0.0,0.0,0.0,0.0,0.0,0.0,0.0,0.0,0.0,0.0,0.0,0.0,0.0,0.0,0.0,0.0,0.0,0.0,0.0,0.0,0.0,0.0,0.0,0.0,0.0,0.0,0.0,0.0,0.0,0.0,0.0,0.0,0.0,0.0,0.0,0.0,0.0,0.0,0.0,0.0,0.0,0.0,0.0,0.0,0.0,0.0,0.0,0.0,0.0,0.0,0.0,0.0,0.0,0.0,0.0,0.0,0.0,0.0,0.0,0.0,0.0,0.0,0.0,0.0,0.0,0.0,0.0,0.0,0.0,0.0,0.0,0.0
BN,0.0,0.0,0.0,0.0,0.0,0.0,0.0,0.0,0.0,0.0,0.0,0.0,0.0,0.0,0.0,0.0,0.0,0.0,0.0,0.0,0.0,0.0,0.0,0.0,1.0,0.0,0.0,0.0,0.0,0.0,0.0,0.0,0.0,0.0,0.0,0.0,0.0,0.0,0.0,0.0,0.0,0.0,0.0,0.0,0.0,0.0,0.0,0.0,0.0,0.0,0.0,0.0,0.0,0.0,0.0,0.0,0.0,0.0,0.0,0.0,0.0,0.0,0.0,0.0,0.0,0.0,0.0,0.0,0.0,0.0,0.0,0.0,0.0,0.0,0.0,0.0,0.0,0.0,0.0,0.0,0.0,0.0,0.0,0.0,0.0,0.0,0.0,0.0,0.0,0.0,0.0,0.0,0.0,0.0,0.0,0.0,0.0,0.0,0.0,0.0,0.0,0.0,0.0,0.0,0.0,0.0,0.0,0.0,0.0,0.0,0.0,0.0,0.0,0.0,0.0,0.0,0.0,0.0,0.0,0.0,0.0,0.0,0.0,0.0,0.0,0.0,0.0,0.0,0.0,0.0,0.0,0.0,0.0,0.0,0.0,0.0,0.0,0.0,0.0,0.0,0.0,0.0,0.0,0.0,0.0,0.0,0.0,0.0,0.0,0.0,0.0,0.0,0.0,0.0,0.0,0.0,0.0,0.0,0.0,0.0,0.0,0.0,0.0,0.0,0.0,0.0,0.0,0.0,0.0,0.0,0.0,0.0,0.0,0.0,0.0,0.0,0.0,0.0,0.0,0.0,0.0,0.0,0.0,0.0,0.0,0.0,0.0,0.0,0.0,0.0,0.0,0.0,0.0,0.0,0.0,0.0,0.0,0.0,0.0,0.0,0.0,0.0,0.0,0.0,0.0,0.0,0.0,0.0,0.0,0.0,0.0,0.0,0.0,0.0,0.0,0.0,0.0,0.0,0.0,0.0,0.0,0.0,0.0,0.0,0.0,0.0,0.0,0.0,0.0,0.0,0.0,0.0,0.0
BO,0.0,0.0,0.0,0.0,0.0,0.0,0.0,0.0,0.0,0.0,0.0,0.0,0.0,0.0,0.0,0.0,0.0,0.0,0.0,0.0,0.0,0.0,0.0,0.0,0.0,0.074074074074074,0.0,0.0,0.0,0.0,0.0,0.0,0.0,0.0,0.0,0.0,0.0,0.0,0.0,0.0,0.0,0.0,0.0541310541310541,0.0,0.0,0.0,0.0,0.0,0.0,0.0,0.0,0.0,0.0,0.0028490028490028,0.0,0.0,0.0,0.0,0.0,0.0,0.0,0.0,0.0,0.0,0.0,0.0,0.0,0.0,0.0,0.0,0.0056980056980056,0.0,0.0028490028490028,0.0,0.0,0.0,0.0,0.0,0.0,0.0,0.0,0.0,0.0,0.0,0.0,0.0,0.0,0.0,0.0,0.0,0.0,0.0,0.0,0.0,0.0,0.0,0.0,0.0,0.0,0.0,0.0,0.0,0.0,0.0,0.0,0.0,0.0,0.0,0.0,0.0,0.0,0.0,0.0,0.0,0.0,0.0,0.0,0.0,0.0,0.0,0.0,0.0,0.0,0.0,0.0,0.0,0.0,0.0,0.0,0.0,0.0,0.0,0.0,0.0,0.0,0.0,0.0,0.0,0.0,0.0,0.0,0.0,0.0,0.0,0.0,0.0,0.0,0.0,0.0,0.0,0.0,0.0,0.0,0.0,0.0,0.0,0.0056980056980056,0.0,0.0,0.0,0.0,0.0,0.0,0.0028490028490028,0.0,0.0,0.0,0.0,0.0,0.0,0.0,0.0,0.0,0.0,0.0,0.0,0.0,0.0,0.0,0.0,0.0,0.0,0.0,0.0,0.0,0.0,0.0,0.0,0.0,0.0,0.0,0.0,0.0,0.0,0.0,0.0,0.0,0.0,0.0,0.0,0.0,0.0,0.0,0.0,0.0,0.0,0.0,0.0,0.0,0.0,0.0,0.0,0.0,0.0,0.0,0.0,0.0,0.0,0.0,0.0,0.0,0.0,0.0,0.0,0.0,0.0,0.0,0.0,0.0,0.0,0.0,0.0,0.0
BQ,0.0,0.0,0.0,0.0,0.0,0.0,0.0,0.0,0.0,0.0,0.0,0.0,0.0,0.0,0.0,0.0,0.0,0.0,0.0,0.0,0.0,0.0,0.0,0.0,0.0,0.0,0.0,0.0,0.0,0.0,0.0,0.0,0.0,0.0,0.0,0.0,0.0,0.0,0.0,0.0,0.0,0.0,0.0,0.0,0.0,0.0,0.0,0.0,0.0,0.0,0.0,0.0,0.0,0.0,0.0,0.0,0.0,0.0,0.0,0.0,0.0,0.0,0.0,0.0,0.0,0.0,0.0,0.0,0.0,0.0,0.0,0.0,0.0,0.0,0.0,0.0,0.0,0.0,0.0,0.0,0.0,0.0,0.0,0.0,0.0,0.0,0.0,0.0,0.0,0.0,0.0,0.0,0.0,0.0,0.0,0.0,0.0,0.0,0.0,0.0,0.0,0.0,0.0,0.0,0.0,0.0,0.0,0.0,0.0,0.0,0.0,0.0,0.0,0.0,0.0,0.0,0.0,0.0,0.0,0.0,0.0,0.0,0.0,0.0,0.0,0.0,0.0,0.0,0.0,0.0,0.0,0.0,0.0,0.0,0.0,0.0,0.0,0.0,0.0,0.0,0.0,0.0,0.0,0.0,0.0,0.0,0.0,0.0,0.0,0.0,0.0,0.0,0.0,0.0,0.0,0.0,0.0,0.0,0.0,0.0,0.0,0.0,0.0,0.0,0.0,0.0,0.0,0.0,0.0,0.0,0.0,0.0,0.0,0.0,0.0,0.0,0.0,0.0,0.0,0.0,0.0,0.0,0.0,0.0,0.0,0.0,0.0,0.0,0.0,0.0,0.0,0.0,0.0,0.0,0.0,0.0,0.0,0.0,0.0,0.0,0.0,0.0,0.0,0.0,0.0,0.0,0.0,0.0,0.0,0.0,0.0,0.0,0.0,0.0,0.0,0.0,0.0,0.0,0.0,0.0,0.0,0.0,0.0,0.0,0.0,0.0,0.0,0.0,0.0,0.0,0.0,0.0,0.0
BR,0.0,0.0025916770396151997,0.0,0.0,0.0,0.0,0.0,0.0,1.6817059866520867,1.2226646468930173,2.575477931331711,0.0,0.0,0.0,0.026077389045190302,0.0001698946653075,0.0005107252298263,1.340816701232274,0.0,0.024337895889893102,0.0,0.0,0.0,0.0,0.0,0.0,0.0,655.5685638491536,0.0,0.0,0.0,0.0,0.0004014720642355,0.0,2.533621321387749,0.0,0.0010214504596527,0.0,0.0,3.5338834142028115,0.0023474178403755,0.0,2.4366583288988757,0.0005107252298263,2.6226904015475143,0.5769612223873335,0.0005107252298263,0.026263192356853,0.0,0.0,0.0,0.0,0.4361968735375435,3.509935240615281,0.0,0.2633549395627166,0.0,0.0007301100747212,0.0005107252298263,0.338095238095238,0.0580398895612127,0.0236888218727911,0.0,0.0,4.989849368659629,0.0086580086580086,0.141252553380751,0.0,0.0,0.0,4.354789562942813,0.0,9.309810673420987,0.0,0.0312765146778023,0.0,0.0,0.0005107252298263,0.0,0.0,0.0,0.0,0.0,0.0,0.3250329686049176,0.0005107252298263,0.0,0.0,0.0,0.0729358520621821,0.0666666666666666,0.32485668264155476,0.0011688126759804,0.1294597947204466,0.6341252103641499,0.0,0.3920980912476438,0.0,0.0,0.0001473622163277,0.0005107252298263,2.734954166669259,0.0,0.0001698946653075,0.0140579888653409,3.950190320830518,0.0182943228572538,0.0005107252298263,0.0,0.0,0.0,0.0,0.0,2.5791693459084444,9.578544061302682e-05,0.0,0.0,0.0,0.0174030350559427,0.0,0.0,0.0001473622163277,0.0,0.0,0.0757975678881192,0.0025897546228870003,0.07602022966474481,0.0,0.0070189692785817,0.0,0.0115623640760652,0.0029720390656998,0.0,0.0,0.0,0.0,0.0,0.0,0.0,0.0,0.0,0.0,0.0,0.0,0.0,0.0,0.6145358954589817,0.1787617732585253,0.0,0.0,0.0,0.0,0.0,0.0033353627160467,0.0,0.5316957411037403,0.23434974077121778,0.0010214504596527,0.0,0.0,0.26671156056376677,0.0075031928480204,0.0,0.5259264920943518,0.0,0.0,0.0761787316622405,0.0005378720895962,0.525320338164727,0.0,0.0,0.0,0.31125997951922263,0.0,0.0,0.0039242916707705,0.0,0.1966940655294524,0.0764278730473345,0.3369806710169402,0.0,0.0195790836890952,0.0,0.0,0.0005107252298263,0.3443926801172932,0.1246406607893147,0.0,0.0200909403936878,0.0,0.0647832809050468,0.0,0.0,0.0,0.0,0.0,0.0,0.0,0.0,0.0,0.0,0.0,0.0,0.0,0.0,0.2545279729033377,0.0,0.0,0.0,0.0002947244326554,0.0,0.9930250126503064,0.0,0.0,1.0871110472185501,0.0,0.1442391633217331,0.0011008016225703,55.34583883163892,0.052281052281052204,0.0,0.0,0.0,0.0,0.0,0.0068362456493775,0.0,0.0,0.0,0.0,0.1646719284541177,0.0001473622163277,0.0
BS,0.0,0.0,0.0,0.0,0.0,0.0,0.0,0.0,0.0,0.0,0.0,0.0,0.0,0.0,0.0,0.0,0.0,0.0,0.0,0.0,0.0,0.0,0.0,0.0,0.0,0.0,0.0,0.0,0.0,0.0,0.0,0.0,0.0,0.0,0.0,0.0,0.0,0.0,0.0,0.0,0.0,0.0,0.0,0.0,0.0,0.0,0.0,0.0,0.0,0.0,0.0,0.0,0.0,0.0,0.0,0.0,0.0,0.0,0.0,0.0,0.0,0.0,0.0,0.0,0.0,0.0,0.0,0.0,0.0,0.0,0.0,0.0,0.0,0.0,0.0,0.0,0.0,0.0,0.0,0.0,0.0,0.0,0.0,0.0,0.0,0.0,0.0,0.0,0.0,0.0,0.0,0.0,0.0,0.0,0.0,0.0,0.0,0.0,0.0,0.0,0.0,0.0,0.0,0.0,0.0,0.0,0.0,0.0,0.0,0.0,0.0,0.0,0.0,0.0,0.0,0.0,0.0,0.0,0.0,0.0,0.0,0.0,0.0,0.0,0.0,0.0,0.0,0.0,0.0,0.0,0.0,0.0,0.0,0.0,0.0,0.0,0.0,0.0,0.0,0.0,0.0,0.0,0.0,0.0,0.0,0.0,0.0,0.0,0.0,0.0,0.0,0.0,0.0,0.0,0.0,0.0,0.0,0.0,0.0,0.0,0.0,0.0,0.0,0.0,0.0,0.0,0.0,0.0,0.0,0.0,0.0,0.0,0.0,0.0,0.0,0.0,0.0,0.0,0.0,0.0,0.0,0.0,0.0,0.0,0.0,0.0,0.0,0.0,0.0,0.0,0.0,0.0,0.0,0.0,0.0,0.0,0.0,0.0,0.0,0.0,0.0,0.0,0.0,0.0,0.0,0.0,0.0,0.0,0.0,0.0,0.0,0.0,0.0,0.0,0.0,0.0,0.0,0.0,0.0,0.0,0.0,0.0,0.0,0.0,0.0,0.0,0.0,0.0,0.0,0.0,0.0,0.0,0.0
BT,0.0,0.0,0.0,0.0,0.0,0.0,0.0,0.0,0.0,0.0,0.0,0.0,0.0,0.0,0.0,0.0,0.0,0.0,0.0,0.0,0.0,0.0,0.0,0.0,0.0,0.0,0.0,0.0,0.0,0.0,0.0,0.0,0.0,0.0,0.0,0.0,0.0,0.0,0.0,0.0,0.0,0.0,0.0,0.0,0.0,0.0,0.0,0.0,0.0,0.0,0.0,0.0,0.0,0.0,0.0,0.0,0.0,0.0,0.0,0.0,0.0,0.0,0.0,0.0,0.0,0.0,0.0,0.0,0.0,0.0,0.0,0.0,0.0,0.0,0.0,0.0,0.0,0.0,0.0,0.0,0.0,0.0,0.0,0.0,0.0,0.0,0.0,0.0,0.0,0.0,0.0,0.0,0.0,0.0,0.0,0.0,0.0,0.0,0.0,0.0,0.0,0.0,0.0,0.0,0.0,0.0,0.0,0.0,0.0,0.0,0.0,0.0,0.0,0.0,0.0,0.0,0.0,0.0,0.0,0.0,0.0,0.0,0.0,0.0,0.0,0.0,0.0,0.0,0.0,0.0,0.0,0.0,0.0,0.0,0.0,0.0,0.0,0.0,0.0,0.0,0.0,0.0,0.0,0.0,0.0,0.0,0.0,0.0,0.0,0.0,0.0,0.0,0.0,0.0,0.0,0.0,0.0,0.0,0.0,0.0,0.0,0.0,0.0,0.0,0.0,0.0,0.0,0.0,0.0,0.0,0.0,0.0,0.0,0.0,0.0,0.0,0.0,0.0,0.0,0.0,0.0,0.0,0.0,0.0,0.0,0.0,0.0,0.0,0.0,0.0,0.0,0.0,0.0,0.0,0.0,0.0,0.0,0.0,0.0,0.0,0.0,0.0,0.0,0.0,0.0,0.0,0.0,0.0,0.0,0.0,0.0,0.0,0.0,0.0,0.0,0.0,0.0,0.0,0.0,0.0,0.0,0.0,0.0,0.0,0.0,0.0,0.0,0.0,0.0,0.0,0.0,0.0,0.0
BV,0.0,0.0,0.0,0.0,0.0,0.0,0.0,0.0,0.0,0.0,0.0,0.0,0.0,0.0,0.0,0.0,0.0,0.0,0.0,0.0,0.0,0.0,0.0,0.0,0.0,0.0,0.0,0.0,0.0,0.0,0.0,0.0,0.0,0.0,0.0,0.0,0.0,0.0,0.0,0.0,0.0,0.0,0.0,0.0,0.0,0.0,0.0,0.0,0.0,0.0,0.0,0.0,0.0,0.0,0.0,0.0,0.0,0.0,0.0,0.0,0.0,0.0,0.0,0.0,0.0,0.0,0.0,0.0,0.0,0.0,0.0,0.0,0.0,0.0,0.0,0.0,0.0,0.0,0.0,0.0,0.0,0.0,0.0,0.0,0.0,0.0,0.0,0.0,0.0,0.0,0.0,0.0,0.0,0.0,0.0,0.0,0.0,0.0,0.0,0.0,0.0,0.0,0.0,0.0,0.0,0.0,0.0,0.0,0.0,0.0,0.0,0.0,0.0,0.0,0.0,0.0,0.0,0.0,0.0,0.0,0.0,0.0,0.0,0.0,0.0,0.0,0.0,0.0,0.0,0.0,0.0,0.0,0.0,0.0,0.0,0.0,0.0,0.0,0.0,0.0,0.0,0.0,0.0,0.0,0.0,0.0,0.0,0.0,0.0,0.0,0.0,0.0,0.0,0.0,0.0,0.0,0.0,0.0,0.0,0.0,0.0,0.0,0.0,0.0,0.0,0.0,0.0,0.0,0.0,0.0,0.0,0.0,0.0,0.0,0.0,0.0,0.0,0.0,0.0,0.0,0.0,0.0,0.0,0.0,0.0,0.0,0.0,0.0,0.0,0.0,0.0,0.0,0.0,0.0,0.0,0.0,0.0,0.0,0.0,0.0,0.0,0.0,0.0,0.0,0.0,0.0,0.0,0.0,0.0,0.0,0.0,0.0,0.0,0.0,0.0,0.0,0.0,0.0,0.0,0.0,0.0,0.0,0.0,0.0,0.0,0.0,0.0,0.0,0.0,0.0,0.0,0.0,0.0
BW,0.0,0.0,0.0,0.0,0.0,0.0,0.0,0.0,0.0,0.0,0.0,0.0,0.0,0.0,0.0,0.0,0.0,0.0,0.0,0.0,0.0,0.0,0.0,0.0,0.0,0.0,0.0,0.0,0.0,0.0,0.0,6.699999999999999,0.0,0.0,0.0,0.0,0.0,0.0,0.0,0.0,0.0,0.0,0.0,0.0,0.0,0.0,0.0,0.0,0.0,0.0,0.0,0.0,0.0,0.0,0.0,0.0,0.0,0.0,0.0,0.0,0.0,0.0,0.0,0.0,0.0,0.0,0.0,0.0,0.0,0.0,0.0,0.0,0.0666666666666666,0.0,0.0,0.0,0.0,0.0,0.0,0.0,0.0,0.0,0.0,0.0,0.0,0.0,0.0,0.0,0.0,0.0,0.0,0.0,0.0,0.0,0.0,0.0,0.0,0.0,0.0,0.0,0.0,0.0,0.0,0.0,0.0,0.0,0.0,0.0,0.0,0.0,0.0,0.0,0.0,0.0,0.0,0.0,0.0,0.0,0.0,0.0,0.0,0.0,0.0,0.0,0.0,0.0,0.0,0.0,0.0,0.0,0.0,0.0,0.0,0.0,0.0,0.0,0.0,0.0,0.0,0.0,0.0,0.0,0.0,0.0,0.0,0.0,0.0,0.0,0.0,0.0,0.0,0.0,0.0,0.0,0.0,0.0,0.0,0.0,0.0,0.0,0.0,0.0,0.0,0.0,0.0,0.0,0.0,0.0,0.0,0.0,0.0,0.0,0.0,0.0,0.0,0.0,0.0,0.0,0.0,0.0,0.0,0.0,0.0,0.0,0.0,0.0,0.0,0.0,0.0,0.0,0.0,0.0,0.0,0.0,0.0,0.0,0.0,0.0,0.0,0.0,0.0,0.0,0.0,0.0,0.0,0.0,0.0,0.0,0.0,0.0,0.0,0.0,0.0,0.0,0.0,0.0,0.0,0.0,5.266666666666667,0.0,0.0,0.0,0.0,0.0,0.0,0.0,0.0,0.0,0.0,0.0,1.0,0.0,0.0
BY,0.0,0.0,0.0,0.0,0.0,0.0,0.0,0.0,0.0001338240214118,0.0,0.0019172656643382,0.0,0.0,0.0,0.0045977011494252,0.0,0.0,0.0001003680160588,0.0,0.0029049111807732,0.0,0.0,0.0,0.0,0.0,0.0,0.0,0.0004014720642355,0.0,0.0,0.0,0.0,6.6987260358688925,0.0,0.0006716884468639999,0.0,0.0,0.0,0.0,0.0779220779220779,0.0,0.0,0.0,0.0,0.0040005271855388,0.0,0.0,0.0,0.0,0.0,0.0,0.0,0.0006729726167665217,0.0007733406328254,0.0,0.0478197836511653,0.0,0.0,0.0,0.0,0.0,0.0,0.0,0.0,0.002084545691103,0.0,0.0,0.0,0.0,0.0,1.0499390695175235,0.0,0.0923206639834274,0.0,0.0,0.0,0.0,0.0,0.0,0.0,0.0,0.0,0.0,0.0,0.0,0.0,0.0,0.0,0.0,0.0091954022988505,0.0,0.0024661306014774,0.0,0.0,0.0002007360321177,0.0,0.0,0.0,0.0,0.0,0.0,0.0018156134783769,0.0,0.0,0.0,0.0,0.0,0.0,0.0,0.0,0.0,0.0,0.0,0.0028926264991838,0.0,0.0,0.0,0.0,0.0,0.0,0.0,0.0,0.0,0.0,0.0,0.0,0.0045977011494252,0.0,0.0,0.0,0.0476190476190476,0.0,0.0,0.0,0.0,0.0,0.0,0.0,0.0,0.0,0.0,0.0,0.0,0.0,0.0,0.0,0.0,0.0001672800267648,0.0,0.0,0.0,0.0,0.0,0.0,0.0,0.0304033983190891,0.0,0.0,0.0,0.0,0.0007064286221194,0.0,0.0,0.0,0.0,0.0,0.0,0.0,0.0006395166114135609,0.0,0.0,0.0,0.0001003680160588,0.0,0.0,0.0,0.0,0.0045977011494252,0.0068965517241379,0.0527546131939251,0.0,0.0,0.0,0.0,0.0,0.0001003680160588,0.0,0.0,0.0,0.0,0.0022988505747126,0.0,0.0,0.0,0.0,0.0,0.0,0.0,0.0,0.0,0.0,0.0,0.0,0.0,0.0,0.0001003680160588,0.0,0.0,0.0,0.0,0.0,0.0187588206565837,0.0,0.0,0.0014797692549448,0.0,0.0523505727898847,0.0,0.1268359580158013,0.0,0.0303030303030303,0.0,0.0,0.0,0.0,0.0,0.0,0.0,0.0,0.0,3.345600535296086e-05,0.0,0.0
BZ,0.0,0.0,0.0,0.0,0.0,0.0,0.0,0.0,0.0,0.0,0.0,0.0,0.0,0.0,0.0,0.0,0.0,0.0,0.0,0.0,0.0,0.0,0.0,0.0,0.0,0.0,0.0,0.0,0.0,0.0,0.0,0.0,0.0,0.0,0.0,0.0,0.0,0.0,0.0,0.0,0.0,0.0,0.0,0.0,0.0,0.0,0.0,0.0,0.0,0.0,0.0,0.0,0.0,0.0,0.0,0.0,0.0,0.0,0.0,0.0,0.0,0.0,0.0,0.0,0.0,0.0,0.0,0.0,0.0,0.0,0.0,0.0,0.0,0.0,0.0,0.0,0.0,0.0,0.0,0.0,0.0,0.0,0.0,0.0,0.0,0.0,0.0,0.0,0.0,0.0,0.0,0.0,0.0,0.0,0.0,0.0,0.0,0.0,0.0,0.0,0.0,0.0,0.0,0.0,0.0,0.0,0.0,0.0,0.0,0.0,0.0,0.0,0.0,0.0,0.0,0.0,0.0,0.0,0.0,0.0,0.0,0.0,0.0,0.0,0.0,0.0,0.0,0.0,0.0,0.0,0.0,0.0,0.0,0.0,0.0,0.0,0.0,0.0,0.0,0.0,0.0,0.0,0.0,0.0,0.0,0.0,0.0,0.0,0.0,0.0,0.0,0.0,0.0,0.0,0.0,0.0,0.0,0.0,0.0,0.0,0.0,0.0,0.0,0.0,0.0,0.0,0.0,0.0,0.0,0.0,0.0,0.0,0.0,0.0,0.0,0.0,0.0,0.0,0.0,0.0,0.0,0.0,0.0,0.0,0.0,0.0,0.0,0.0,0.0,0.0,0.0,0.0,0.0,0.0,0.0,0.0,0.0,0.0,0.0,0.0,0.0,0.0,0.0,0.0,0.0,0.0,0.0,0.0,0.0,0.0,0.0,0.0,0.0,0.0,0.0,0.0,0.0,0.0,0.0,0.0,0.0,0.0,0.0,0.0,0.0,0.0,0.0,0.0,0.0,0.0,0.0,0.0,0.0
CA,0.0,0.0004777830864787,0.0,0.0,0.0,0.0,0.0042625745950554,0.0,0.3094963405461702,0.3875758422394804,15.948602192886936,0.0,0.0,0.0,0.038179618937505204,0.0011892626571525,0.0035886959482464,2.224891908643958,0.0,0.0225209800316387,0.0,0.0,0.0,0.0,0.0,0.0,0.0,2.533621321387749,0.0,0.0,0.0,0.0,0.0006716884468639999,0.0,1666.1451342273463,0.0,0.0005107252298263,0.0,0.0,5.657542205199556,0.0,0.0,1.1725078014226598,0.0002553626149131,3.6760208015581233,0.0883503977316044,0.0002553626149131,0.0,0.0,0.0,0.0,0.005747236090353,0.5255686819870964,11.002172439848668,0.0,2.60412708331888,0.0,0.0002553626149131,0.0002553626149131,0.0109890109890109,0.028399746410326103,0.0203965258499665,0.0,0.0,12.160447906061798,0.0,1.6867435664942216,0.0,0.0,0.0,10.884045059347145,0.0,32.865768812923775,0.0,0.0036311261892689,0.0,0.0,0.0002553626149131,0.0,0.0,0.0,0.0,0.0,0.0,0.43300372840929513,0.0002553626149131,0.0,0.0,0.0,0.2539201483694165,0.0,0.5446065132364628,0.0009528118788095,1.7888912782782342,3.3288683718017573,0.0,7.5294377082021455,0.0,0.0,0.0004420866489832,0.0023517986736133,6.313585014550668,0.0,0.0011892626571525,0.1400600024195529,4.164884564891257,0.3575289899958626,0.0002553626149131,0.0,0.0,0.0,0.0,0.0,4.363753518767323,0.019047619047619,0.0,0.0009615384615384,0.0,0.0061778295648906,0.0,0.0,0.0004420866489832,0.0,0.0,0.2849736380762466,0.010866166353971099,0.030125515572486,0.0,0.0040844156331542,0.0,0.0008163265306122,0.0013468013468013,0.0,0.0,0.0,0.0,0.0,0.0,0.0,0.0,0.0,0.0,0.0,0.0,0.0,0.0,0.2950189126804152,0.1455363793269963,0.0,0.0,0.0,0.0,0.0,1.2857102542470924,0.0003901868019314,5.516711564047908,1.0877022893350532,0.0005107252298263,0.0,0.0,0.5252057441493179,0.0,0.0,0.0187904956192431,0.0,0.0,0.0193501683112617,0.0013262599469496,1.2307937497053045,0.0,0.0,0.0,0.3177338832877534,0.0,0.0,0.0,0.0,0.601292747889353,0.0505059479430632,0.4726294572713149,0.0,0.009788753535053499,0.0,0.0,0.0002553626149131,3.076541045773803,1.7998588868735623,0.0,0.0571117135470388,0.0,0.0624571464765248,0.0,0.0,0.0,0.0,0.0,0.0,0.0,0.0,0.0,0.0,0.0,0.0,0.0,0.0,1.1599453488481783,0.0,0.0,0.0,1.0019412557503975,0.0,0.857718845183812,0.0,0.0,1.5324478621041735,2.333333333333333,0.0570938741809727,1.0668990334188573,231.0741024478936,0.0,0.0,0.0,0.0,0.0,0.0,0.0055049600712685,0.0,0.0,0.0,0.0,0.086172109421736,0.0004420866489832,0.0
CC,0.0,0.0,0.0,0.0,0.0,0.0,0.0,0.0,0.0,0.0,0.0,0.0,0.0,0.0,0.0,0.0,0.0,0.0,0.0,0.0,0.0,0.0,0.0,0.0,0.0,0.0,0.0,0.0,0.0,0.0,0.0,0.0,0.0,0.0,0.0,0.0,0.0,0.0,0.0,0.0,0.0,0.0,0.0,0.0,0.0,0.0,0.0,0.0,0.0,0.0,0.0,0.0,0.0,0.0,0.0,0.0,0.0,0.0,0.0,0.0,0.0,0.0,0.0,0.0,0.0,0.0,0.0,0.0,0.0,0.0,0.0,0.0,0.0,0.0,0.0,0.0,0.0,0.0,0.0,0.0,0.0,0.0,0.0,0.0,0.0,0.0,0.0,0.0,0.0,0.0,0.0,0.0,0.0,0.0,0.0,0.0,0.0,0.0,0.0,0.0,0.0,0.0,0.0,0.0,0.0,0.0,0.0,0.0,0.0,0.0,0.0,0.0,0.0,0.0,0.0,0.0,0.0,0.0,0.0,0.0,0.0,0.0,0.0,0.0,0.0,0.0,0.0,0.0,0.0,0.0,0.0,0.0,0.0,0.0,0.0,0.0,0.0,0.0,0.0,0.0,0.0,0.0,0.0,0.0,0.0,0.0,0.0,0.0,0.0,0.0,0.0,0.0,0.0,0.0,0.0,0.0,0.0,0.0,0.0,0.0,0.0,0.0,0.0,0.0,0.0,0.0,0.0,0.0,0.0,0.0,0.0,0.0,0.0,0.0,0.0,0.0,0.0,0.0,0.0,0.0,0.0,0.0,0.0,0.0,0.0,0.0,0.0,0.0,0.0,0.0,0.0,0.0,0.0,0.0,0.0,0.0,0.0,0.0,0.0,0.0,0.0,0.0,0.0,0.0,0.0,0.0,0.0,0.0,0.0,0.0,0.0,0.0,0.0,0.0,0.0,0.0,0.0,0.0,0.0,0.0,0.0,0.0,0.0,0.0,0.0,0.0,0.0,0.0,0.0,0.0,0.0,0.0,0.0
CD,0.0,0.0,0.0,0.0,0.0,0.0,0.0,0.0,0.0005107252298263,0.0,0.0,0.0,0.0,0.0,0.0,0.0,0.0156622403813414,0.0005107252298263,0.1333333333333333,0.0005107252298263,0.0,0.0,0.0,0.0,0.0,0.0,0.0,0.0010214504596527,0.0,0.0,0.0,0.0,0.0,0.0,0.0005107252298263,0.0,1.6446884576098058,0.0,0.0,0.0010214504596527,0.4666666666666666,0.0,0.001532175689479,0.0005107252298263,0.0,0.001532175689479,0.0005107252298263,0.0,0.0,0.0,0.0,0.0,0.0,0.0,0.0,0.0,0.0,0.0005107252298263,0.0005107252298263,0.0,0.0,0.0,0.0,0.0,0.0056179775280898,0.0,0.0,0.0,0.0,0.0,0.0005107252298263,0.0,0.0156622403813414,0.0,0.0,0.0,0.0,0.0156622403813414,0.0,0.0,0.0,0.0,0.0,0.0,0.0005107252298263,0.0005107252298263,0.0,0.0,0.0,0.0,0.0,0.0,0.0010214504596527,0.0,0.0005107252298263,0.0,0.0005107252298263,0.0,0.0,0.0,0.0005107252298263,0.0,0.0,0.0,0.0005107252298263,0.0051072522982635,0.0005107252298263,0.0005107252298263,0.0,0.0,0.0,0.0,0.0,0.0166836908409941,0.0,0.0,0.0,0.0,0.0,0.0,0.0,0.0,0.0,0.0,0.0005107252298263,0.0,0.0005107252298263,0.0,0.0,0.0,0.0,0.0,0.0,0.0,0.0,0.0,0.0,0.0,0.0,0.0,0.0,0.0,0.0,0.0,0.0,0.0,0.0010214504596527,0.0005107252298263,0.0,0.0,0.0,0.0,0.0,0.001532175689479,0.0,0.0,0.0,0.0161729656111678,0.0,0.0,0.0,0.0,0.0,0.0010214504596527,0.0,0.0,0.0,0.0151515151515151,0.0,0.0,0.0,0.0,0.001532175689479,0.0,0.0,0.0,0.0,0.0,0.0,0.0,0.0,0.0,0.0,0.0,0.0005107252298263,0.0156622403813414,0.0005107252298263,0.0,0.0,0.0,0.0,0.0151515151515151,0.0,0.4666666666666666,0.0,0.0,0.0,0.0,0.0,0.0,0.0,0.0,0.0,0.0,0.1333333333333333,0.0,0.0,0.0,0.0,0.0,0.0,0.0005107252298263,0.0,0.0,0.0005107252298263,0.0151515151515151,0.0,0.0,0.0197480422199522,0.0,0.0,0.0,0.0,0.0,0.0,0.0005107252298263,0.0,0.0,0.0,0.0,0.0005107252298263,0.0151515151515151,0.0
CF,0.0,0.0,0.0,0.0,0.0,0.0,0.0,0.0,0.0,0.0,0.0,0.0,0.0,0.0,0.0,0.0,0.0,0.0,0.0,0.0,0.0,0.0,0.0,0.0,0.0,0.0,0.0,0.0,0.0,0.0,0.0,0.0,0.0,0.0,0.0,0.0,0.0,0.0,0.0,0.0,0.0,0.0,0.0,0.0,0.0,0.0,0.0,0.0,0.0,0.0,0.0,0.0,0.0,0.0,0.0,0.0,0.0,0.0,0.0,0.0,0.0,0.0,0.0,0.0,0.0,0.0,0.0,0.0,0.0,0.0,0.0,0.0,0.0,0.0,0.0,0.0,0.0,0.0,0.0,0.0,0.0,0.0,0.0,0.0,0.0,0.0,0.0,0.0,0.0,0.0,0.0,0.0,0.0,0.0,0.0,0.0,0.0,0.0,0.0,0.0,0.0,0.0,0.0,0.0,0.0,0.0,0.0,0.0,0.0,0.0,0.0,0.0,0.0,0.0,0.0,0.0,0.0,0.0,0.0,0.0,0.0,0.0,0.0,0.0,0.0,0.0,0.0,0.0,0.0,0.0,0.0,0.0,0.0,0.0,0.0,0.0,0.0,0.0,0.0,0.0,0.0,0.0,0.0,0.0,0.0,0.0,0.0,0.0,0.0,0.0,0.0,0.0,0.0,0.0,0.0,0.0,0.0,0.0,0.0,0.0,0.0,0.0,0.0,0.0,0.0,0.0,0.0,0.0,0.0,0.0,0.0,0.0,0.0,0.0,0.0,0.0,0.0,0.0,0.0,0.0,0.0,0.0,0.0,0.0,0.0,0.0,0.0,0.0,0.0,0.0,0.0,0.0,0.0,0.0,0.0,0.0,0.0,0.0,0.0,0.0,0.0,0.0,0.0,0.0,0.0,0.0,0.0,0.0,0.0,0.0,0.0,0.0,0.0,0.0,0.0,0.0,0.0,0.0,0.0,0.0,0.0,0.0,0.0,0.0,0.0,0.0,0.0,0.0,0.0,0.0,0.0,0.0,0.0
CG,0.0,0.0,0.0,0.0,0.0,0.0,0.0,0.0,0.0,0.0,0.0,0.0,0.0,0.0,0.0,0.0,0.0,0.0,0.0,0.0,0.0,0.0,0.0,0.0,0.0,0.0,0.0,0.0,0.0,0.0,0.0,0.0,0.0,0.0,0.0,0.0,0.0,0.0,0.0,0.0,0.0,0.0,0.0,0.0,0.0,0.0,0.0,0.0,0.0,0.0,0.0,0.0,0.0,0.0,0.0,0.0,0.0,0.0,0.0,0.0,0.0,0.0,0.0,0.0,0.0,0.0,0.0,0.0,0.0,0.0,0.0,0.0,0.0,0.0,0.0,0.0,0.0,0.0,0.0,0.0,0.0,0.0,0.0,0.0,0.0,0.0,0.0,0.0,0.0,0.0,0.0,0.0,0.0,0.0,0.0,0.0,0.0,0.0,0.0,0.0,0.0,0.0,0.0,0.0,0.0,0.0,0.0,0.0,0.0,0.0,0.0,0.0,0.0,0.0,0.0,0.0,0.0,0.0,0.0,0.0,0.0,0.0,0.0,0.0,0.0,0.0,0.0,0.0,0.0,0.0,0.0,0.0,0.0,0.0,0.0,0.0,0.0,0.0,0.0,0.0,0.0,0.0,0.0,0.0,0.0,0.0,0.0,0.0,0.0,0.0,0.0,0.0,0.0,0.0,0.0,0.0,0.0,0.0,0.0,0.0,0.0,0.0,0.0,0.0,0.0,0.0,0.0,0.0,0.0,0.0,0.0,0.0,0.0,0.0,0.0,0.0,0.0,0.0,0.0,0.0,0.0,0.0,0.0,0.0,0.0,0.0,0.0,0.0,0.0,0.0,0.0,0.0,0.0,0.0,0.0,0.0,0.0,0.0,0.0,0.0,0.0,0.0,0.0,0.0,0.0,0.0,0.0,0.0,0.0,0.0,0.0,0.0,0.0,0.0,0.0,0.0,0.0,0.0,0.0,0.0,0.0,0.0,0.0,0.0,0.0,0.0,0.0,0.0,0.0,0.0,0.0,0.0,0.0
CH,0.0,0.0818713450292397,0.0,0.0,0.0,0.0,0.0,0.0,0.12005506260440221,5.9988378005704766,9.002199568438737,0.0,0.0,0.0,0.0009404568302641999,0.0008494733265375,0.0514631061822072,7.810958050469943,0.0,0.6821320133973466,0.0,0.0,0.0,0.0,0.0,0.0,0.0,3.5338834142028115,0.0,0.0,0.0,0.0,0.0779220779220779,0.0,5.657542205199556,0.0,0.0010214504596527,0.0,0.0,1170.2928348297737,0.2666666666666666,0.0,0.0486901910110823,1.0005107252298262,3.6600738203661862,0.0157321527206375,0.0005107252298263,0.0,0.0,0.0,0.0,0.0051080452949611,0.6474460945268479,56.33937215751001,0.0,3.345112592596749,0.0,0.0005107252298263,0.0005107252298263,0.0,1.3406897393974502,0.0003872779203175,0.0,0.0,15.71680465081809,0.0,0.551493552262535,0.0,0.0,0.0,19.56253582401307,0.0,16.254326331242158,0.0,0.0006181399357983,0.0,0.0,0.33384405856315963,0.0,0.0,0.0,0.0,0.0,0.0,0.4059319803691086,0.0005107252298263,0.0,0.0,0.0,0.0238379075221367,0.0,0.20159855537982,0.0010214504596527,1.6510015346309261,1.339192111174061,0.0,19.128188747612782,0.0,0.0,0.0,0.1393996141187152,15.69642636075395,0.0,0.0008494733265375,0.035018849955342296,3.4145503966332447,2.939724920346899,0.0005107252298263,0.0666666666666666,0.0,0.0,0.0,0.0,3.925260452186909,0.0,0.0,0.0,0.0,0.005106738094344801,0.0,0.0,0.0,0.0,0.0,0.2019964511552797,0.0203102716314097,0.0136337048703048,0.0,0.0026240317678203,0.0,1.0476190476190477,0.0,0.0,0.0,0.0,0.0,0.0476190476190476,0.0,0.0,0.0,0.0,0.0,0.0,0.0,0.0,0.0,2.173583617788759,0.0441545356309677,0.0,0.0,0.0,0.0,0.0,0.0049300689956292,0.0002438667512071,45.712280570049174,2.0317589167690553,0.0010214504596527,0.0,0.0,0.0403617047079185,0.0,0.0,0.0056246998192862,0.0,0.0,0.0014001832890722943,0.4087301587301587,1.8070519422199318,0.0,0.0,0.0,0.4233535991151804,0.0,0.0,0.0,0.0,0.0841695398449782,0.0135500547778218,1.0940985832183168,0.0,0.05291357928016,0.0,0.0,0.0005107252298263,3.39157289427429,0.8458577802777335,0.0,0.09447443752555479,0.0,0.0202298247465686,0.0,0.0,0.0666666666666666,0.0,0.0,0.0,0.0,0.0,0.0,0.0,0.0277777777777777,0.0,0.0,0.0,0.037822573014140604,0.0,0.0,0.0,0.0040322580645161,0.0,0.2378054447073364,0.0,0.0,3.235792196038042,0.4476190476190476,0.055975026998595696,0.3946380834046032,222.13270985440312,0.0,0.0151515151515151,0.0,0.0,0.0,0.0,0.0024338021529032,0.0,0.0,0.0,0.0,1.9513913699488055,0.3333333333333333,0.0
CI,0.0,0.0,0.0,0.0,0.0,0.0,0.0,0.0,0.0003912363067292,0.0,0.0007824726134585,0.0,0.0,0.0,0.0,0.0,0.0,0.0,0.0666666666666666,0.0,0.0,0.0,0.0,0.0,0.0,0.0,0.0,0.0023474178403755,0.0,0.0,0.0,0.0,0.0,0.0,0.0,0.0,0.4666666666666666,0.0,0.0,0.2666666666666666,3.8801587301587306,0.0,0.0,0.0,0.0,0.0,0.0,0.0,0.0,0.0,0.0,0.0,0.0011737089201877,0.0039123630672926,0.0,0.001564945226917,0.0,0.0,0.0,0.0,0.0,0.0,0.0,0.0,0.0031298904538341,0.0,0.0,0.0,0.0,0.0,1.3428571428571427,0.0,0.0,0.0,0.0,0.0,0.0,0.0,0.0,0.0,0.0,0.0,0.0,0.0,0.0,0.0,0.0,0.0,0.0,0.0,0.0,0.0003912363067292,0.0,0.0,0.0011737089201877,0.0,0.0,0.0,0.0,0.0,0.0,0.0011737089201877,0.0,0.0,0.0,0.0,0.0,0.0,0.0666666666666666,0.0,0.0,0.0,0.0,0.001564945226917,0.0,0.0,0.0,0.0,0.0,0.0,0.0,0.0,0.0,0.0,0.0,0.0,0.0,0.0,0.0,0.0,0.0,0.0,0.0,0.0,0.0,0.0,0.0,0.0,0.0,0.0,0.0,0.0,0.0,0.0,0.0,0.0,0.0,0.0,0.0,0.0,0.0,0.0,0.0,0.0,0.0,0.0003912363067292,0.0,0.0,0.0,0.0,0.0,0.0,0.0,0.0003912363067292,0.0,0.0,0.0,0.0,0.0007824726134585,0.0,0.0,0.0,0.0,0.0,0.0,0.0,0.0,0.0,0.0,0.0,0.0,0.0,0.0,0.0,0.0,0.0,0.0,0.0,0.0,0.0,0.0,0.0,0.0,1.2333333333333334,0.0,0.0,0.0,0.0,0.0,0.0,0.0,0.0,0.0,0.0,0.2095238095238094,0.0,0.0,0.0,0.0,0.0,0.0,0.0,0.0,0.0,0.001564945226917,0.1,0.0,0.0,0.0062597809076682,0.0,0.0,0.0,0.0,0.0,0.0,0.0,0.0,0.0,0.0,0.0,0.1007824726134585,0.0,0.0
CK,0.0,0.0,0.0,0.0,0.0,0.0,0.0,0.0,0.0,0.0,0.0,0.0,0.0,0.0,0.0,0.0,0.0,0.0,0.0,0.0,0.0,0.0,0.0,0.0,0.0,0.0,0.0,0.0,0.0,0.0,0.0,0.0,0.0,0.0,0.0,0.0,0.0,0.0,0.0,0.0,0.0,0.0,0.0,0.0,0.0,0.0,0.0,0.0,0.0,0.0,0.0,0.0,0.0,0.0,0.0,0.0,0.0,0.0,0.0,0.0,0.0,0.0,0.0,0.0,0.0,0.0,0.0,0.0,0.0,0.0,0.0,0.0,0.0,0.0,0.0,0.0,0.0,0.0,0.0,0.0,0.0,0.0,0.0,0.0,0.0,0.0,0.0,0.0,0.0,0.0,0.0,0.0,0.0,0.0,0.0,0.0,0.0,0.0,0.0,0.0,0.0,0.0,0.0,0.0,0.0,0.0,0.0,0.0,0.0,0.0,0.0,0.0,0.0,0.0,0.0,0.0,0.0,0.0,0.0,0.0,0.0,0.0,0.0,0.0,0.0,0.0,0.0,0.0,0.0,0.0,0.0,0.0,0.0,0.0,0.0,0.0,0.0,0.0,0.0,0.0,0.0,0.0,0.0,0.0,0.0,0.0,0.0,0.0,0.0,0.0,0.0,0.0,0.0,0.0,0.0,0.0,0.0,0.0,0.0,0.0,0.0,0.0,0.0,0.0,0.0,0.0,0.0,0.0,0.0,0.0,0.0,0.0,0.0,0.0,0.0,0.0,0.0,0.0,0.0,0.0,0.0,0.0,0.0,0.0,0.0,0.0,0.0,0.0,0.0,0.0,0.0,0.0,0.0,0.0,0.0,0.0,0.0,0.0,0.0,0.0,0.0,0.0,0.0,0.0,0.0,0.0,0.0,0.0,0.0,0.0,0.0,0.0,0.0,0.0,0.0,0.0,0.0,0.0,0.0,0.0,0.0,0.0,0.0,0.0,0.0,0.0,0.0,0.0,0.0,0.0,0.0,0.0,0.0
CL,0.0,0.0002388915432393,0.0,0.0,0.0,0.0,0.0,0.0,0.7484832399103868,0.0305535724723199,0.25668860842585417,0.0,0.0,0.0,0.0012383135291966568,0.0,0.0007660878447395,0.057611888832228904,0.0,0.0023361519062111,0.0,0.0,0.0,0.0,0.0,0.0541310541310541,0.0,2.4366583288988757,0.0,0.0,0.0,0.0,0.0,0.0,1.1725078014226598,0.0,0.001532175689479,0.0,0.0,0.0486901910110823,0.0,0.0,52.36016110273237,0.0007660878447395,0.3338980644909977,1.1105046770947198,0.0007660878447395,0.0256920901295543,0.0,0.0,0.0,0.0,0.0327383905100308,0.24072940034923682,0.0,0.0992907137135384,0.0,0.1674327545114061,0.0007660878447395,0.0,0.010288641872467301,7.745558406351357e-05,0.0,0.0,4.123259725619645,0.0,0.2314909020552801,0.0,0.0,0.0,0.5165900793222893,0.0,0.5398876289169096,0.0,0.0015093043493619,0.0,0.0,0.0007660878447395,0.0,0.0,0.0,0.0,0.0,0.0,0.0200953529091194,0.0007660878447395,0.0,0.0,0.0,0.0007855263673736137,0.0,0.0424049622627467,0.001532175689479,0.0415021992843433,0.2275796515250415,0.0,0.0333806788338444,0.0,0.0,0.0,0.0007660878447395,0.2584561917453759,0.0,0.0,0.0040994211780728,0.3764576435677211,0.0007854517407553783,0.0007660878447395,0.0,0.0,0.0,0.0,0.0,0.2851466548485854,0.0,0.0,0.0,0.0,0.0121145240920836,0.0,0.0,0.0,0.0,0.0,0.0133691485112462,0.0,0.029824954823727302,0.0,0.0051744625191134,0.0,0.0,0.0003807348181991,0.0,0.0,0.0,0.0,0.0,0.0,0.0,0.0,0.0,0.0,0.0,0.0,0.0,0.0,0.2513888442217557,0.021936758099592203,0.0,0.0,0.0,0.0,0.0,0.0022982635342185,0.0,0.1847084167606353,0.1506825728621308,0.001532175689479,0.0,0.0,0.16568696722592519,0.0006734006734006,0.0,0.09213078866347779,0.0,0.0,0.0080877546981993,0.0,0.051411641001758504,0.0,0.0,0.0,0.1772390377930464,0.0,0.0,0.0033333333333333,0.0,0.0089074180126063,0.0269807666410167,0.037038287526115196,0.0,0.0076518426379866,0.0,0.0,0.0007660878447395,0.0577013237673193,0.0227954709535458,0.0,0.0028619484503556,0.0,0.000842116282084553,0.0,0.0,0.0,0.0,0.0,0.0,0.0,0.0,0.0,0.0,0.0,0.0,0.0,0.0,0.052773001871739,0.0,0.0,0.0,0.0080645161290322,0.0,0.1900619686836465,0.0,0.0,0.1970154644522977,0.0,0.0261319789393639,3.872779203175679e-05,3.081304062411168,0.0,0.0,0.0,0.0,0.0,0.0,0.0017537089904003998,0.0,0.0,0.0,0.0,0.0818520297730007,0.0,0.0
CM,0.0,0.0,0.0,0.0,0.0,0.0,0.0,0.0,0.0002553626149131,0.0,0.0,0.0,0.0,0.0,0.0,0.0,0.0002553626149131,0.0002553626149131,0.0,0.0002553626149131,0.0,0.0,0.0,0.0,0.0,0.0,0.0,0.0005107252298263,0.0,0.0,0.0,0.0,0.0,0.0,0.0002553626149131,0.0,0.0005107252298263,0.0,0.0,1.0005107252298262,0.0,0.0,0.0007660878447395,3.0891385767790256,0.0,0.0007660878447395,0.0002553626149131,0.0,0.0,0.0,0.0,0.0,0.0,0.0,0.0,0.0,0.0,0.0002553626149131,0.0002553626149131,0.0,0.0,0.0,0.0,0.0,0.0028089887640449,0.0,0.0,0.0,0.0,0.0,1.000255362614913,0.0,0.0002553626149131,0.0,0.0,0.0,0.0,0.0002553626149131,0.0,0.0,0.0,0.0,0.0,0.0,0.0002553626149131,0.0002553626149131,0.0,0.0,0.0,0.0,0.0,0.0,0.0005107252298263,0.0,0.0002553626149131,0.0,0.0002553626149131,0.0,0.0,0.0,0.0002553626149131,0.0,0.0,0.0,0.0002553626149131,0.0025536261491317,0.0002553626149131,0.0002553626149131,0.0,0.0,0.0,0.0,0.0,0.0007660878447395,0.0,0.0,0.0,0.0,0.0,0.0,0.0,0.0,0.0,0.0,0.0002553626149131,0.0,0.0002553626149131,0.0,0.0,0.0,0.0,0.0,0.0,0.0,0.0,0.0,0.0,0.0,0.0,0.0,0.0,0.0,0.0,0.0,0.0,0.0,0.0005107252298263,0.0002553626149131,0.0,0.0,0.0,0.0,0.0,0.1007660878447395,0.0,0.0,0.0,0.0005107252298263,0.0,0.0,0.0,0.0,0.0,0.0005107252298263,0.0,0.0,0.0,0.0,0.0,0.0,0.0,0.0,0.0007660878447395,0.0,0.0,0.0,0.0,0.0,0.0,0.0,0.0,0.0,0.0,0.0,0.0002553626149131,0.0002553626149131,0.0002553626149131,0.0,0.0,0.0,0.0,0.0,0.0,0.0,0.0,0.0,0.0,0.0,0.0,0.0,0.0,0.0,0.0,0.0,0.0,0.0,0.0,0.0,0.0,0.0,0.0,0.0002553626149131,0.0,0.0,0.10025536261491311,0.1,0.0,0.0,0.6689649302008852,0.0,0.0,0.0,0.0,0.0,0.0,0.0002553626149131,0.0,0.0,0.0,0.0,0.0002553626149131,0.1,0.0
CN,0.0,0.0761466459122587,0.0,0.0,0.0,0.0,0.0,0.0,0.5754464282477755,0.4938496636611064,26.62247046042127,0.0,0.0,0.0,0.0116505802640797,0.0,1.0,2.7074093485510167,0.0,0.1216650606915152,0.0,0.0,0.0,0.0,0.0,0.0,0.0,2.6226904015475143,0.0,0.0,0.0,0.0,0.0040005271855388,0.0,3.6760208015581233,0.0,0.0,0.0,0.0,3.6600738203661862,0.0,0.0,0.3338980644909977,0.0,21511.743199153603,0.1655584125265318,0.0,0.0157256405015288,0.0,0.0,0.0,0.0024390243902439,1.1337351159458788,16.650536181704755,0.0,1.891961372616787,0.0,0.0007459084726427,0.0,0.0,0.0587932539122486,0.0314832371277583,0.0,0.0,10.697908606093703,1.3333333333333333,0.2633827307941185,0.0,0.0,0.0,6.469558514191871,0.0,30.66277996118756,0.0,0.0615428948175727,0.0,0.0,0.6666666666666666,0.0,0.0,0.0,0.0,0.0,0.0,0.817823087423257,0.0,0.0,0.0,0.0,0.084815137273837,0.0,0.6968801702959895,0.1225169466548776,0.3410308642932425,3.043558887988247,0.0,2.5576471688329625,0.0,0.0,0.06696139109932199,0.0,5.238459893577392,0.0,0.0,0.020663793691962598,15.873404586938886,0.0110370495624524,0.0,0.0,0.0,0.0,0.0,0.0,28.702909120442538,0.0,0.0,0.0,0.0,0.3591748837510888,0.0,0.0,0.0002947244326554,0.0,0.0,0.1593000465931358,0.0037879577513723,0.0828654064778237,0.0,0.0331267074815293,0.0,0.1821877842045909,0.0034266133637921,0.0,0.0,0.0,0.0,0.0,0.0,0.0,0.0,0.0,0.0,0.0,0.0,0.0,0.8333333333333333,0.359569149207488,4.519563140529181,0.0,0.0,0.0,0.0,0.0,1.004063359030766,0.0012193337560357,6.47140520877677,0.18849904228126121,1.0,0.0,0.0,0.7511362519668254,0.0,0.0413466461853558,0.0752173322118176,0.0,0.0,0.30248399648906354,2.0008841732979663,0.9326687345766382,0.0,0.0,0.0,0.6040438312479443,0.0,0.0,0.0089320069601759,0.0,0.3257808351581005,0.2869224623532668,1.2082548335844066,0.0,0.0185251901119654,0.0,0.0,0.0,0.5892147201872013,4.262968210925669,0.0,0.0133858086061306,0.0,0.0932837398598719,0.0,0.0,0.0666666666666666,0.0,0.0,0.0,0.0,0.0,0.0,0.0,0.0,0.0,0.0,0.0,2.4388923364863837,0.0,0.0,0.0,0.0005894488653109,0.0,3.872540053145517,0.0,0.0,17.673282382273108,1.0,1.318265498202658,0.0036696212306918,400.1531880517497,0.0,0.0,0.0,0.0,0.0,0.0,1.0456853352221123,0.0,0.0,0.0,0.0,0.31459686053153246,0.0002947244326554,0.0
CO,0.0,0.0017576628805202,0.0,0.0,0.0,0.0,0.0,0.0,0.2325785143988047,0.040263928352781204,0.0655214333157899,0.0,0.0,0.0,1.9363896015878397e-05,0.0,0.0007660878447395,0.030381637234162803,0.0,0.0018165958339588,0.0,0.0,0.0,0.0,0.0,0.0,0.0,0.5769612223873335,0.0,0.0,0.0,0.0,0.0,0.0,0.0883503977316044,0.0,0.001532175689479,0.0,0.0,0.0157321527206375,0.0,0.0,1.1105046770947198,0.0007660878447395,0.1655584125265318,38.04800150552544,0.0007660878447395,0.0115010437591082,0.0,0.0,0.0,0.0,0.0138509087231527,0.1237865467474223,0.0,0.011078425335941899,0.0,0.0007660878447395,0.0007660878447395,0.1666666666666666,0.0052989365974968,0.0001372208482712,0.0,0.0,1.201412309469689,0.0,0.0346457991811576,0.0,0.0,0.0,0.1324093860350026,0.0,0.7628646837949806,0.0,0.0,0.0,0.0,0.0007660878447395,0.0,0.0,0.0,0.0,0.0,0.0,0.0378229224968733,0.0007660878447395,0.0,0.0,0.0,0.0032212311002671,0.0,0.021991017825820698,0.001532175689479,0.0179068304807782,0.1040311794094259,0.0,0.014034325509765001,0.0,0.0,0.0,0.0007660878447395,0.0997451298860576,0.0,0.0,0.0008645809009790351,0.1442641615862844,0.0008742628489869,0.0007660878447395,0.0,0.0,0.0,0.0,0.0,0.0703466330504239,0.000191570881226,0.0,0.0,0.0,0.0045877773137822,0.0,0.0,0.0,0.0,0.0,0.0046332292864320005,0.0004807692307692,0.0350651552225926,0.0,0.0,0.0,0.0,0.0,0.0,0.0,0.0,0.0,0.0,0.0,0.0,0.0,0.0,0.0,0.0,0.0,0.0,0.0,0.09896027210328559,0.0056701509817859,0.0,0.0,0.0,0.0,0.0,0.0022982635342185,0.0,0.016118820241233803,0.004892761945815,0.001532175689479,0.0,0.0,0.0047757962874039,0.000191570881226,0.0005120327700972,0.18763424075439958,0.0,0.0,0.0026592183698004,0.000191570881226,0.014218358105864401,0.0,0.0,0.0,0.029600103938192103,0.0,0.0,9.849305623953512e-05,0.0,0.011910550921879,0.005011649603008801,0.0074953287087048005,0.0,0.0012682127064404,0.0,0.0,0.0007660878447395,0.0384825045890817,0.004979637150594201,0.0,0.0023039560563748998,0.0,0.0015810416687543,0.0,0.0,0.0,0.0,0.0,0.0,0.0,0.0,0.0,0.0,0.0,0.0,0.0,0.0,0.015458050326927101,0.0,0.0,0.0,0.0,0.0,0.0967832740064174,0.0,0.0,0.055470446330075196,0.0,0.034126262237207806,0.0001178569522554,5.361021104336954,0.0,0.0,0.0,0.0,0.0,0.0,0.0017276263062779,0.0,0.0,0.0,0.0,0.0103369315774097,0.0,0.0
CR,0.0,0.0,0.0,0.0,0.0,0.0,0.0,0.0,0.0002553626149131,0.0,0.0,0.0,0.0,0.0,0.0,0.0,0.0002553626149131,0.0002553626149131,0.0,0.0002553626149131,0.0,0.0,0.0,0.0,0.0,0.0,0.0,0.0005107252298263,0.0,0.0,0.0,0.0,0.0,0.0,0.0002553626149131,0.0,0.0005107252298263,0.0,0.0,0.0005107252298263,0.0,0.0,0.0007660878447395,0.0002553626149131,0.0,0.0007660878447395,4.02247191011236,0.0,0.0,0.0,0.0,0.0,0.0,1.0,0.0,0.0,0.0,0.0002553626149131,0.0002553626149131,0.0,0.0,0.0,0.0,0.0,1.002808988764045,0.0,0.0,0.0,0.0,0.0,0.0002553626149131,0.0,0.0002553626149131,0.0,0.0,0.0,0.0,0.0002553626149131,0.0,0.0,0.0,0.0,0.0,0.0,0.0002553626149131,0.0002553626149131,0.0,0.0,0.0,0.0,0.0,0.0,0.0005107252298263,0.0,0.0002553626149131,0.0,0.0002553626149131,0.0,0.0,0.0,0.0002553626149131,0.0,0.0,0.0,0.0002553626149131,0.0025536261491317,0.0002553626149131,0.0002553626149131,0.0,0.0,0.0,0.0,0.0,0.0007660878447395,0.0,0.0,0.0,0.0,0.0,0.0,0.0,0.0,0.0,0.0,0.0002553626149131,0.0,0.0002553626149131,0.0,0.0,0.0,0.0,0.0,0.0,0.0,0.0,0.0,0.0,0.0,0.0,0.0,0.0,0.0,0.0,0.0,0.0,0.0,0.0005107252298263,0.0002553626149131,0.0,0.0,0.0,0.0,0.0,0.0007660878447395,0.0,0.0,0.0,0.0005107252298263,0.0,0.0,0.0,0.0,0.0,0.0005107252298263,0.0,0.0,0.0,0.0,0.0,0.0,0.0,0.0,0.0007660878447395,0.0,0.0,0.0,0.0,0.0,0.0,0.0,0.0,0.0,0.0,0.0,0.0002553626149131,0.0002553626149131,0.0002553626149131,0.0,0.0,0.0,0.0,0.0,0.0,0.0,0.0,0.0,0.0,0.0,0.0,0.0,0.0,0.0,0.0,0.0,0.0,0.0,0.0,0.0,0.0,0.0,0.0,0.0002553626149131,0.0,0.0,0.0002553626149131,0.0,0.0,0.0,0.0022982635342185,0.0,0.0,0.0,0.0,0.0,0.0,0.0002553626149131,0.0,0.0,0.0,0.0,0.0002553626149131,0.0,0.0
CU,0.0,0.0005120327700972,0.0,0.0,0.0,0.0,0.0,0.0,0.0474797446984767,0.0005120327700972,0.0020481310803891,0.0,0.0,0.0,0.0003807348181991,0.0,0.0,0.0020481310803891,0.0,0.0005120327700972,0.0,0.0,0.0,0.0,0.0,0.0,0.0,0.026263192356853,0.0,0.0,0.0,0.0,0.0,0.0,0.0,0.0,0.0,0.0,0.0,0.0,0.0,0.0,0.0256920901295543,0.0,0.0157256405015288,0.0115010437591082,0.0,0.2740206503313299,0.0,0.0,0.0,0.0,0.0010240655401945,0.0011422044545973,0.0,0.0,0.0,0.0,0.0,0.0,0.0,0.0,0.0,0.0,0.007808871121264,0.0,0.0047381336917269,0.0,0.0,0.0,0.0011422044545973,0.0,0.0015229392727964,0.0,0.0,0.0,0.0,0.0,0.0,0.0,0.0,0.0,0.0,0.0,0.0,0.0,0.0,0.0,0.0,0.0010240655401945,0.0,0.0007614696363982,0.0,0.0,0.0020481310803891,0.0,0.0,0.0,0.0,0.0,0.0,0.0047264338452783,0.0,0.0,0.0033333333333333,0.0,0.0,0.0,0.0,0.0,0.0,0.0,0.0,0.0009518370454978,0.0,0.0,0.0,0.0,0.0033333333333333,0.0,0.0,0.0,0.0,0.0,0.0010240655401945,0.0,0.0,0.0,0.0005711022272986,0.0,0.0,0.0001903674090995,0.0,0.0,0.0,0.0,0.0,0.0,0.0,0.0,0.0,0.0,0.0,0.0,0.0,0.0,0.0221683893871214,0.0,0.0,0.0,0.0,0.0,0.0,0.0,0.0,0.0,0.0,0.0,0.0,0.0,0.0,0.0,0.0005120327700972,0.0116914111682077,0.0,0.0,0.0,0.0,0.0,0.0,0.0,0.0,0.0108927675882963,0.0,0.0,0.0033333333333333,0.0,0.0010240655401945,0.009476267383454,0.0005711022272986,0.0,0.0033333333333333,0.0,0.0,0.0,0.0066666666666666,0.0001903674090995,0.0,0.0,0.0,0.0,0.0,0.0,0.0,0.0,0.0,0.0,0.0,0.0,0.0,0.0,0.0,0.0,0.0,0.0,0.0,0.0,0.0,0.0,0.0,0.0,0.0049168012543779,0.0,0.0,0.0,0.0,0.0,0.0,0.0308460131906641,0.0,0.0,0.0,0.0,0.0,0.0,0.0,0.0,0.0,0.0,0.0,0.0003807348181991,0.0,0.0
CV,0.0,0.0,0.0,0.0,0.0,0.0,0.0,0.0,0.0,0.0,0.0,0.0,0.0,0.0,0.0,0.0,0.0,0.0,0.0,0.0,0.0,0.0,0.0,0.0,0.0,0.0,0.0,0.0,0.0,0.0,0.0,0.0,0.0,0.0,0.0,0.0,0.0,0.0,0.0,0.0,0.0,0.0,0.0,0.0,0.0,0.0,0.0,0.0,0.0,0.0,0.0,0.0,0.0,0.0,0.0,0.0,0.0,0.0,0.0,0.0,0.0,0.0,0.0,0.0,0.0,0.0,0.0,0.0,0.0,0.0,0.0,0.0,0.0,0.0,0.0,0.0,0.0,0.0,0.0,0.0,0.0,0.0,0.0,0.0,0.0,0.0,0.0,0.0,0.0,0.0,0.0,0.0,0.0,0.0,0.0,0.0,0.0,0.0,0.0,0.0,0.0,0.0,0.0,0.0,0.0,0.0,0.0,0.0,0.0,0.0,0.0,0.0,0.0,0.0,0.0,0.0,0.0,0.0,0.0,0.0,0.0,0.0,0.0,0.0,0.0,0.0,0.0,0.0,0.0,0.0,0.0,0.0,0.0,0.0,0.0,0.0,0.0,0.0,0.0,0.0,0.0,0.0,0.0,0.0,0.0,0.0,0.0,0.0,0.0,0.0,0.0,0.0,0.0,0.0,0.0,0.0,0.0,0.0,0.0,0.0,0.0,0.0,0.0,0.0,0.0,0.0,0.0,0.0,0.0,0.0,0.0,0.0,0.0,0.0,0.0,0.0,0.0,0.0,0.0,0.0,0.0,0.0,0.0,0.0,0.0,0.0,0.0,0.0,0.0,0.0,0.0,0.0,0.0,0.0,0.0,0.0,0.0,0.0,0.0,0.0,0.0,0.0,0.0,0.0,0.0,0.0,0.0,0.0,0.0,0.0,0.0,0.0,0.0,0.0,0.0,0.0,0.0,0.0,0.0,0.0,0.0,0.0,0.0,0.0,0.0,0.0,0.0,0.0,0.0,0.0,0.0,0.0,0.0
CW,0.0,0.0,0.0,0.0,0.0,0.0,0.0,0.0,0.0,0.0,0.0,0.0,0.0,0.0,0.0,0.0,0.0,0.0,0.0,0.0,0.0,0.0,0.0,0.0,0.0,0.0,0.0,0.0,0.0,0.0,0.0,0.0,0.0,0.0,0.0,0.0,0.0,0.0,0.0,0.0,0.0,0.0,0.0,0.0,0.0,0.0,0.0,0.0,0.0,0.0,0.0,0.0,0.0,0.0,0.0,0.0,0.0,0.0,0.0,0.0,0.0,0.0,0.0,0.0,0.0,0.0,0.0,0.0,0.0,0.0,0.0,0.0,0.0,0.0,0.0,0.0,0.0,0.0,0.0,0.0,0.0,0.0,0.0,0.0,0.0,0.0,0.0,0.0,0.0,0.0,0.0,0.0,0.0,0.0,0.0,0.0,0.0,0.0,0.0,0.0,0.0,0.0,0.0,0.0,0.0,0.0,0.0,0.0,0.0,0.0,0.0,0.0,0.0,0.0,0.0,0.0,0.0,0.0,0.0,0.0,0.0,0.0,0.0,0.0,0.0,0.0,0.0,0.0,0.0,0.0,0.0,0.0,0.0,0.0,0.0,0.0,0.0,0.0,0.0,0.0,0.0,0.0,0.0,0.0,0.0,0.0,0.0,0.0,0.0,0.0,0.0,0.0,0.0,0.0,0.0,0.0,0.0,0.0,0.0,0.0,0.0,0.0,0.0,0.0,0.0,0.0,0.0,0.0,0.0,0.0,0.0,0.0,0.0,0.0,0.0,0.0,0.0,0.0,0.0,0.0,0.0,0.0,0.0,0.0,0.0,0.0,0.0,0.0,0.0,0.0,0.0,0.0,0.0,0.0,0.0,0.0,0.0,0.0,0.0,0.0,0.0,0.0,0.0,0.0,0.0,0.0,0.0,0.0,0.0,0.0,0.0,0.0,0.0,0.0,0.0,0.0,0.0,0.0,0.0,0.0,0.0,0.0,0.0,0.0,0.0,0.0,0.0,0.0,0.0,0.0,0.0,0.0,0.0
CX,0.0,0.0,0.0,0.0,0.0,0.0,0.0,0.0,0.0,0.0,0.0,0.0,0.0,0.0,0.0,0.0,0.0,0.0,0.0,0.0,0.0,0.0,0.0,0.0,0.0,0.0,0.0,0.0,0.0,0.0,0.0,0.0,0.0,0.0,0.0,0.0,0.0,0.0,0.0,0.0,0.0,0.0,0.0,0.0,0.0,0.0,0.0,0.0,0.0,0.0,0.0,0.0,0.0,0.0,0.0,0.0,0.0,0.0,0.0,0.0,0.0,0.0,0.0,0.0,0.0,0.0,0.0,0.0,0.0,0.0,0.0,0.0,0.0,0.0,0.0,0.0,0.0,0.0,0.0,0.0,0.0,0.0,0.0,0.0,0.0,0.0,0.0,0.0,0.0,0.0,0.0,0.0,0.0,0.0,0.0,0.0,0.0,0.0,0.0,0.0,0.0,0.0,0.0,0.0,0.0,0.0,0.0,0.0,0.0,0.0,0.0,0.0,0.0,0.0,0.0,0.0,0.0,0.0,0.0,0.0,0.0,0.0,0.0,0.0,0.0,0.0,0.0,0.0,0.0,0.0,0.0,0.0,0.0,0.0,0.0,0.0,0.0,0.0,0.0,0.0,0.0,0.0,0.0,0.0,0.0,0.0,0.0,0.0,0.0,0.0,0.0,0.0,0.0,0.0,0.0,0.0,0.0,0.0,0.0,0.0,0.0,0.0,0.0,0.0,0.0,0.0,0.0,0.0,0.0,0.0,0.0,0.0,0.0,0.0,0.0,0.0,0.0,0.0,0.0,0.0,0.0,0.0,0.0,0.0,0.0,0.0,0.0,0.0,0.0,0.0,0.0,0.0,0.0,0.0,0.0,0.0,0.0,0.0,0.0,0.0,0.0,0.0,0.0,0.0,0.0,0.0,0.0,0.0,0.0,0.0,0.0,0.0,0.0,0.0,0.0,0.0,0.0,0.0,0.0,0.0,0.0,0.0,0.0,0.0,0.0,0.0,0.0,0.0,0.0,0.0,0.0,0.0,0.0
CY,0.0,0.0,0.0,0.0,0.0,0.0,0.0,0.0,0.0,0.0001730702665282,0.0004345936549326,0.0,0.0,0.0,0.0,0.0,0.0,0.8187153041501212,0.0,0.0,0.0,0.0,0.0,0.0,0.0,0.0,0.0,0.0,0.0,0.0,0.0,0.0,0.0,0.0,0.005747236090353,0.0,0.0,0.0,0.0,0.0051080452949611,0.0,0.0,0.0,0.0,0.0024390243902439,0.0,0.0,0.0,0.0,0.0,0.0,35.09609484876124,0.005079839580077099,0.7295252330259457,0.0,0.1002897291032884,0.0,0.0,0.0,0.0,0.0001730702665282,0.0,0.0,0.0,0.07254284277480691,0.0,0.0,0.0,0.0,0.0,1.0059164307540673,0.0,0.0029178247933197,0.0,0.0,0.0,0.0,0.0,0.0,0.0,0.0,0.0,0.0,0.0,1.0513213945001043,0.0,0.0,0.0,0.0,0.005051119047015999,0.0,0.025,0.0,0.0,0.0,0.0,0.0,0.0,0.0,0.0,0.0,0.053090895059847903,0.0,0.0,0.0,0.0017383746197305,0.0,0.0,0.0,0.0,0.0,0.0,0.0,0.0097560975609756,0.0,0.0,0.0,0.0,0.0,0.0,0.0,0.0,0.0,0.0,0.075,0.0,0.0,0.0,0.0,0.0,0.0,0.0,0.0,0.0,0.0,0.0,0.0,0.0,0.0,0.0,0.0,0.0,0.0,0.0,0.0,0.0,0.0,0.0,0.0,0.0,0.0,0.0,0.0,0.0,0.0,0.4012999449875736,0.0,0.0,0.0,0.0,0.0,0.0,0.0,0.0,0.0,0.0,0.0,0.0,0.0004910050847006,0.0,0.0,0.0,0.0256922810661128,0.0,0.0,0.0,0.0,0.0,0.0074901434372599,0.0,0.0,0.0,0.0,0.0,0.0,0.0,0.0,0.0,0.1253461405330564,0.0,0.0001448645516442,0.0,0.0,0.0,0.0,0.0,0.0,0.0,0.0,0.0,0.0,0.0,0.0,0.0,0.0,0.0,0.0,0.0,0.0,0.0,0.0,0.0146341463414634,0.0,0.0,0.0097560975609756,0.0,0.0,0.0,2.5150005880704827,0.0,0.0,0.0,0.0,0.0,0.0,0.0,0.0,0.0,0.0,0.0,0.0,0.0,0.0
CZ,0.0,0.0010240655401945,0.0,0.0,0.0,0.0,0.0,0.0,0.1035813076810707,0.802986023914993,0.6254786921672,0.0,0.0,0.0,0.0158619785073934,0.0,0.0,2.3831941035774413,0.0,0.12687984492243698,0.0,0.0,0.0,0.0,0.0,0.0,0.0,0.4361968735375435,0.0,0.0,0.0,0.0,0.0006729726167665217,0.0,0.5255686819870964,0.0,0.0,0.0,0.0,0.6474460945268479,0.0011737089201877,0.0,0.0327383905100308,0.0,1.1337351159458788,0.0138509087231527,0.0,0.0010240655401945,0.0,0.0,0.0,0.005079839580077099,126.62157324312014,3.1831540874696893,0.0,0.2568363899525077,0.0,0.0001755078759159,0.0,0.0,0.013500415981638002,0.0004883633928140999,0.0,0.0,3.908483735650135,0.0,0.186523245653434,0.0,0.0,0.0,3.470904942674373,0.0,1.890953159492681,0.0,0.09016568930302771,0.0,0.0,0.0,0.0,0.0,0.0,0.0,0.0,0.0,2.462168683445257,0.0,0.0,0.0,0.0,0.037516128696652495,0.0,0.5722597778038556,0.0001473622163277,0.3466476446580919,0.9710142417729747,0.0,0.0772707486194184,0.0,0.0,0.0001473622163277,0.0,3.2086431060414418,0.0,0.0,0.0006491398896462,0.861437371092111,0.0013313373280265,0.0,0.0,0.0,0.0,0.0,0.0,0.8002767095938347,0.0,0.0,0.0,0.0,0.0027224467845418,0.0,0.0,0.0001473622163277,0.0,0.0,0.12889120484358768,0.001367331113339,0.0099751108843696,0.0,0.0009341442776967,0.0,0.0044296788482834,0.0,0.0,0.0,0.0,0.0,0.0,0.0,0.0,0.0,0.0,0.0,0.0,0.0,0.0,0.0,0.046403437626083795,0.0591764183582386,0.0,0.0,0.0,0.0,0.0,0.0005894488653109,4.8773350241428086e-05,0.7908600624568698,2.6150414517595566,0.0,0.0,0.0,0.0892320151826462,0.0,0.0010240655401945,0.0157869542513824,0.0,0.0,0.0277928591713302,0.0004420866489832,1.169494167383844,0.0,0.0,0.0,0.1386329243445277,0.0,0.0,0.0,0.0,0.1959145892996135,0.09423550737847,0.35088454231409927,0.0,0.0034128832160206,0.0,0.0,0.0,0.414937371993739,0.044551900391893495,0.0,0.32110437644433554,0.0,0.2836278854777301,0.0,0.0,0.0,0.0,0.0,0.0,0.0,0.0,0.0,0.0,0.0,0.0,0.0,0.0,0.0598399952977759,0.0,0.0,0.0,0.0002947244326554,0.0,0.5049598738607651,0.0,0.0,0.3533067163809158,0.0,0.0511479129038271,0.0002723273559953,14.181954739448038,0.0,0.0,0.0,0.0,0.0,0.0,0.0060693009003789,0.0,0.0,0.0,0.0,0.0595461853827642,0.0001473622163277,0.0
DE,0.0,0.0201444433887145,0.0,0.0,0.0,0.0357142857142857,0.0059676044330775,0.0,0.2905256670658535,21.694920463607843,13.309958282145328,0.0,0.0,0.0,0.038837390725388304,0.0,1.0509523809523809,18.95791168619778,0.0,0.0651203386265009,0.0,0.0,0.0,0.0,0.0,0.0028490028490028,0.0,3.509935240615281,0.0,0.0,0.0,0.0,0.0007733406328254,0.0,11.002172439848668,0.0,0.0,0.0,0.0,56.33937215751001,0.0039123630672926,0.0,0.24072940034923682,0.0,16.650536181704755,0.1237865467474223,1.0,0.0011422044545973,0.0,0.0,0.0,0.7295252330259457,3.1831540874696893,3203.650847993077,0.0,14.04854501022225,0.0,0.0006581545346847,0.0,0.0,0.0797719243939262,0.1545146223735813,0.0,0.0,34.48826665055674,0.8679653679653679,1.2142998071174362,0.0,0.0,0.0,30.529683270963933,0.0,46.616652428089736,0.0,0.053522897099950596,0.0,0.0,0.0476190476190476,0.0,0.0,0.0,0.0,0.0,0.0,4.155821384000003,0.0,0.0,0.0,0.0,0.0421085175286459,0.0,2.7984358956657567,1.0364510967959244,1.1586399877997,2.7458852672234393,0.0,2.7266195302369916,0.0,0.0,0.0007368110816386,0.0052443361367846,25.396114261160744,0.0,0.0,0.4458175613693801,24.208294272966917,0.0070062754987474,0.0,0.0,0.0,0.0,0.0,0.0,17.369057404839396,0.0,0.0,0.0004807692307692,0.0,0.8293532701494212,0.0,0.0,0.0364510967959243,0.0,0.0,0.2312928701521889,0.048395621933683595,0.3972519611639898,0.0,0.013178889007217,0.0,0.0,0.0011422044545973,0.0,0.0666666666666666,0.0,0.0,0.0,0.0,0.0,0.0,0.0,0.0,0.0,0.0,0.0,0.6666666666666666,0.2141574312035961,0.1488649208792779,0.0,0.0,0.0,0.0,0.0,1.0035882357265866,0.0004389601521728,51.63312124097496,3.1717223557453735,0.0,0.0,0.0,0.159463407115298,0.0,0.0,0.07908659340909831,0.0,0.0,0.0191029717943136,0.0379247189592017,3.7745768097087216,0.0,0.0,0.0,1.0800172061217688,0.0,0.0,0.0006894513936767,0.0,0.30650291486520376,0.2701868314529699,0.8384405942296406,0.0,0.2586454966439566,0.0,0.0,0.0,10.328521288945927,1.5035077048536687,0.0,0.2106121318866469,0.0,1.083767347247403,0.0,0.0,0.0,0.0,0.0,0.0,0.0,0.0,0.0,0.0,0.0,0.0,0.0,0.0,0.2811339462701069,0.0,0.0,0.0,0.0127093856496034,0.0,1.507395255088598,0.0,0.0,2.067273748963154,0.0944444444444443,0.08772639395114601,0.0015412448885202,253.1204463736413,0.0715950715950715,0.0,0.0,0.0,0.0,0.0,0.0093693097147589,0.0,0.0,0.0,0.0,0.34942774744263233,0.0007368110816386,0.0
DJ,0.0,0.0,0.0,0.0,0.0,0.0,0.0,0.0,0.0,0.0,0.0,0.0,0.0,0.0,0.0,0.0,0.0,0.0,0.0,0.0,0.0,0.0,0.0,0.0,0.0,0.0,0.0,0.0,0.0,0.0,0.0,0.0,0.0,0.0,0.0,0.0,0.0,0.0,0.0,0.0,0.0,0.0,0.0,0.0,0.0,0.0,0.0,0.0,0.0,0.0,0.0,0.0,0.0,0.0,0.0,0.0,0.0,0.0,0.0,0.0,0.0,0.0,0.0,0.0,0.0,0.0,0.0,0.0,0.0,0.0,0.0,0.0,0.0,0.0,0.0,0.0,0.0,0.0,0.0,0.0,0.0,0.0,0.0,0.0,0.0,0.0,0.0,0.0,0.0,0.0,0.0,0.0,0.0,0.0,0.0,0.0,0.0,0.0,0.0,0.0,0.0,0.0,0.0,0.0,0.0,0.0,0.0,0.0,0.0,0.0,0.0,0.0,0.0,0.0,0.0,0.0,0.0,0.0,0.0,0.0,0.0,0.0,0.0,0.0,0.0,0.0,0.0,0.0,0.0,0.0,0.0,0.0,0.0,0.0,0.0,0.0,0.0,0.0,0.0,0.0,0.0,0.0,0.0,0.0,0.0,0.0,0.0,0.0,0.0,0.0,0.0,0.0,0.0,0.0,0.0,0.0,0.0,0.0,0.0,0.0,0.0,0.0,0.0,0.0,0.0,0.0,0.0,0.0,0.0,0.0,0.0,0.0,0.0,0.0,0.0,0.0,0.0,0.0,0.0,0.0,0.0,0.0,0.0,0.0,0.0,0.0,0.0,0.0,0.0,0.0,0.0,0.0,0.0,0.0,0.0,0.0,0.0,0.0,0.0,0.0,0.0,0.0,0.0,0.0,0.0,0.0,0.0,0.0,0.0,0.0,0.0,0.0,0.0,0.0,0.0,0.0,0.0,0.0,0.0,0.0,0.0,0.0,0.0,0.0,0.0,0.0,0.0,0.0,0.0,0.0,0.0,0.0,0.0
DK,0.0,0.0009493670886075,0.0,0.0,0.0,0.0,0.0,0.0,0.0458888917733321,1.157797872540966,4.4021026064713,0.0,0.0,0.0,0.0101534839060239,0.0,0.0033333333333333,6.658698477771071,0.0,0.030841798992236203,0.0,0.0,0.0,0.0,0.0,0.0,0.0,0.2633549395627166,0.0,0.0,0.0,0.0,0.0478197836511653,0.0,2.60412708331888,0.0,0.0,0.0,0.0,3.345112592596749,0.001564945226917,0.0,0.0992907137135384,0.0,1.891961372616787,0.011078425335941899,0.0,0.0,0.0,0.0,0.0,0.1002897291032884,0.2568363899525077,14.04854501022225,0.0,1049.9441037712927,0.0,8.775393795796587e-05,0.0,0.0,0.23021913909030717,0.0227036531522638,0.0,0.0,8.199001151892475,0.0,3.336163028053099,0.0,0.0,0.0,5.80150487490042,0.0151515151515151,16.87134189226596,0.0,0.0012820512820512,0.0,0.0,0.0,0.0,0.3333333333333333,0.0,0.0,0.0,0.0,1.021308531161378,0.0,0.3333333333333333,0.0,0.0,0.010136628301817,0.0,1.2710967502861192,0.0001473622163277,0.7564705023937122,0.906387107634034,0.0,4.135580373713225,0.0,0.0,0.0001473622163277,0.44531388427084884,2.664048678519412,0.0,0.0,0.0370125654935781,3.769709337529849,0.005635926695433,0.0,0.0,0.0,0.0,0.0,0.0,1.3377047451834345,0.2,0.0,0.0,0.0,0.0027102885519156997,0.0,0.0,0.0001473622163277,0.0,0.0,0.5864155026392894,0.0388771214482596,0.034331728548038905,0.0,0.0020460963935429,0.0,0.0581876835668544,0.0,0.0,0.0666666666666666,0.0,0.0,0.0,0.0,0.0,0.0,0.0,0.0,0.0,0.0,0.0,0.0,0.427929152747195,0.0494463462307535,0.0,0.0,0.0,0.0,0.0,0.0005894488653109,0.0,9.414860883264526,9.758216070656825,0.0,0.0,0.0,0.221005813907293,0.0,0.0,0.0054476208997416,0.0,0.0,0.0097177032074828,0.0004420866489832,0.4535368259184643,0.0,0.0,0.0,0.4927798149218875,0.0,0.0,0.1333333333333333,0.0,0.5316775236075237,0.015676583337659,0.1230380819585453,0.0,0.3358638256679875,0.0,0.0,0.0,17.01208452923546,0.0501121522748503,0.0,0.1268692900860262,0.0,0.0552154475149088,0.0,0.0,0.0,0.0,0.0,0.0,0.0,0.0,0.0,0.0,0.0,0.0,0.0,0.0,0.0770038609124261,0.0,0.0,0.0,0.0002947244326554,0.0,0.7483091777244887,0.0,0.0,0.39231645680680494,0.0,0.0688344123998431,8.775393795796587e-05,95.9730886409763,0.0,0.0,0.0,0.0,0.0,0.0,0.0013341521060908001,0.0,0.0,0.0,0.0,1.249920368348524,0.0001473622163277,0.0
DM,0.0,0.0,0.0,0.0,0.0,0.0,0.0,0.0,0.0,0.0,0.0,0.0,0.0,0.0,0.0,0.0,0.0,0.0,0.0,0.0,0.0,0.0,0.0,0.0,0.0,0.0,0.0,0.0,0.0,0.0,0.0,0.0,0.0,0.0,0.0,0.0,0.0,0.0,0.0,0.0,0.0,0.0,0.0,0.0,0.0,0.0,0.0,0.0,0.0,0.0,0.0,0.0,0.0,0.0,0.0,0.0,0.0,0.0,0.0,0.0,0.0,0.0,0.0,0.0,0.0,0.0,0.0,0.0,0.0,0.0,0.0,0.0,0.0,0.0,0.0,0.0,0.0,0.0,0.0,0.0,0.0,0.0,0.0,0.0,0.0,0.0,0.0,0.0,0.0,0.0,0.0,0.0,0.0,0.0,0.0,0.0,0.0,0.0,0.0,0.0,0.0,0.0,0.0,0.0,0.0,0.0,0.0,0.0,0.0,0.0,0.0,0.0,0.0,0.0,0.0,0.0,0.0,0.0,0.0,0.0,0.0,0.0,0.0,0.0,0.0,0.0,0.0,0.0,0.0,0.0,0.0,0.0,0.0,0.0,0.0,0.0,0.0,0.0,0.0,0.0,0.0,0.0,0.0,0.0,0.0,0.0,0.0,0.0,0.0,0.0,0.0,0.0,0.0,0.0,0.0,0.0,0.0,0.0,0.0,0.0,0.0,0.0,0.0,0.0,0.0,0.0,0.0,0.0,0.0,0.0,0.0,0.0,0.0,0.0,0.0,0.0,0.0,0.0,0.0,0.0,0.0,0.0,0.0,0.0,0.0,0.0,0.0,0.0,0.0,0.0,0.0,0.0,0.0,0.0,0.0,0.0,0.0,0.0,0.0,0.0,0.0,0.0,0.0,0.0,0.0,0.0,0.0,0.0,0.0,0.0,0.0,0.0,0.0,0.0,0.0,0.0,0.0,0.0,0.0,0.0,0.0,0.0,0.0,0.0,0.0,0.0,0.0,0.0,0.0,0.0,0.0,0.0,0.0
DO,0.0,0.0,0.0,0.0,0.0,0.0,0.0,0.0,0.0002553626149131,0.0001316309069369,0.0002193848448949,0.0,0.0,0.0,0.0,0.0,0.0002553626149131,0.00029923958389208293,0.0,0.00029923958389208293,0.0,0.0,0.0,0.0,0.0,0.0,0.0,0.0007301100747212,0.0,0.0,0.0,0.0,0.0,0.0,0.0002553626149131,0.0,0.0005107252298263,0.0,0.0,0.0005107252298263,0.0,0.0,0.1674327545114061,0.0002553626149131,0.0007459084726427,0.0007660878447395,0.0002553626149131,0.0,0.0,0.0,0.0,0.0,0.0001755078759159,0.0006581545346847,0.0,8.775393795796587e-05,0.0,1.1984843711715496,0.0002553626149131,0.0,0.0,0.0,0.0,0.0,0.0039936669264774,0.0,0.0,0.0,0.0,0.0,0.0007380092736819,0.0,0.1677556916921804,0.0,0.0,0.0,0.0,0.0002553626149131,0.0,0.0,0.0,0.0,0.0,0.0,0.00043087049082900003,0.0002553626149131,0.0,0.0,0.0,0.0,0.0,0.0001316309069369,0.0005107252298263,0.0,0.0002553626149131,0.0,0.0005186244287869,0.0,0.0,0.0,0.0002553626149131,0.0003510157518318,0.0,0.0,0.0002553626149131,0.0025536261491317,0.00029923958389208293,0.0002553626149131,0.0,0.0,0.0,0.0,0.0,0.0012048575345292999,0.0,0.0,0.0,0.0,0.0,0.0,0.0,0.0,0.0,0.0,0.0002553626149131,0.0,0.0002553626149131,0.0,0.0,0.0,0.0,0.0,0.0,0.0,0.0,0.0,0.0,0.0,0.0,0.0,0.0,0.0,0.0,0.0,0.0,0.0,0.000554602198805283,0.0002553626149131,0.0,0.0,0.0,0.0,0.0,0.0007660878447395,0.0,0.0,0.0,0.0005107252298263,0.0,0.0,8.775393795796587e-05,0.0,0.0,0.0005107252298263,0.0,0.0,0.0,0.0,0.0001316309069369,0.0,0.0,0.0,0.0009854726896344,0.0,0.0,0.0,0.0,4.387696897898293e-05,0.0,4.387696897898293e-05,0.0,0.0,0.0,0.0,0.0002553626149131,0.0002553626149131,0.00029923958389208293,0.0,0.0,0.0,0.0,0.0,0.0,0.0,0.0,0.0,0.0,0.0,0.0,0.0,0.0,0.0,0.0,0.0,0.0,0.0001316309069369,0.0,0.0,0.0,0.0,0.0,0.0007380092736819,0.0,0.0,0.0005186244287869,0.0,0.0,4.387696897898293e-05,0.8371672907818162,0.0,0.0,0.0,0.0,0.0,0.0,0.00029923958389208293,0.0,0.0,0.0,0.0,0.0002553626149131,0.0,0.0
DZ,0.0,0.0,0.0,0.0,0.0,0.0,0.0,0.0,0.0002553626149131,0.0,0.0,0.0,0.0,0.0,0.0,0.0,0.0002553626149131,0.0002553626149131,0.0,0.0002553626149131,0.0,0.0,0.0,0.0,0.0,0.0,0.0,0.0005107252298263,0.0,0.0,0.0,0.0,0.0,0.0,0.0002553626149131,0.0,0.0005107252298263,0.0,0.0,0.0005107252298263,0.0,0.0,0.0007660878447395,0.0002553626149131,0.0,0.0007660878447395,0.0002553626149131,0.0,0.0,0.0,0.0,0.0,0.0,0.0,0.0,0.0,0.0,0.0002553626149131,0.0224719101123595,0.0,0.0,0.0,0.0,0.0,0.0028089887640449,0.0,0.0,0.0,0.0,0.0,0.0002553626149131,0.0,0.0002553626149131,0.0,0.0,0.0,0.0,0.0002553626149131,0.0,0.0,0.0,0.0,0.0,0.0,0.0002553626149131,0.0002553626149131,0.0,0.0,0.0,0.0,0.0,0.0,0.0005107252298263,0.0,0.0002553626149131,0.0,0.0002553626149131,0.0,0.0,0.0,0.0002553626149131,0.0,0.0,0.0,0.0002553626149131,0.0025536261491317,0.0002553626149131,0.0002553626149131,0.0,0.0,0.0,0.0,0.0,0.0007660878447395,0.0,0.0,0.0,0.0,0.0,0.0,0.0,0.0,0.0,0.0,0.0002553626149131,0.0,0.0002553626149131,0.0,0.0,0.0,0.0,0.0,0.0,0.0,0.0,0.0,0.0,0.0,0.0,0.0,0.0,0.0,0.0,0.0,0.0,0.0,0.0005107252298263,0.0002553626149131,0.0,0.0,0.0,0.0,0.0,0.0007660878447395,0.0,0.0,0.0,0.0005107252298263,0.0,0.0,0.0,0.0,0.0,0.0005107252298263,0.0,0.0,0.0,0.0,0.0,0.0,0.0,0.0,0.0007660878447395,0.0,0.0,0.0,0.0,0.0,0.0,0.0,0.0,0.0,0.0,0.0,0.0002553626149131,0.0002553626149131,0.0002553626149131,0.0,0.0,0.0,0.0,0.0,0.0,0.0,0.0,0.0,0.0,0.0,0.0,0.0,0.0,0.0,0.0,0.0,0.0,0.0,0.0,0.0,0.0,0.0,0.0,0.0002553626149131,0.0,0.0,0.0002553626149131,0.0,0.0,0.0,0.0022982635342185,0.0,0.0,0.0,0.0,0.0,0.0,0.0002553626149131,0.0,0.0,0.0,0.0,0.0002553626149131,0.0,0.0
EC,0.0,0.0,0.0,0.0,0.0,0.0,0.0,0.0,0.0,0.0,0.0,0.0,0.0,0.0,0.0,0.0,0.0,0.2714285714285714,0.0,0.0,0.0,0.0,0.0,0.0,0.0,0.0,0.0,0.338095238095238,0.0,0.0,0.0,0.0,0.0,0.0,0.0109890109890109,0.0,0.0,0.0,0.0,0.0,0.0,0.0,0.0,0.0,0.0,0.1666666666666666,0.0,0.0,0.0,0.0,0.0,0.0,0.0,0.0,0.0,0.0,0.0,0.0,0.0,16.692857142857147,0.0,0.0,0.0,0.0,0.0109890109890109,0.0,0.0,0.0,0.0,0.0,0.0109890109890109,0.0,0.0,0.0,0.0,0.0,0.0,0.0,0.0,0.0,0.0,0.0,0.0,0.0,0.0,0.0,0.0,0.0,0.0,0.0,0.0,0.0,0.0,0.0,0.0109890109890109,0.0,0.0109890109890109,0.0,0.0,0.0,0.0,0.0,0.0,0.0,0.0,0.0,0.0,0.0,0.0,0.0,0.0,0.0,0.0,0.0,0.0,0.0,0.0,0.0,0.0,0.0,0.0,0.0,0.0,0.0,0.0,0.0,0.0,0.0,0.0,0.0,0.0,0.0,0.0,0.0,0.0,0.0,0.0,0.0,0.0,0.0,0.0,0.0,0.0,0.0,0.0,0.0,0.3,0.0,0.0,0.0,0.0,0.0,0.0,0.0,0.0,0.1,0.0,0.0,0.0,0.0,0.0,0.0,0.0,0.0,0.0,0.0,0.0,0.0,0.0,0.0,0.0,0.0,0.1,0.0,0.0,0.0,0.0,0.0,0.0,0.0,0.0,0.0,0.0,0.0,0.0,0.0,0.0,0.0,0.0,0.0,0.0,0.0,0.0,0.0,0.0,0.0,0.0,0.0,0.0,0.0,0.0,0.0,0.0,0.0,0.0,0.0,0.0,0.0,0.0,0.0,0.0,0.0,0.0,0.0,0.0,0.0,0.0,0.0,0.3617216117216116,0.0,0.0,0.0,0.0,0.0,0.0,0.0,0.0,0.0,0.0,0.0,0.0,0.0,0.0
EE,0.0,0.0009082455109441,0.0,0.0,0.0,0.0,0.0,0.0,0.0184325237068035,0.0685151749132991,0.0194790573294202,0.0,0.0,0.0,0.0037097123970934,0.0,0.0,0.5934565651312722,0.0,0.0400827770167098,0.0,0.0,0.0,0.0,0.0,0.0,0.0,0.0580398895612127,0.0,0.0,0.0,0.0,0.0,0.0,0.028399746410326103,0.0,0.0,0.0,0.0,1.3406897393974502,0.0,0.0,0.010288641872467301,0.0,0.0587932539122486,0.0052989365974968,0.0,0.0,0.0,0.0,0.0,0.0001730702665282,0.013500415981638002,0.0797719243939262,0.0,0.23021913909030717,0.0,0.0,0.0,0.0,10.581604203549183,0.0002947244326554,0.0,0.0,0.2485211806965305,0.0,1.3442372333276205,0.0,0.0,0.0,0.3077280872035857,0.0,0.34597089023043626,0.0,0.013655463901062601,0.0,0.0,0.0,0.0,0.0,0.0,0.0,0.0,0.0,0.0176114419572728,0.0,0.0,0.0,0.0,0.0039497980734371,0.0,0.067191803096916,0.0001473622163277,0.007824370438184,0.0390554688081762,0.0,0.0095740415502169,0.0,0.0,0.0001473622163277,0.0117692108954011,0.0692296956834372,0.0,0.0,0.0,0.0609870701168662,0.0,0.0,0.0,0.0,0.0,0.0,0.0,0.0314542690331733,0.000191570881226,0.0,0.0,0.0,0.0027644864936142,0.0,0.0,0.0001473622163277,0.0,0.0,0.1317575496198027,0.0,0.1354919529078612,0.0,0.0001473622163277,0.0,0.0,0.0,0.0,0.0,0.0,0.0,0.0,0.0,0.0,0.0,0.0,0.0,0.0,0.0,0.0,0.0,0.0071223489289461,0.037382723887680304,0.0,0.0,0.0,0.0,0.0,0.0005894488653109,0.0,0.2611691894443742,0.3911989728899335,0.0,0.0,0.0,0.00023560119697433143,0.000191570881226,0.0,0.0084047902616666,0.0,0.0,0.008936332007529201,0.0006336575302092,0.0069768124229463,0.0,0.0,0.0,0.5230942327785744,0.0,0.0,0.0,0.0,0.1753857186722811,0.0336225480718284,0.0473561216576668,0.0,0.0009479954717259,0.0,0.0,0.0,0.7473094945908537,0.0024712896347135,0.0,0.0056564582442021,0.0,0.0074890601153766,0.0,0.0,0.0,0.0,0.0,0.0,0.0,0.0,0.0,0.0,0.0,0.0,0.0,0.0,0.0417019577629771,0.0,0.0,0.0,0.0002947244326554,0.0,0.029228101511422102,0.0,0.0,0.0184577242501272,0.0,0.0329627573544938,0.0,0.6124111314894627,0.0,0.0,0.0,0.0,0.0,0.0,0.0,0.0,0.0,0.0,0.0,0.0138191576286038,0.0001473622163277,0.0
EG,0.0,0.018280311238057637,1.0,0.0,0.0,0.0357142857142857,0.0,0.0,0.0190246712714956,0.0187089093666641,0.0041062225977327,0.0,0.0,0.0,0.00026416208144961357,0.0,0.0,0.056750305925839004,0.0,0.0,4.0,0.0,0.0,0.0,0.0,0.0,0.0,0.0236888218727911,0.0,0.0,0.0,0.0,0.0,0.0,0.0203965258499665,0.0,0.0,0.0,0.0,0.0003872779203175,0.0,0.0,7.745558406351357e-05,0.0,0.0314832371277583,0.0001372208482712,0.0,0.0,0.0,0.0,0.0,0.0,0.0004883633928140999,0.1545146223735813,0.0,0.0227036531522638,0.0,0.0,0.0,0.0,0.0002947244326554,1314.4129684092698,0.0,0.0,0.0741567983271317,0.0,7.745558406351357e-05,0.0,0.0,0.0,0.0110052949318242,0.0,0.4515144685410071,0.0,0.0357142857142857,0.0,0.0,0.0,0.0,0.0,0.0,0.0,0.0,0.0,0.0191667104082725,0.0,0.0,0.0,0.0,0.0189261782152561,0.0,0.0014417003738675,9.555056629194562,0.0005658189768776,0.0258555458747479,0.0,0.0467460150969531,0.0,0.0,0.0002947244326554,0.0,0.19045839284914817,0.0,0.0,0.0655737585315049,0.0055163414692002005,0.0001372208482712,0.0,0.0,0.0,0.0,0.0,0.0,0.0037256491352718,1.676190476190476,0.0,0.0,0.0,0.1517121376276305,0.0,0.0,0.0360090101469411,0.0,0.0,0.0582312323691634,0.0,0.0003334522246871568,0.0,0.1851432092811403,0.0,0.0,0.0,0.0,0.0,0.0,0.0,0.0,0.0,0.0,0.0,0.0,0.0,0.0,0.0,0.0,0.0,0.0006289313934057,0.0005270911848459,0.0,0.0,0.0,0.0,0.0,0.0011788977306218,0.0,0.0389412153045754,0.0031437272816583,0.0,0.0,0.0,0.0,0.0,0.0,0.1071428571428571,0.0,0.0,0.0004883633928140999,1.0365984590122521,0.0191339221848182,0.0,0.0,0.1333333333333333,0.0009985189938675,0.0,0.0,0.0445429375006839,0.0,0.0102694025353006,0.0004109078087506,0.000776155362697,0.0,6.4325202184357115,0.0,0.0,0.0,0.0411096726454465,0.10743758157551249,0.0,0.0003334522246871568,0.0,0.0001161833760952,0.0,0.0,0.0,0.0,0.0,0.0,0.0,0.0,0.0,0.0,0.0,0.0,0.0,0.0,0.0013649995258670999,0.0,0.0,0.0,0.0005894488653109,0.0,0.0591710905441264,0.0,0.0,0.011522558731588101,0.0,3.872779203175679e-05,0.000175948640303,76.95976083025673,0.0,0.0,0.0,0.0,0.0,0.0,0.0,0.0,0.0,0.0,0.0,0.0002744416965425,0.0002947244326554,0.0
EH,0.0,0.0,0.0,0.0,0.0,0.0,0.0,0.0,0.0,0.0,0.0,0.0,0.0,0.0,0.0,0.0,0.0,0.0,0.0,0.0,0.0,0.0,0.0,0.0,0.0,0.0,0.0,0.0,0.0,0.0,0.0,0.0,0.0,0.0,0.0,0.0,0.0,0.0,0.0,0.0,0.0,0.0,0.0,0.0,0.0,0.0,0.0,0.0,0.0,0.0,0.0,0.0,0.0,0.0,0.0,0.0,0.0,0.0,0.0,0.0,0.0,0.0,0.0,0.0,0.0,0.0,0.0,0.0,0.0,0.0,0.0,0.0,0.0,0.0,0.0,0.0,0.0,0.0,0.0,0.0,0.0,0.0,0.0,0.0,0.0,0.0,0.0,0.0,0.0,0.0,0.0,0.0,0.0,0.0,0.0,0.0,0.0,0.0,0.0,0.0,0.0,0.0,0.0,0.0,0.0,0.0,0.0,0.0,0.0,0.0,0.0,0.0,0.0,0.0,0.0,0.0,0.0,0.0,0.0,0.0,0.0,0.0,0.0,0.0,0.0,0.0,0.0,0.0,0.0,0.0,0.0,0.0,0.0,0.0,0.0,0.0,0.0,0.0,0.0,0.0,0.0,0.0,0.0,0.0,0.0,0.0,0.0,0.0,0.0,0.0,0.0,0.0,0.0,0.0,0.0,0.0,0.0,0.0,0.0,0.0,0.0,0.0,0.0,0.0,0.0,0.0,0.0,0.0,0.0,0.0,0.0,0.0,0.0,0.0,0.0,0.0,0.0,0.0,0.0,0.0,0.0,0.0,0.0,0.0,0.0,0.0,0.0,0.0,0.0,0.0,0.0,0.0,0.0,0.0,0.0,0.0,0.0,0.0,0.0,0.0,0.0,0.0,0.0,0.0,0.0,0.0,0.0,0.0,0.0,0.0,0.0,0.0,0.0,0.0,0.0,0.0,0.0,0.0,0.0,0.0,0.0,0.0,0.0,0.0,0.0,0.0,0.0,0.0,0.0,0.0,0.0,0.0,0.0
ER,0.0,0.0,0.0,0.0,0.0,0.0,0.0,0.0,0.0,0.0,0.0,0.0,0.0,0.0,0.0,0.0,0.0,0.0,0.0,0.0,0.0,0.0,0.0,0.0,0.0,0.0,0.0,0.0,0.0,0.0,0.0,0.0,0.0,0.0,0.0,0.0,0.0,0.0,0.0,0.0,0.0,0.0,0.0,0.0,0.0,0.0,0.0,0.0,0.0,0.0,0.0,0.0,0.0,0.0,0.0,0.0,0.0,0.0,0.0,0.0,0.0,0.0,0.0,0.0,0.0,0.0,0.0,0.0,0.0,0.0,0.0,0.0,0.0,0.0,0.0,0.0,0.0,0.0,0.0,0.0,0.0,0.0,0.0,0.0,0.0,0.0,0.0,0.0,0.0,0.0,0.0,0.0,0.0,0.0,0.0,0.0,0.0,0.0,0.0,0.0,0.0,0.0,0.0,0.0,0.0,0.0,0.0,0.0,0.0,0.0,0.0,0.0,0.0,0.0,0.0,0.0,0.0,0.0,0.0,0.0,0.0,0.0,0.0,0.0,0.0,0.0,0.0,0.0,0.0,0.0,0.0,0.0,0.0,0.0,0.0,0.0,0.0,0.0,0.0,0.0,0.0,0.0,0.0,0.0,0.0,0.0,0.0,0.0,0.0,0.0,0.0,0.0,0.0,0.0,0.0,0.0,0.0,0.0,0.0,0.0,0.0,0.0,0.0,0.0,0.0,0.0,0.0,0.0,0.0,0.0,0.0,0.0,0.0,0.0,0.0,0.0,0.0,0.0,0.0,0.0,0.0,0.0,0.0,0.0,0.0,0.0,0.0,0.0,0.0,0.0,0.0,0.0,0.0,0.0,0.0,0.0,0.0,0.0,0.0,0.0,0.0,0.0,0.0,0.0,0.0,0.0,0.0,0.0,0.0,0.0,0.0,0.0,0.0,0.0,0.0,0.0,0.0,0.0,0.0,0.0,0.0,0.0,0.0,0.0,0.0,0.0,0.0,0.0,0.0,0.0,0.0,0.0,0.0
ES,0.0,0.0425791928970785,0.0,0.0,0.0,0.0,0.0076726342710997,0.0,1.1111112991564482,3.4295976206554495,15.066324696196213,0.0,0.0,0.0,0.0989327548017229,0.0020387359836901,0.0061423220973782,23.760445536250934,0.0,0.1192489816602618,0.0,0.0,0.0,0.0,0.0,0.0,0.0,4.989849368659629,0.0,0.0,0.0,0.0,0.002084545691103,0.0,12.160447906061798,0.0,0.0056179775280898,0.0,0.0,15.71680465081809,0.0031298904538341,0.0,4.123259725619645,0.0028089887640449,10.697908606093703,1.201412309469689,1.002808988764045,0.007808871121264,0.0,0.0,0.0,0.07254284277480691,3.908483735650135,34.48826665055674,0.0,8.199001151892475,0.0,0.0039936669264774,0.0028089887640449,0.0109890109890109,0.2485211806965305,0.0741567983271317,0.0,0.0,1658.831558065931,0.0,1.0743561701746471,0.0,0.0,0.0,56.88549129130886,0.0,52.93507805037001,0.0,0.1069590439916871,0.0,0.0,0.0028089887640449,0.0,0.0,0.0,0.0,0.0,0.0,5.607053325534434,0.0028089887640449,0.0,0.0,0.0,0.2036367028866446,0.0,2.672729838461189,0.0062074263934008,2.4073540790445893,8.684398325504121,0.0,2.20143850386193,0.0,0.0,0.0005894488653109,0.0082388708676944,45.91633684257913,0.0,0.0020387359836901,0.14359452976410958,12.802929411024977,0.0304625132085468,0.0028089887640449,0.0,0.0,0.0,0.0,0.0,15.396574694253495,0.0022988505747126,0.0,0.0033653846153846,0.0,0.047913091143395904,0.0,0.0,0.0005894488653109,0.0,0.0,0.3286070998890023,0.085452715761259,0.1696178870629716,0.0,0.3608351707031359,0.0,0.1242290364072827,0.0092230125354053,0.0,0.0,0.0,0.0,0.0,0.0,0.0,0.0,0.0,0.0,0.0,0.0,0.0,0.0,3.9705737191578754,0.4139361876508267,0.0,0.0,0.0,0.0,0.0,0.0201148565881977,0.0006828269033799,15.460318185926116,2.5683180440542386,0.0056179775280898,0.0,0.0,0.8923427785920086,0.0029722512481133,0.0357142857142857,0.1682713173829875,0.0,0.0,0.081377522826454,0.0109637488947833,5.680447741087304,0.0,0.0,0.0,7.697086122427587,0.0,0.0,0.0076515972290619,0.0,2.071800561931162,0.677965819606043,0.9111326353863798,0.0,0.0698069164236367,0.0,0.0,0.0028089887640449,4.166181773624773,1.4035014004582695,0.0,0.26363862117546677,0.0,0.4122023962730509,0.0,0.0,0.0,0.0,0.0,0.0,0.0,0.0,0.0,0.0,0.0,0.0,0.0,0.0,0.6310832193959752,0.0,0.0,0.0,0.0011788977306218,0.0,4.750561710769899,0.0,0.0,6.1296096583477295,0.0277777777777777,0.26370373786972723,0.0032927146937488,232.45618587466788,0.1515151515151515,0.0,0.0,0.0,0.0,0.0,0.0252535884993443,0.0,0.0,0.0,0.0,0.34006688724221,0.0005894488653109,0.0
ET,0.0,0.0,0.0,0.0,0.0,0.0,0.0,0.0,0.0,0.0086580086580086,0.0,0.0,0.0,0.0,0.0,0.0,0.0,0.0086580086580086,0.0,0.0,0.0,0.0,0.0,0.0,0.0,0.0,0.0,0.0086580086580086,0.0,0.0,0.0,0.0,0.0,0.0,0.0,0.0,0.0,0.0,0.0,0.0,0.0,0.0,0.0,0.0,1.3333333333333333,0.0,0.0,0.0,0.0,0.0,0.0,0.0,0.0,0.8679653679653679,0.0,0.0,0.0,0.0,0.0,0.0,0.0,0.0,0.0,0.0,0.0,20.910822510822513,0.0,0.0,0.0,0.0,0.0,0.0,0.0086580086580086,0.0,0.0,0.0,0.0,0.0,0.0,0.0,0.0,0.0,0.0,0.0,0.0,0.0,0.0,0.0,0.0,0.0,0.0,0.0,0.0,0.0,0.0086580086580086,0.0,0.0086580086580086,0.0,0.0,1.0,0.0,0.0,0.0,0.0,0.0086580086580086,0.0173160173160173,0.0,0.0,0.0,0.0,0.0,0.0,0.0,0.0,0.0,0.0,0.0,0.0,0.0,0.0,0.0,0.0,0.0,0.0,0.0,0.0,0.0,0.0,0.0,0.0,0.0,0.0,0.0,0.0,0.0,0.0,0.0,0.0,0.0,0.0,0.0,0.0,0.0,0.0,0.0,0.0,0.0,0.0,0.0,0.0,0.0,0.0,0.0,0.0,0.0,0.3419913419913419,0.0086580086580086,0.0,0.0,0.0,0.0,0.0,0.0,0.0,0.0,0.0,0.0,0.0,0.0086580086580086,0.0,0.0,0.0,0.0,0.0,0.0,0.0,0.0,0.0,0.0,0.0,0.0,0.0,0.0,0.0,0.0,0.3,0.0,0.0,0.0,0.0,0.0,0.0,0.0,0.0,0.0,0.0,0.0,0.0,0.0,0.0,0.0,0.0,0.0,0.0,0.0,0.0,0.0,0.0,0.0,0.0,0.0,0.0,0.0,0.0,0.0173160173160173,0.0,0.0,0.0,2.317316017316017,0.0,0.0,0.0,0.0,0.0,0.0,0.0,0.0,0.0,0.0,0.0,0.0,0.0,0.0
FI,0.0,0.0010240655401945,0.0,0.0,0.0,0.0,0.0,0.0,0.0372060288867071,0.3192753746052769,0.232442133559433,0.0,0.0,0.0,0.0010922748289410567,0.0,0.0,1.0547967947320123,0.0,0.0094347056882792,0.0,0.0,0.0,0.0,0.0,0.0,0.0,0.141252553380751,0.0,0.0,0.0,0.0,0.0,0.0,1.6867435664942216,0.0,0.0,0.0,0.0,0.551493552262535,0.0,0.0,0.2314909020552801,0.0,0.2633827307941185,0.0346457991811576,0.0,0.0047381336917269,0.0,0.0,0.0,0.0,0.186523245653434,1.2142998071174362,0.0,3.336163028053099,0.0,0.0,0.0,0.0,1.3442372333276205,7.745558406351357e-05,0.0,0.0,1.0743561701746471,0.0,177.60669867800578,0.0,0.0,0.0,1.278673862504367,0.0,2.6827497572774357,0.0,0.0002985940015522,0.0,0.0,0.0,0.0,0.0,0.0,0.0,0.0,0.0,0.606218457882217,0.0,0.0,0.0,0.0,0.0211435259293205,0.0,0.12363726498448391,0.0,0.2014921121403542,0.2591548651352208,0.0,0.6990100119474961,0.0,0.0,0.0,0.2564681672925194,1.2249257198449546,0.0,0.0,0.0053224834237492,0.349130333965762,0.0003856642623162,0.0,0.0,0.0,0.0,0.0,0.0,0.19280613334267138,0.0,0.0,0.0009615384615384,0.0,0.0089884411219649,0.0,0.0,0.0,0.0,0.0,0.4157351821967158,0.0,0.0869009976508805,0.0,0.0031583334868553,0.0,0.0,0.0003807348181991,0.0,0.0,0.0,0.0,0.0,0.0,0.0,0.0,0.0,0.0,0.0,0.0,0.0,0.0,0.0496100720695274,0.0079797083019077,0.0,0.0,0.0,0.0,0.0,0.0,0.0,1.7605531821418956,4.125401466977352,0.0,0.0,0.0,0.0101586852657561,0.0,0.0010240655401945,0.0041991597291771,0.0,0.0,0.0044910292823103,0.0,0.1008933168721344,0.0,0.0,0.0,0.7108523118933344,0.0,0.0,0.0033333333333333,0.0,0.0496427156785958,0.0366894755856173,0.0357421482339838,0.0,0.0083150128491822,0.0,0.0,0.0,7.421797959383008,0.0166448763365116,0.0,0.0050448120055865,0.0,0.0117229880600678,0.0,0.0,0.0,0.0,0.0,0.0,0.0,0.0,0.0,0.0,0.0,0.0,0.0,0.0,0.0086443598598953,0.0,0.0,0.0,0.0040322580645161,0.0,0.1743193991953913,0.0,0.0,0.07601930234063789,0.0,0.0205656596056366,3.872779203175679e-05,10.79411622302263,0.0,0.0,0.0,0.0,0.0,0.0,0.0,0.0,0.0,0.0,0.0,0.0108242432290703,0.0,0.0
FJ,0.0,0.0,0.0,0.0,0.0,0.0,0.0,0.0,0.0,0.0,0.0,0.0,0.0,0.0,0.0,0.0,0.0,0.0,0.0,0.0,0.0,0.0,0.0,0.0,0.0,0.0,0.0,0.0,0.0,0.0,0.0,0.0,0.0,0.0,0.0,0.0,0.0,0.0,0.0,0.0,0.0,0.0,0.0,0.0,0.0,0.0,0.0,0.0,0.0,0.0,0.0,0.0,0.0,0.0,0.0,0.0,0.0,0.0,0.0,0.0,0.0,0.0,0.0,0.0,0.0,0.0,0.0,0.0,0.0,0.0,0.0,0.0,0.0,0.0,0.0,0.0,0.0,0.0,0.0,0.0,0.0,0.0,0.0,0.0,0.0,0.0,0.0,0.0,0.0,0.0,0.0,0.0,0.0,0.0,0.0,0.0,0.0,0.0,0.0,0.0,0.0,0.0,0.0,0.0,0.0,0.0,0.0,0.0,0.0,0.0,0.0,0.0,0.0,0.0,0.0,0.0,0.0,0.0,0.0,0.0,0.0,0.0,0.0,0.0,0.0,0.0,0.0,0.0,0.0,0.0,0.0,0.0,0.0,0.0,0.0,0.0,0.0,0.0,0.0,0.0,0.0,0.0,0.0,0.0,0.0,0.0,0.0,0.0,0.0,0.0,0.0,0.0,0.0,0.0,0.0,0.0,0.0,0.0,0.0,0.0,0.0,0.0,0.0,0.0,0.0,0.0,0.0,0.0,0.0,0.0,0.0,0.0,0.0,0.0,0.0,0.0,0.0,0.0,0.0,0.0,0.0,0.0,0.0,0.0,0.0,0.0,0.0,0.0,0.0,0.0,0.0,0.0,0.0,0.0,0.0,0.0,0.0,0.0,0.0,0.0,0.0,0.0,0.0,0.0,0.0,0.0,0.0,0.0,0.0,0.0,0.0,0.0,0.0,0.0,0.0,0.0,0.0,0.0,0.0,0.0,0.0,0.0,0.0,0.0,0.0,0.0,0.0,0.0,0.0,0.0,0.0,0.0,0.0
FM,0.0,0.0,0.0,0.0,0.0,0.0,0.0,0.0,0.0,0.0,0.0,0.0,0.0,0.0,0.0,0.0,0.0,0.0,0.0,0.0,0.0,0.0,0.0,0.0,0.0,0.0,0.0,0.0,0.0,0.0,0.0,0.0,0.0,0.0,0.0,0.0,0.0,0.0,0.0,0.0,0.0,0.0,0.0,0.0,0.0,0.0,0.0,0.0,0.0,0.0,0.0,0.0,0.0,0.0,0.0,0.0,0.0,0.0,0.0,0.0,0.0,0.0,0.0,0.0,0.0,0.0,0.0,0.0,0.0,0.0,0.0,0.0,0.0,0.0,0.0,0.0,0.0,0.0,0.0,0.0,0.0,0.0,0.0,0.0,0.0,0.0,0.0,0.0,0.0,0.0,0.0,0.0,0.0,0.0,0.0,0.0,0.0,0.0,0.0,0.0,0.0,0.0,0.0,0.0,0.0,0.0,0.0,0.0,0.0,0.0,0.0,0.0,0.0,0.0,0.0,0.0,0.0,0.0,0.0,0.0,0.0,0.0,0.0,0.0,0.0,0.0,0.0,0.0,0.0,0.0,0.0,0.0,0.0,0.0,0.0,0.0,0.0,0.0,0.0,0.0,0.0,0.0,0.0,0.0,0.0,0.0,0.0,0.0,0.0,0.0,0.0,0.0,0.0,0.0,0.0,0.0,0.0,0.0,0.0,0.0,0.0,0.0,0.0,0.0,0.0,0.0,0.0,0.0,0.0,0.0,0.0,0.0,0.0,0.0,0.0,0.0,0.0,0.0,0.0,0.0,0.0,0.0,0.0,0.0,0.0,0.0,0.0,0.0,0.0,0.0,0.0,0.0,0.0,0.0,0.0,0.0,0.0,0.0,0.0,0.0,0.0,0.0,0.0,0.0,0.0,0.0,0.0,0.0,0.0,0.0,0.0,0.0,0.0,0.0,0.0,0.0,0.0,0.0,0.0,0.0,0.0,0.0,0.0,0.0,0.0,0.0,0.0,0.0,0.0,0.0,0.0,0.0,0.0
FO,0.0,0.0,0.0,0.0,0.0,0.0,0.0,0.0,0.0,0.0,0.0,0.0,0.0,0.0,0.0,0.0,0.0,0.0,0.0,0.0,0.0,0.0,0.0,0.0,0.0,0.0,0.0,0.0,0.0,0.0,0.0,0.0,0.0,0.0,0.0,0.0,0.0,0.0,0.0,0.0,0.0,0.0,0.0,0.0,0.0,0.0,0.0,0.0,0.0,0.0,0.0,0.0,0.0,0.0,0.0,0.0,0.0,0.0,0.0,0.0,0.0,0.0,0.0,0.0,0.0,0.0,0.0,0.0,0.0,0.0,0.0,0.0,0.0,0.0,0.0,0.0,0.0,0.0,0.0,0.0,0.0,0.0,0.0,0.0,0.0,0.0,0.0,0.0,0.0,0.0,0.0,0.0,0.0,0.0,0.0,0.0,0.0,0.0,0.0,0.0,0.0,0.0,0.0,0.0,0.0,0.0,0.0,0.0,0.0,0.0,0.0,0.0,0.0,0.0,0.0,0.0,0.0,0.0,0.0,0.0,0.0,0.0,0.0,0.0,0.0,0.0,0.0,0.0,0.0,0.0,0.0,0.0,0.0,0.0,0.0,0.0,0.0,0.0,0.0,0.0,0.0,0.0,0.0,0.0,0.0,0.0,0.0,0.0,0.0,0.0,0.0,0.0,0.0,0.0,0.0,0.0,0.0,0.0,0.0,0.0,0.0,0.0,0.0,0.0,0.0,0.0,0.0,0.0,0.0,0.0,0.0,0.0,0.0,0.0,0.0,0.0,0.0,0.0,0.0,0.0,0.0,0.0,0.0,0.0,0.0,0.0,0.0,0.0,0.0,0.0,0.0,0.0,0.0,0.0,0.0,0.0,0.0,0.0,0.0,0.0,0.0,0.0,0.0,0.0,0.0,0.0,0.0,0.0,0.0,0.0,0.0,0.0,0.0,0.0,0.0,0.0,0.0,0.0,0.0,0.0,0.0,0.0,0.0,0.0,0.0,0.0,0.0,0.0,0.0,0.0,0.0,0.0,0.0
FR,0.0,0.020011292304723,0.0,0.0,0.0,0.0,0.0059676044330775,0.0,1.5655131668964684,5.627747799383472,10.368524753740791,0.0,0.0,0.0,0.0179141505633577,0.0,0.0035886959482464,33.38821128545234,0.0,0.0448532529354168,0.0,0.0,0.0,0.0,0.0,0.0056980056980056,0.0,4.354789562942813,0.0,0.0,0.0,0.0,1.0499390695175235,0.0,10.884045059347145,0.0,0.0005107252298263,0.0,0.0,19.56253582401307,1.3428571428571427,0.0,0.5165900793222893,1.000255362614913,6.469558514191871,0.1324093860350026,0.0002553626149131,0.0011422044545973,0.0,0.0,0.0,1.0059164307540673,3.470904942674373,30.529683270963933,0.0,5.80150487490042,0.0,0.0007380092736819,0.0002553626149131,0.0109890109890109,0.3077280872035857,0.0110052949318242,0.0,0.0,56.88549129130886,0.0,1.278673862504367,0.0,0.0,0.0,3840.9093679204598,0.0,44.099000559448854,0.0,0.0369571544453524,0.0,0.0,0.0002553626149131,0.0,0.0,0.0,0.0,0.0,0.0,3.164550742746993,0.0002553626149131,0.0,0.0,0.0,0.1229342775241728,0.0,2.002792304597318,0.0018369851767759,1.2121778341063096,4.076123217710537,0.0,6.480561766211575,0.0,0.0,0.2013262599469496,0.0039166898460343,29.738844200415848,0.0,0.0,0.1116062466776626,10.097690403766276,0.0137201026146693,0.0002553626149131,0.2,0.0,0.0,0.0,0.0,10.161251910939129,0.0019157088122605,0.0,0.0038461538461538,0.0,2.0953081329886607,0.0,0.0,0.0013262599469496,0.0,0.0,0.4263080938513414,28.511632436145298,0.0481921769156853,0.0,1.3471476717417261,1.1888368462138952,0.0577410499083354,0.011916615229008,0.0,0.3333333333333333,0.0,0.0,0.0,0.0,0.0,1.5361860823150628,0.0,0.0,0.0,0.0,0.0,0.0,0.35137152891910217,0.2641866684236117,0.0,0.0,0.0,0.3333333333333333,0.0,0.0072462785325966,0.0008291469541042,24.57756985163628,1.19392691725802,0.0005107252298263,0.0,0.0,0.4419368021216903,0.0019157088122605,0.0,0.061652592513269,0.0,0.0,0.0515375583329168,0.033672266430887,2.3427568690662435,0.0,0.0,0.0,1.6588566048483244,0.0,0.0,0.0006894513936767,2.0,0.5593561938639604,1.2411064842761064,2.793369419843251,0.0,0.036330515058780904,0.0,0.0,0.0002553626149131,4.864592026782756,0.5591886588414668,0.0,0.23754206104589431,0.0,0.44213493752693755,0.0,0.0,0.0666666666666666,0.0,0.0,0.0,0.0,0.0,0.0,0.0,0.0277777777777777,0.0,0.0,0.4285714285714285,0.5021544561662115,0.0,0.0,0.0,0.0026525198938992,0.0,2.1959183663688626,0.0,0.0,4.840788216166708,0.3333333333333333,0.2044138499448371,0.0292790620624932,287.1760227910189,1.0,0.0,0.0,0.0,0.0,0.0,0.0040381048592591,0.0,0.0,0.0,0.0,0.4762567565191306,1.334659593280283,0.1
GA,0.0,0.0,0.0,0.0,0.0,0.0,0.0,0.0,0.0,0.0,0.0,0.0,0.0,0.0,0.0,0.0,0.0,0.0,0.0,0.0,0.0,0.0,0.0,0.0,0.0,0.0,0.0,0.0,0.0,0.0,0.0,0.0,0.0,0.0,0.0,0.0,0.0,0.0,0.0,0.0,0.0,0.0,0.0,0.0,0.0,0.0,0.0,0.0,0.0,0.0,0.0,0.0,0.0,0.0,0.0,0.0151515151515151,0.0,0.0,0.0,0.0,0.0,0.0,0.0,0.0,0.0,0.0,0.0,0.0,0.0,0.0,0.0,2.287179487179487,0.0,0.0,0.0,0.0,0.0,0.0,0.0,0.0,0.0,0.0,0.0,0.0,0.0,0.0,0.0,0.0,0.0,0.0,0.0,0.0,0.0,0.0,0.0151515151515151,0.0,0.0,0.0,0.0,0.0,0.0,0.0151515151515151,0.0,0.0,0.0,0.0,0.0,0.0,0.0,0.0,0.0,0.0,0.0,0.0,0.0,0.0,0.0,0.0,0.0,0.0,0.0,0.0,0.0,0.0,0.0,0.0,0.0,0.0,0.0,0.0,0.0,0.0,0.0,0.0,0.0,0.0,0.0,0.0,0.0,0.0,0.0,0.0,0.0,0.0,0.0,0.0,0.0,0.0,0.0,0.0,0.0,0.0,0.0,0.0,0.0,2.0622377622377623,0.0,0.0,0.0,0.0,0.0,0.0,0.0,0.0,0.0,0.0,0.0,0.0,0.0,0.0,0.0,0.0,0.0,0.0,0.0,0.0,0.0,0.0,0.0,0.0,0.0,0.0,0.0,0.0,0.0,0.0,0.0,0.0,0.0,0.0,0.0,0.0,0.0,0.0,0.0,0.0,0.0,0.0,0.0,0.0,0.0,0.0,0.0,0.0,0.0,0.0,0.0,0.0,0.0,0.0,0.0,0.0,0.0,0.0,0.0,0.0,0.0,0.0,0.1794871794871794,0.0,0.0,0.0,0.0,0.0,0.0,0.0,0.0,0.0,0.0,0.0,0.0,0.0,0.0
GB,0.0,1.1315036709699735,0.0,0.0,0.0,0.0,0.0042625745950554,0.0,1.391554616193761,1.9642612821640413,32.90361230411114,0.0,0.0,0.0,0.0077142988472645915,0.0022086306489976,1.9296925920521426,26.465932897915977,0.0,0.0940079737329624,0.0,0.0,0.0,0.0,0.0,0.0028490028490028,0.0,9.309810673420987,0.0,0.0,0.0,0.0666666666666666,0.0923206639834274,0.0,32.865768812923775,0.0,0.0156622403813414,0.0,0.0,16.254326331242158,0.0,0.0,0.5398876289169096,0.0002553626149131,30.66277996118756,0.7628646837949806,0.0002553626149131,0.0015229392727964,0.0,0.0,0.0,0.0029178247933197,1.890953159492681,46.616652428089736,0.0,16.87134189226596,0.0,0.1677556916921804,0.0002553626149131,0.0,0.34597089023043626,0.4515144685410071,0.0,0.0,52.93507805037001,0.0086580086580086,2.6827497572774357,0.0,0.0,0.0,44.099000559448854,0.0,3846.5932822502054,0.0,0.0097978035330022,0.0,0.0,1.1066767190362694,0.0,0.0,0.0,0.0,0.0,0.0,8.350923056645595,0.0002553626149131,0.0,0.0,0.0,0.0637765729964727,0.0,1.431369986312188,0.2572451785160037,9.932738931175628,5.802210664540224,0.0,22.605961531590257,0.0,0.0,2.2678455643972883,0.0266942960267751,27.029127288650415,0.0,0.0022086306489976,0.1493813542694724,49.865894556521056,1.0101930318234509,0.8335886959482466,0.0,0.0,0.0,0.0,0.0,18.308690641692877,2.0130678708264913,0.0,0.0019230769230769,0.0,0.2140159961202283,0.0,0.0,0.0011788977306218,0.0,0.0,0.3899394273771934,1.3245832488098674,0.030324367812323498,0.0,0.033627524178010904,0.0,0.2739130434782608,0.0015229392727964,0.0,0.0,0.0,1.0,0.0,0.0,0.0,0.0,0.0,0.0,0.0,0.0,0.0,0.6666666666666666,0.8696005858499891,4.424240454499709,0.0,0.0,0.0,0.0,0.0,0.12574780817434458,0.0006340535531385,48.34998201847533,8.85588202116586,0.0156622403813414,0.0,0.0,0.7799844073302912,0.0035440613026819,0.0357142857142857,0.6995439056064551,0.0,0.0,0.2736438523322189,2.994317655524552,5.43268755383138,0.0,0.0,0.1333333333333333,2.7882609183706357,0.0,0.0,0.5010834236186349,0.0,0.2454795070003925,0.1283605808960134,0.8199125957956949,0.0,3.072558734625404,0.0,0.1666666666666666,0.0002553626149131,13.002205462857647,1.0504562223783394,0.0,0.3048159177542247,0.0,0.087725834042654,0.0151515151515151,0.0,0.0666666666666666,0.0,0.0,0.0,0.0,0.0,0.0,0.0,0.0,0.0,0.0,0.0,0.7340134781883154,0.0,0.0,0.0,0.0085042184306224,0.0,3.0262713106010186,0.0,0.0,5.696542321162486,1.1794372294372293,1.1081054144697808,2.082966286461696,500.8000263477892,0.052281052281052204,0.0454545454545454,0.0,0.0,0.0,0.0,1.6090686545575483,0.0,0.0,0.0,0.0,0.8819679777157913,0.0163304128821369,0.8777777777777778
GD,0.0,0.0,0.0,0.0,0.0,0.0,0.0,0.0,0.0,0.0,0.0,0.0,0.0,0.0,0.0,0.0,0.0,0.0,0.0,0.0,0.0,0.0,0.0,0.0,0.0,0.0,0.0,0.0,0.0,0.0,0.0,0.0,0.0,0.0,0.0,0.0,0.0,0.0,0.0,0.0,0.0,0.0,0.0,0.0,0.0,0.0,0.0,0.0,0.0,0.0,0.0,0.0,0.0,0.0,0.0,0.0,0.0,0.0,0.0,0.0,0.0,0.0,0.0,0.0,0.0,0.0,0.0,0.0,0.0,0.0,0.0,0.0,0.0,0.0,0.0,0.0,0.0,0.0,0.0,0.0,0.0,0.0,0.0,0.0,0.0,0.0,0.0,0.0,0.0,0.0,0.0,0.0,0.0,0.0,0.0,0.0,0.0,0.0,0.0,0.0,0.0,0.0,0.0,0.0,0.0,0.0,0.0,0.0,0.0,0.0,0.0,0.0,0.0,0.0,0.0,0.0,0.0,0.0,0.0,0.0,0.0,0.0,0.0,0.0,0.0,0.0,0.0,0.0,0.0,0.0,0.0,0.0,0.0,0.0,0.0,0.0,0.0,0.0,0.0,0.0,0.0,0.0,0.0,0.0,0.0,0.0,0.0,0.0,0.0,0.0,0.0,0.0,0.0,0.0,0.0,0.0,0.0,0.0,0.0,0.0,0.0,0.0,0.0,0.0,0.0,0.0,0.0,0.0,0.0,0.0,0.0,0.0,0.0,0.0,0.0,0.0,0.0,0.0,0.0,0.0,0.0,0.0,0.0,0.0,0.0,0.0,0.0,0.0,0.0,0.0,0.0,0.0,0.0,0.0,0.0,0.0,0.0,0.0,0.0,0.0,0.0,0.0,0.0,0.0,0.0,0.0,0.0,0.0,0.0,0.0,0.0,0.0,0.0,0.0,0.0,0.0,0.0,0.0,0.0,0.0,0.0,0.0,0.0,0.0,0.0,0.0,0.0,0.0,0.0,0.0,0.0,0.0,0.0
GE,0.0,0.0,0.0,0.0,0.0,0.0357142857142857,0.0,0.0,0.000392705200277,0.0066725935535754,0.4148254048885875,0.0,0.0,0.0,0.0001460387002555,0.0,0.0,0.0105825786999175,0.0,0.0141148056041672,0.0,0.0,0.0,0.0,0.0,0.0,0.0,0.0312765146778023,0.0,0.0,0.0,0.0,0.0,0.0,0.0036311261892689,0.0,0.0,0.0,0.0,0.0006181399357983,0.0,0.0,0.0015093043493619,0.0,0.0615428948175727,0.0,0.0,0.0,0.0,0.0,0.0,0.0,0.09016568930302771,0.053522897099950596,0.0,0.0012820512820512,0.0,0.0,0.0,0.0,0.013655463901062601,0.0357142857142857,0.0,0.0,0.1069590439916871,0.0,0.0002985940015522,0.0,0.0,0.0,0.0369571544453524,0.0,0.0097978035330022,0.0,4.2641117976338005,0.0,0.0,0.0,0.0,0.0,0.0,0.0,0.0,0.0,0.027633552251888998,0.0,0.0,0.0,0.0,0.0003476487022624,0.0,0.0750539904884372,0.0,0.001633176771045,0.0205651632064788,0.0,0.0392561805582169,0.0,0.0,0.0,0.0,0.013388297735351901,0.0,0.0,0.0,0.0058100492564859005,0.0,0.0,0.0,0.0,0.0,0.0,0.0,0.027038031984460302,0.0,0.0,0.0,0.0,0.0,0.0,0.0,0.0357142857142857,0.0,0.0,0.040667761357416496,0.0,0.0067207024653833,0.0,0.0,0.0,0.0,0.0,0.0,0.0,0.0,0.0,0.0,0.0,0.0,0.0,0.0,0.0,0.0,0.0,0.0,0.0,0.0016821194638221,0.0153424099471327,0.0,0.0,0.0,0.0,0.0,0.0,9.754670048285616e-05,0.0012045622596479,0.0,0.0,0.0,0.0,0.0079051383399209,0.0006734006734006,0.0,0.0001942784968525,0.0,0.0,0.0086827084198464,0.0357142857142857,0.0019688738079532,0.0,0.0,0.0,0.001725122939012,0.0,0.0,0.0,0.0,0.0411374081871696,0.015301097140373601,0.256895626451545,0.0,0.0,0.0,0.0,0.0,0.0003476487022624,0.00044816158636920003,0.0,7.301935012778386e-05,0.0,0.0,0.0,0.0,0.0,0.0,0.0,0.0,0.0,0.0,0.0,0.0,0.0,0.0,0.0,0.0,0.0050433739011023,0.0,0.0,0.0,0.0,0.0,0.0606389816187342,0.0,0.0,0.0171759728342651,0.0,0.0067697438654346995,0.0,1.4546330718647227,0.0,0.0,0.0,0.0,0.0,0.0,0.0009920634920634,0.0,0.0,0.0,0.0,0.005321667609778699,0.0,0.0
GF,0.0,0.0,0.0,0.0,0.0,0.0,0.0,0.0,0.0,0.0,0.0,0.0,0.0,0.0,0.0,0.0,0.0,0.0,0.0,0.0,0.0,0.0,0.0,0.0,0.0,0.0,0.0,0.0,0.0,0.0,0.0,0.0,0.0,0.0,0.0,0.0,0.0,0.0,0.0,0.0,0.0,0.0,0.0,0.0,0.0,0.0,0.0,0.0,0.0,0.0,0.0,0.0,0.0,0.0,0.0,0.0,0.0,0.0,0.0,0.0,0.0,0.0,0.0,0.0,0.0,0.0,0.0,0.0,0.0,0.0,0.0,0.0,0.0,0.0,0.0,0.0,0.0,0.0,0.0,0.0,0.0,0.0,0.0,0.0,0.0,0.0,0.0,0.0,0.0,0.0,0.0,0.0,0.0,0.0,0.0,0.0,0.0,0.0,0.0,0.0,0.0,0.0,0.0,0.0,0.0,0.0,0.0,0.0,0.0,0.0,0.0,0.0,0.0,0.0,0.0,0.0,0.0,0.0,0.0,0.0,0.0,0.0,0.0,0.0,0.0,0.0,0.0,0.0,0.0,0.0,0.0,0.0,0.0,0.0,0.0,0.0,0.0,0.0,0.0,0.0,0.0,0.0,0.0,0.0,0.0,0.0,0.0,0.0,0.0,0.0,0.0,0.0,0.0,0.0,0.0,0.0,0.0,0.0,0.0,0.0,0.0,0.0,0.0,0.0,0.0,0.0,0.0,0.0,0.0,0.0,0.0,0.0,0.0,0.0,0.0,0.0,0.0,0.0,0.0,0.0,0.0,0.0,0.0,0.0,0.0,0.0,0.0,0.0,0.0,0.0,0.0,0.0,0.0,0.0,0.0,0.0,0.0,0.0,0.0,0.0,0.0,0.0,0.0,0.0,0.0,0.0,0.0,0.0,0.0,0.0,0.0,0.0,0.0,0.0,0.0,0.0,0.0,0.0,0.0,0.0,0.0,0.0,0.0,0.0,0.0,0.0,0.0,0.0,0.0,0.0,0.0,0.0,0.0
GG,0.0,0.0,0.0,0.0,0.0,0.0,0.0,0.0,0.0,0.0,0.0,0.0,0.0,0.0,0.0,0.0,0.0,0.0,0.0,0.0,0.0,0.0,0.0,0.0,0.0,0.0,0.0,0.0,0.0,0.0,0.0,0.0,0.0,0.0,0.0,0.0,0.0,0.0,0.0,0.0,0.0,0.0,0.0,0.0,0.0,0.0,0.0,0.0,0.0,0.0,0.0,0.0,0.0,0.0,0.0,0.0,0.0,0.0,0.0,0.0,0.0,0.0,0.0,0.0,0.0,0.0,0.0,0.0,0.0,0.0,0.0,0.0,0.0,0.0,0.0,0.0,0.0,0.0,0.0,0.0,0.0,0.0,0.0,0.0,0.0,0.0,0.0,0.0,0.0,0.0,0.0,0.0,0.0,0.0,0.0,0.0,0.0,0.0,0.0,0.0,0.0,0.0,0.0,0.0,0.0,0.0,0.0,0.0,0.0,0.0,0.0,0.0,0.0,0.0,0.0,0.0,0.0,0.0,0.0,0.0,0.0,0.0,0.0,0.0,0.0,0.0,0.0,0.0,0.0,0.0,0.0,0.0,0.0,0.0,0.0,0.0,0.0,0.0,0.0,0.0,0.0,0.0,0.0,0.0,0.0,0.0,0.0,0.0,0.0,0.0,0.0,0.0,0.0,0.0,0.0,0.0,0.0,0.0,0.0,0.0,0.0,0.0,0.0,0.0,0.0,0.0,0.0,0.0,0.0,0.0,0.0,0.0,0.0,0.0,0.0,0.0,0.0,0.0,0.0,0.0,0.0,0.0,0.0,0.0,0.0,0.0,0.0,0.0,0.0,0.0,0.0,0.0,0.0,0.0,0.0,0.0,0.0,0.0,0.0,0.0,0.0,0.0,0.0,0.0,0.0,0.0,0.0,0.0,0.0,0.0,0.0,0.0,0.0,0.0,0.0,0.0,0.0,0.0,0.0,0.0,0.0,0.0,0.0,0.0,0.0,0.0,0.0,0.0,0.0,0.0,0.0,0.0,0.0
GH,0.0,0.0,0.0,0.0,0.0,0.0,0.0,0.0,0.0002553626149131,0.1666666666666666,0.0,0.0,0.0,0.0,0.0,0.0,0.1630259253854759,0.0002553626149131,0.0,0.0002553626149131,0.0,0.0,0.0,0.0,0.0,0.0,0.0,0.0005107252298263,0.0,0.0,0.0,0.0,0.0,0.0,0.0002553626149131,0.0,0.0156622403813414,0.0,0.0,0.33384405856315963,0.0,0.0,0.0007660878447395,0.0002553626149131,0.6666666666666666,0.0007660878447395,0.0002553626149131,0.0,0.0,0.0,0.0,0.0,0.0,0.0476190476190476,0.0,0.0,0.0,0.0002553626149131,0.0002553626149131,0.0,0.0,0.0,0.0,0.0,0.0028089887640449,0.0,0.0,0.0,0.0,0.0,0.0002553626149131,0.0,1.1066767190362694,0.0,0.0,0.0,0.0,12.874852862493315,0.0,0.0,0.0,0.0,0.0,0.0,0.0002553626149131,0.0002553626149131,0.0,0.0,0.0,0.0,0.0,0.0,0.0005107252298263,0.0,0.0002553626149131,0.0,0.2224775848371353,0.0,0.0,0.0,0.0002553626149131,0.0,0.0,0.0,0.0002553626149131,0.0025536261491317,0.3335886959482464,0.0002553626149131,0.0,0.0,0.0,0.0,0.0,0.0159176029962546,0.0,0.0,0.0,0.0,0.0,0.0,0.0,0.0,0.0,0.0,0.0002553626149131,0.0,0.0002553626149131,0.0,0.0,0.0,0.0,0.0,0.0,0.0,0.0,0.0,0.0,0.0,0.0,0.0,0.0,0.0,0.0,0.0,0.0,0.0,0.0005107252298263,0.0002553626149131,0.0,0.0,0.0,0.0,0.0,0.0007660878447395,0.0,0.0,0.0,0.0156622403813414,0.0,0.0,0.0,0.0,0.0,0.0005107252298263,0.0,0.0,0.0555555555555555,0.0151515151515151,0.0,0.0,0.0,0.0,0.0007660878447395,0.0,0.0,0.0,0.0,0.0,0.0,0.0,0.0,0.0,0.0,0.0,0.0002553626149131,0.0154068777664282,0.0002553626149131,0.0,0.0,0.0,0.0,0.0151515151515151,0.0,0.0,0.0,0.0,0.0,0.0,0.0,0.0,0.0,0.0,0.0,0.0,0.0,0.0,0.0,0.0,0.0,0.0,0.0,0.0002553626149131,0.0,0.0,0.0002553626149131,0.0151515151515151,0.0,0.0,4.777767239003194,0.0,0.0,0.0,0.0,0.0,0.0,0.0002553626149131,0.0,0.0,0.0,0.0,1.000255362614913,0.0151515151515151,0.0
GI,0.0,0.0,0.0,0.0,0.0,0.0,0.0,0.0,0.0,0.0,0.0,0.0,0.0,0.0,0.0,0.0,0.0,0.0,0.0,0.0,0.0,0.0,0.0,0.0,0.0,0.0,0.0,0.0,0.0,0.0,0.0,0.0,0.0,0.0,0.0,0.0,0.0,0.0,0.0,0.0,0.0,0.0,0.0,0.0,0.0,0.0,0.0,0.0,0.0,0.0,0.0,0.0,0.0,0.0,0.0,0.0,0.0,0.0,0.0,0.0,0.0,0.0,0.0,0.0,0.0,0.0,0.0,0.0,0.0,0.0,0.0,0.0,0.0,0.0,0.0,0.0,0.0,0.0,0.0,0.0,0.0,0.0,0.0,0.0,0.0,0.0,0.0,0.0,0.0,0.0,0.0,0.0,0.0,0.0,0.0,0.0,0.0,0.0,0.0,0.0,0.0,0.0,0.0,0.0,0.0,0.0,0.0,0.0,0.0,0.0,0.0,0.0,0.0,0.0,0.0,0.0,0.0,0.0,0.0,0.0,0.0,0.0,0.0,0.0,0.0,0.0,0.0,0.0,0.0,0.0,0.0,0.0,0.0,0.0,0.0,0.0,0.0,0.0,0.0,0.0,0.0,0.0,0.0,0.0,0.0,0.0,0.0,0.0,0.0,0.0,0.0,0.0,0.0,0.0,0.0,0.0,0.0,0.0,0.0,0.0,0.0,0.0,0.0,0.0,0.0,0.0,0.0,0.0,0.0,0.0,0.0,0.0,0.0,0.0,0.0,0.0,0.0,0.0,0.0,0.0,0.0,0.0,0.0,0.0,0.0,0.0,0.0,0.0,0.0,0.0,0.0,0.0,0.0,0.0,0.0,0.0,0.0,0.0,0.0,0.0,0.0,0.0,0.0,0.0,0.0,0.0,0.0,0.0,0.0,0.0,0.0,0.0,0.0,0.0,0.0,0.0,0.0,0.0,0.0,0.0,0.0,0.0,0.0,0.0,0.0,0.0,0.0,0.0,0.0,0.0,0.0,0.0,0.0
GL,0.0,0.0,0.0,0.0,0.0,0.0,0.0,0.0,0.0,0.0,0.0,0.0,0.0,0.0,0.0,0.0,0.0,0.0,0.0,0.0,0.0,0.0,0.0,0.0,0.0,0.0,0.0,0.0,0.0,0.0,0.0,0.0,0.0,0.0,0.0,0.0,0.0,0.0,0.0,0.0,0.0,0.0,0.0,0.0,0.0,0.0,0.0,0.0,0.0,0.0,0.0,0.0,0.0,0.0,0.0,0.3333333333333333,0.0,0.0,0.0,0.0,0.0,0.0,0.0,0.0,0.0,0.0,0.0,0.0,0.0,0.0,0.0,0.0,0.0,0.0,0.0,0.0,0.0,0.0,0.0,0.5,0.0,0.0,0.0,0.0,0.0,0.0,0.0,0.0,0.0,0.0,0.0,0.0,0.0,0.0,0.0,0.0,0.0,0.0,0.0,0.0,0.0,0.0,0.0,0.0,0.0,0.0,0.0,0.0,0.0,0.0,0.0,0.0,0.0,0.0,0.0,0.0,0.0,0.0,0.0,0.0,0.0,0.0,0.0,0.0,0.0,0.0,0.0,0.0,0.0,0.0,0.0,0.0,0.0,0.0,0.0,0.0,0.0,0.0,0.0,0.0,0.0,0.0,0.0,0.0,0.0,0.0,0.0,0.0,0.0,0.0,0.0,0.0,0.0,0.0,0.0,0.0,0.0,0.0,0.0,0.0,0.0,0.0,0.0,0.0,0.0,0.0,0.0,0.0,0.0,0.0,0.0,0.0,0.0,0.0,0.0,0.0,0.0,0.0,0.0,0.0,0.0,0.0,0.0,0.0,0.0,0.0,0.0,0.0,0.0,0.0,0.0,0.0,0.0,0.0,0.0,0.0,0.0,0.0,0.0,0.0,0.0,0.0,0.0,0.0,0.0,0.0,0.0,0.0,0.0,0.0,0.0,0.0,0.0,0.0,0.0,0.0,0.0,0.0,0.1666666666666666,0.0,0.0,0.0,0.0,0.0,0.0,0.0,0.0,0.0,0.0,0.0,0.0,0.0,0.0
GM,0.0,0.0,0.0,0.0,0.0,0.0,0.0,0.0,0.0,0.0,0.0,0.0,0.0,0.0,0.0,0.0,0.0,0.0,0.0,0.0,0.0,0.0,0.0,0.0,0.0,0.0,0.0,0.0,0.0,0.0,0.0,0.0,0.0,0.0,0.0,0.0,0.0,0.0,0.0,0.0,0.0,0.0,0.0,0.0,0.0,0.0,0.0,0.0,0.0,0.0,0.0,0.0,0.0,0.0,0.0,0.0,0.0,0.0,0.0,0.0,0.0,0.0,0.0,0.0,0.0,0.0,0.0,0.0,0.0,0.0,0.0,0.0,0.0,0.0,0.0,0.0,0.0,0.0,0.0,0.0,1.0,0.0,0.0,0.0,0.0,0.0,0.0,0.0,0.0,0.0,0.0,0.0,0.0,0.0,0.0,0.0,0.0,0.0,0.0,0.0,0.0,0.0,0.0,0.0,0.0,0.0,0.0,0.0,0.0,0.0,0.0,0.0,0.0,0.0,0.0,0.0,0.0,0.0,0.0,0.0,0.0,0.0,0.0,0.0,0.0,0.0,0.0,0.0,0.0,0.0,0.0,0.0,0.0,0.0,0.0,0.0,0.0,0.0,0.0,0.0,0.0,0.0,0.0,0.0,0.0,0.0,0.0,0.0,0.0,0.0,0.0,0.0,0.0,0.0,0.0,0.0,0.0,0.0,0.0,0.0,0.0,0.0,0.0,0.0,0.0,0.0,0.0,0.0,0.0,0.0,0.0,0.0,0.0,0.0,0.0,0.0,0.0,0.0,0.0,0.0,0.0,0.0,0.0,0.0,0.0,0.0,0.0,0.0,0.0,0.0,0.0,0.0,0.0,0.0,0.0,0.0,0.0,0.0,0.0,0.0,0.0,0.0,0.0,0.0,0.0,0.0,0.0,0.0,0.0,0.0,0.0,0.0,0.0,0.0,0.0,0.0,0.0,0.0,0.0,0.0,0.0,0.0,0.0,0.0,0.0,0.0,0.0,0.0,0.0,0.0,1.0,0.0,0.0
GN,0.0,0.0,0.0,0.0,0.0,0.0,0.0,0.0,0.0,0.0,0.0,0.0,0.0,0.0,0.0,0.0,0.0,0.0,0.0,0.0,0.0,0.0,0.0,0.0,0.0,0.0,0.0,0.0,0.0,0.0,0.0,0.0,0.0,0.0,0.0,0.0,0.0,0.0,0.0,0.0,0.0,0.0,0.0,0.0,0.0,0.0,0.0,0.0,0.0,0.0,0.0,0.0,0.0,0.0,0.0,0.0,0.0,0.0,0.0,0.0,0.0,0.0,0.0,0.0,0.0,0.0,0.0,0.0,0.0,0.0,0.0,0.0,0.0,0.0,0.0,0.0,0.0,0.0,0.0,0.0,0.0,0.0,0.0,0.0,0.0,0.0,0.0,0.0,0.0,0.0,0.0,0.0,0.0,0.0,0.0,0.0,0.0,0.0,0.0,0.0,0.0,0.0,0.0,0.0,0.0,0.0,0.0,0.0,0.0,0.0,0.0,0.0,0.0,0.0,0.0,0.0,0.0,0.0,0.0,0.0,0.0,0.0,0.0,0.0,0.0,0.0,0.0,0.0,0.0,0.0,0.0,0.0,0.0,0.0,0.0,0.0,0.0,0.0,0.0,0.0,0.0,0.0,0.0,0.0,0.0,0.0,0.0,0.0,0.0,0.0,0.0,0.0,0.0,0.0,0.0,0.0,0.0,0.0,0.0,0.0,0.0,0.0,0.0,0.0,0.0,0.0,0.0,0.0,0.0,0.0,0.0,0.0,0.0,0.0,0.0,0.0,0.0,0.0,0.0,0.0,0.0,0.0,0.0,0.0,0.0,0.0,0.0,0.0,0.0,0.0,0.0,0.0,0.0,0.0,0.0,0.0,0.0,0.0,0.0,0.0,0.0,0.0,0.0,0.0,0.0,0.0,0.0,0.0,0.0,0.0,0.0,0.0,0.0,0.0,0.0,0.0,0.0,0.0,0.0,0.0,0.0,0.0,0.0,0.0,0.0,0.0,0.0,0.0,0.0,0.0,0.0,0.0,0.0
GP,0.0,0.0,0.0,0.0,0.0,0.0,0.0,0.0,0.0,0.0,0.0,0.0,0.0,0.0,0.0,0.0,0.0,0.0,0.0,0.0,0.0,0.0,0.0,0.0,0.0,0.0,0.0,0.0,0.0,0.0,0.0,0.0,0.0,0.0,0.0,0.0,0.0,0.0,0.0,0.0,0.0,0.0,0.0,0.0,0.0,0.0,0.0,0.0,0.0,0.0,0.0,0.0,0.0,0.0,0.0,0.0,0.0,0.0,0.0,0.0,0.0,0.0,0.0,0.0,0.0,0.0,0.0,0.0,0.0,0.0,0.0,0.0,0.0,0.0,0.0,0.0,0.0,0.0,0.0,0.0,0.0,0.0,0.0,0.0,0.0,0.0,0.0,0.0,0.0,0.0,0.0,0.0,0.0,0.0,0.0,0.0,0.0,0.0,0.0,0.0,0.0,0.0,0.0,0.0,0.0,0.0,0.0,0.0,0.0,0.0,0.0,0.0,0.0,0.0,0.0,0.0,0.0,0.0,0.0,0.0,0.0,0.0,0.0,0.0,0.0,0.0,0.0,0.0,0.0,0.0,0.0,0.0,0.0,0.0,0.0,0.0,0.0,0.0,0.0,0.0,0.0,0.0,0.0,0.0,0.0,0.0,0.0,0.0,0.0,0.0,0.0,0.0,0.0,0.0,0.0,0.0,0.0,0.0,0.0,0.0,0.0,0.0,0.0,0.0,0.0,0.0,0.0,0.0,0.0,0.0,0.0,0.0,0.0,0.0,0.0,0.0,0.0,0.0,0.0,0.0,0.0,0.0,0.0,0.0,0.0,0.0,0.0,0.0,0.0,0.0,0.0,0.0,0.0,0.0,0.0,0.0,0.0,0.0,0.0,0.0,0.0,0.0,0.0,0.0,0.0,0.0,0.0,0.0,0.0,0.0,0.0,0.0,0.0,0.0,0.0,0.0,0.0,0.0,0.0,0.0,0.0,0.0,0.0,0.0,0.0,0.0,0.0,0.0,0.0,0.0,0.0,0.0,0.0
GQ,0.0,0.0,0.0,0.0,0.0,0.0,0.0,0.0,0.0,0.0,0.0,0.0,0.0,0.0,0.0,0.0,0.0,0.0,0.0,0.0,0.0,0.0,0.0,0.0,0.0,0.0,0.0,0.0,0.0,0.0,0.0,0.0,0.0,0.0,0.0,0.0,0.0,0.0,0.0,0.0,0.0,0.0,0.0,0.0,0.0,0.0,0.0,0.0,0.0,0.0,0.0,0.0,0.0,0.0,0.0,0.0,0.0,0.0,0.0,0.0,0.0,0.0,0.0,0.0,0.0,0.0,0.0,0.0,0.0,0.0,0.0,0.0,0.0,0.0,0.0,0.0,0.0,0.0,0.0,0.0,0.0,0.0,0.0,0.0,0.0,0.0,0.0,0.0,0.0,0.0,0.0,0.0,0.0,0.0,0.0,0.0,0.0,0.0,0.0,0.0,0.0,0.0,0.0,0.0,0.0,0.0,0.0,0.0,0.0,0.0,0.0,0.0,0.0,0.0,0.0,0.0,0.0,0.0,0.0,0.0,0.0,0.0,0.0,0.0,0.0,0.0,0.0,0.0,0.0,0.0,0.0,0.0,0.0,0.0,0.0,0.0,0.0,0.0,0.0,0.0,0.0,0.0,0.0,0.0,0.0,0.0,0.0,0.0,0.0,0.0,0.0,0.0,0.0,0.0,0.0,0.0,0.0,0.0,0.0,0.0,0.0,0.0,0.0,0.0,0.0,0.0,0.0,0.0,0.0,0.0,0.0,0.0,0.0,0.0,0.0,0.0,0.0,0.0,0.0,0.0,0.0,0.0,0.0,0.0,0.0,0.0,0.0,0.0,0.0,0.0,0.0,0.0,0.0,0.0,0.0,0.0,0.0,0.0,0.0,0.0,0.0,0.0,0.0,0.0,0.0,0.0,0.0,0.0,0.0,0.0,0.0,0.0,0.0,0.0,0.0,0.0,0.0,0.0,0.0,0.0,0.0,0.0,0.0,0.0,0.0,0.0,0.0,0.0,0.0,0.0,0.0,0.0,0.0
GR,0.0,0.0014271501750862,0.0,0.0,0.0,0.0,0.0,0.0,0.1429143147253796,0.5757352339142294,1.7079790593742392,0.0,0.0,0.0,0.0140195510909541,0.0,0.0035886959482464,1.8924958218992303,0.0,0.0554932319991309,0.0,0.0,0.0,0.0,0.0,0.0,0.0,0.3250329686049176,0.0,0.0,0.0,0.0,0.0,0.0,0.43300372840929513,0.0,0.0005107252298263,0.0,0.0,0.4059319803691086,0.0,0.0,0.0200953529091194,0.0002553626149131,0.817823087423257,0.0378229224968733,0.0002553626149131,0.0,0.0,0.0,0.0,1.0513213945001043,2.462168683445257,4.155821384000003,0.0,1.021308531161378,0.0,0.00043087049082900003,0.0002553626149131,0.0,0.0176114419572728,0.0191667104082725,0.0,0.0,5.607053325534434,0.0,0.606218457882217,0.0,0.0,0.0,3.164550742746993,0.0,8.350923056645595,0.0,0.027633552251888998,0.0,0.0,0.0002553626149131,0.0,0.0,0.0,0.0,0.0,0.0,181.44772557645652,0.0002553626149131,0.0,0.0,0.0,0.055113913561055605,0.0,0.21558971847283,0.000658087446154,0.068623570347818,1.2042750672139453,0.0,1.164571747531712,0.0,0.0,0.0001473622163277,0.0002553626149131,4.448959413838395,0.0,0.0,0.0016976703072207,0.7537457266198698,0.0039913862708592,0.0002553626149131,0.0,0.0,0.0,0.0,0.0,0.7188140697915474,0.0,0.0,0.0,0.0,0.0077315629213386,0.0,0.0,0.0001473622163277,0.0,0.0,0.0537242162955378,0.0,0.07399915980214421,0.0,0.00287456913557,0.0,0.0044296788482834,0.0,0.0,0.0,0.0,0.0,0.0,0.0,0.0,0.0,0.0,0.0,0.0,0.0,0.0,0.0,0.0451395827437438,0.08643128723911869,0.0,0.0,0.0,0.0,0.0,0.0013555367100504,0.0004877335024142,2.0278897640550295,0.13498268642463,0.0005107252298263,0.0,0.0,0.0697635971296893,0.002020202020202,0.0,0.0021569126983511,0.0,0.0,0.1042990724483239,0.0004420866489832,0.2657168594036263,0.0,0.0,0.0,0.2891177821425746,0.0,0.0,0.0,0.0,0.1707653871890198,0.2240829771305738,0.0767341567782953,0.0,0.0021402735077093,0.0,0.0,0.0002553626149131,1.2311048397835291,0.0810614947692737,0.0,0.165228934905832,0.0,0.0199445957364081,0.0,0.0,0.0,0.0,0.0,0.0,0.0,0.0,0.0,0.0,0.0,0.0,0.0,0.0,0.16281328620183222,0.0,0.0,0.0,0.002408889337518,0.0,0.8902603403171492,0.0,0.0,0.3407994325081619,0.0,0.0200897582315075,0.0004272385241223,14.909385010529675,0.0,0.0,0.0,0.0,0.0,0.0,0.0039901297724862,0.0,0.0,0.0,0.0,0.0241940166730217,0.0001473622163277,0.0
GT,0.0,0.0,0.0,0.0,0.0,0.0,0.0,0.0,0.0002553626149131,0.0,0.0,0.0,0.0,0.0,0.0,0.0,0.0002553626149131,0.0002553626149131,0.0,0.0002553626149131,0.0,0.0,0.0,0.0,0.0,0.0,0.0,0.0005107252298263,0.0,0.0,0.0,0.0,0.0,0.0,0.0002553626149131,0.0,0.0005107252298263,0.0,0.0,0.0005107252298263,0.0,0.0,0.0007660878447395,0.0002553626149131,0.0,0.0007660878447395,0.0002553626149131,0.0,0.0,0.0,0.0,0.0,0.0,0.0,0.0,0.0,0.0,0.0002553626149131,0.0002553626149131,0.0,0.0,0.0,0.0,0.0,0.0028089887640449,0.0,0.0,0.0,0.0,0.0,0.0002553626149131,0.0,0.0002553626149131,0.0,0.0,0.0,0.0,0.0002553626149131,0.0,0.0,0.0,0.0,0.0,0.0,0.0002553626149131,0.6891385767790262,0.0,0.0,0.0,0.0,0.0,0.0,0.0005107252298263,0.0,0.0002553626149131,0.0,0.0002553626149131,0.0,0.0,0.0,0.0002553626149131,0.0,0.0,0.0,0.0002553626149131,0.0025536261491317,0.0002553626149131,0.0002553626149131,0.0,0.0,0.0,0.0,0.0,0.0007660878447395,0.0,0.0,0.0,0.0,0.0,0.0,0.0,0.0,0.0,0.0,0.0002553626149131,0.0,0.0002553626149131,0.0,0.0,0.0,0.0,0.0,0.0,0.0,0.0,0.0,0.0,0.0,0.0,0.0,0.0,0.0,0.0,0.0,0.0,0.0,0.0005107252298263,0.0002553626149131,0.0,0.0,0.0,0.0,0.0,0.0007660878447395,0.0,0.0,0.0,0.0005107252298263,0.0,0.0,0.0,0.0,0.0,0.0005107252298263,0.0,0.0,0.0,0.0,0.0,0.0,0.0,0.0,0.0007660878447395,0.0,0.0,0.0,0.0,0.0,0.0,0.0,0.0,0.0,0.0,0.0,0.0002553626149131,0.0002553626149131,0.0002553626149131,0.0,0.0,0.0,0.0,0.0,0.0,0.0,0.0,0.0,0.0,0.0,0.0,0.0,0.0,0.0,0.0,0.0,0.0,0.0,0.0,0.0,0.0,0.0,0.0,0.0002553626149131,0.0,0.0,0.0002553626149131,0.0,0.0,0.0,0.6689649302008852,0.0,0.0,0.0,0.0,0.0,0.0,0.0002553626149131,0.0,0.0,0.0,0.0,0.0002553626149131,0.0,0.0
GW,0.0,0.0,0.0,0.0,0.0,0.0,0.0,0.0,0.0,0.0,0.0,0.0,0.0,0.0,0.0,0.0,0.0,0.1666666666666666,0.0,0.0,0.0,0.0,0.0,0.0,0.0,0.0,0.0,0.0,0.0,0.0,0.0,0.0,0.0,0.0,0.0,0.0,0.0,0.0,0.0,0.0,0.0,0.0,0.0,0.0,0.0,0.0,0.0,0.0,0.0,0.0,0.0,0.0,0.0,0.0,0.0,0.3333333333333333,0.0,0.0,0.0,0.0,0.0,0.0,0.0,0.0,0.0,0.0,0.0,0.0,0.0,0.0,0.0,0.0,0.0,0.0,0.0,0.0,0.0,0.0,0.0,0.0,0.0,0.0,0.0,0.0,0.0,0.0,0.5,0.0,0.0,0.0,0.0,0.0,0.0,0.0,0.0,0.0,0.0,0.0,0.0,0.0,0.0,0.0,0.0,0.0,0.0,0.0,0.0,0.0,0.0,0.0,0.0,0.0,0.0,0.0,0.0,0.0,0.0,0.0,0.0,0.0,0.0,0.0,0.0,0.0,0.0,0.0,0.0,0.0,0.0,0.0,0.0,0.0,0.0,0.0,0.0,0.0,0.0,0.0,0.0,0.0,0.0,0.0,0.0,0.0,0.0,0.0,0.0,0.0,0.0,0.0,0.0,0.0,0.0,0.0,0.0,0.0,0.0,0.0,0.0,0.0,0.0,0.0,0.0,0.0,0.0,0.0,0.0,0.0,0.0,0.0,0.0,0.0,0.0,0.0,0.0,0.0,0.0,0.0,0.0,0.0,0.0,0.0,0.0,0.0,0.0,0.0,0.0,0.0,0.0,0.0,0.0,0.0,0.0,0.0,0.0,0.0,0.0,0.0,0.0,0.0,0.0,0.0,0.0,0.0,0.0,0.0,0.0,0.0,0.0,0.0,0.0,0.0,0.0,0.0,0.0,0.0,0.0,0.0,0.0,0.0,0.0,0.0,0.0,0.0,0.0,0.0,0.0,0.0,0.0,0.0,0.0,0.0,0.0
GY,0.0,0.0,0.0,0.0,0.0,0.0,0.0,0.0,0.0,0.0,0.0,0.0,0.0,0.0,0.0,0.0,0.0,0.0,0.0,0.0,0.0,0.0,0.0,0.0,0.0,0.0,0.0,0.0,0.0,0.0,0.0,0.0,0.0,0.0,0.0,0.0,0.0,0.0,0.0,0.0,0.0,0.0,0.0,0.0,0.0,0.0,0.0,0.0,0.0,0.0,0.0,0.0,0.0,0.0,0.0,0.0,0.0,0.0,0.0,0.0,0.0,0.0,0.0,0.0,0.0,0.0,0.0,0.0,0.0,0.0,0.0,0.0,0.0,0.0,0.0,0.0,0.0,0.0,0.0,0.0,0.0,0.0,0.0,0.0,0.0,0.0,0.0,0.0,0.0,0.0,0.0,0.0,0.0,0.0,0.0,0.0,0.0,0.0,0.0,0.0,0.0,0.0,0.0,0.0,0.0,0.0,0.0,0.0,0.0,0.0,0.0,0.0,0.0,0.0,0.0,0.0,0.0,0.0,0.0,0.0,0.0,0.0,0.0,0.0,0.0,0.0,0.0,0.0,0.0,0.0,0.0,0.0,0.0,0.0,0.0,0.0,0.0,0.0,0.0,0.0,0.0,0.0,0.0,0.0,0.0,0.0,0.0,0.0,0.0,0.0,0.0,0.0,0.0,0.0,0.0,0.0,0.0,0.0,0.0,0.0,0.0,0.0,0.0,0.0,0.0,0.0,0.0,0.0,0.0,0.0,0.0,0.0,0.0,0.0,0.0,0.0,0.0,0.0,0.0,0.0,0.0,0.0,0.0,0.0,0.0,0.0,0.0,0.0,0.0,0.0,0.0,0.0,0.0,0.0,0.0,0.0,0.0,0.0,0.0,0.0,0.0,0.0,0.0,0.0,0.0,0.0,0.0,0.0,0.0,0.0,0.0,0.0,0.0,0.0,0.0,0.0,0.0,0.0,0.0,0.0,0.0,0.0,0.0,0.0,0.0,0.0,0.0,0.0,0.0,0.0,0.0,0.0,0.0
HN,0.0,0.0,0.0,0.0,0.0,0.0,0.0,0.0,0.0,0.0,0.0,0.0,0.0,0.0,0.0,0.0,0.0,0.0,0.0,0.0,0.0,0.0,0.0,0.0,0.0,0.0,0.0,0.0,0.0,0.0,0.0,0.0,0.0,0.0,0.0,0.0,0.0,0.0,0.0,0.0,0.0,0.0,0.0,0.0,0.0,0.0,0.0,0.0,0.0,0.0,0.0,0.0,0.0,0.0,0.0,0.0,0.0,0.0,0.0,0.0,0.0,0.0,0.0,0.0,0.0,0.0,0.0,0.0,0.0,0.0,0.0,0.0,0.0,0.0,0.0,0.0,0.0,0.0,0.0,0.0,0.0,0.0,0.0,0.0,0.0,0.0,0.0,0.0,2.0,0.0,0.0,0.0,0.0,0.0,0.0,0.0,0.0,0.0,0.0,0.0,0.0,0.0,0.0,0.0,0.0,0.0,0.0,0.0,0.0,0.0,0.0,0.0,0.0,0.0,0.0,0.0,0.0,0.0,0.0,0.0,0.0,0.0,0.0,0.0,0.0,0.0,0.0,0.0,0.0,0.0,0.0,0.0,0.0,0.0,0.0,0.0,0.0,0.0,0.0,0.0,0.0,0.0,0.0,0.0,0.0,0.0,0.0,0.0,0.0,0.0,0.0,0.0,0.0,0.0,0.0,0.0,0.0,0.0,0.0,0.0,0.0,0.0,0.0,0.0,0.0,0.0,0.0,0.0,0.0,0.0,0.0,0.0,0.0,0.0,0.0,0.0,0.0,0.0,0.0,0.0,0.0,0.0,0.0,0.0,0.0,0.0,0.0,0.0,0.0,0.0,0.0,0.0,0.0,0.0,0.0,0.0,0.0,0.0,0.0,0.0,0.0,0.0,0.0,0.0,0.0,0.0,0.0,0.0,0.0,0.0,0.0,0.0,0.0,0.0,0.0,0.0,0.0,0.0,2.0,0.0,0.0,0.0,0.0,0.0,0.0,0.0,0.0,0.0,0.0,0.0,0.0,0.0,0.0
HR,0.0,0.0013114218620335,0.0,0.0,0.0,0.0,0.0,0.0,0.0380229781623394,0.025467689981279303,0.7442528155013443,0.0,0.0,0.0,1.031251617175648,0.0,0.0,0.0755160609606392,0.0,0.0149641111651567,0.0,0.0,0.0,0.0,0.0,0.0,0.0,0.0729358520621821,0.0,0.0,0.0,0.0,0.0091954022988505,0.0,0.2539201483694165,0.0,0.0,0.0,0.0,0.0238379075221367,0.0,0.0,0.0007855263673736137,0.0,0.084815137273837,0.0032212311002671,0.0,0.0010240655401945,0.0,0.0,0.0,0.005051119047015999,0.037516128696652495,0.0421085175286459,0.0,0.010136628301817,0.0,0.0,0.0,0.0,0.0039497980734371,0.0189261782152561,0.0,0.0,0.2036367028866446,0.0,0.0211435259293205,0.0,0.0,0.0,0.1229342775241728,0.0,0.0637765729964727,0.0,0.0003476487022624,0.0,0.0,0.0,0.0,0.0,0.0,0.0,0.0,0.0,0.055113913561055605,0.0,0.0,0.0,0.0,27.84829452995379,0.0,0.0499605788316014,0.0002947244326554,0.024352317810656297,0.039012093674722,0.0,0.0514345337161402,0.0,0.0,0.0002947244326554,0.0,0.5266991284577647,0.0,0.0,0.0004807692307692,0.067282742018293,0.003372061125365,0.0,0.0,0.0,0.0,0.0,0.0,0.058674700645475995,0.000287356321839,0.0,0.0,0.0,0.0011711422954512,0.0,0.0,0.0002947244326554,0.0,0.0,0.0141483808278322,0.0,0.029321947469299097,0.0,0.0005569851197784,0.0,0.0,0.0006734006734006,0.0,0.0,0.0,0.0,0.0,0.0,0.0,0.0,0.0,0.0,0.0,0.0,0.0,0.0,0.0026995709769378,0.0063477288498002,0.0,0.0,0.0,0.0,0.0,0.0011788977306218,9.754670048285616e-05,0.0272205977035424,0.0091465046535824,0.0,0.0,0.0,0.0036960904454068,0.000287356321839,0.0010240655401945,0.0011849407010696,0.0,0.0,0.008700963284020199,0.0011715296198054,0.066176050150604,0.0,0.0,0.0,0.029633422521287103,0.0,0.0,0.0,0.0,0.0588245103937357,0.0721386248301085,0.0564888177860062,0.0,0.0005090514516884,0.0,0.0,0.0,0.0382218861964963,0.0098572368743468,0.0,0.0227929735696112,0.0,0.021150454907100498,0.0,0.0,0.0,0.0,0.0,0.0,0.0,0.0,0.0,0.0,0.0,0.0,0.0,0.0,0.0081272430440371,0.0,0.0,0.0,0.0005894488653109,0.0,0.2152564402677365,0.0,0.0,0.0465450710620246,0.0,0.0201674952459083,7.745558406351357e-05,6.209925292157045,0.0,0.0,0.0,0.0,0.0,0.0,0.0080971659919028,0.0,0.0,0.0,0.0,0.0105860383449984,0.0002947244326554,0.0
HT,0.0,0.0,0.0,0.0,0.0,0.0,0.0,0.0,0.0,0.0,0.0,0.0,0.0,0.0,0.0,0.0128205128205128,0.0,0.0,0.0128205128205128,0.0,0.0,0.0,0.0128205128205128,0.0,0.0,0.0,0.0,0.0666666666666666,0.0,0.0,0.0,0.0,0.0,0.0,0.0,0.0,0.0,0.0,0.0,0.0,0.0,0.0,0.0,0.0,0.0,0.0,0.0,0.0,0.0,0.0,0.0,0.0,0.0,0.0,0.0,0.0,0.0,0.0,0.0,0.0,0.0,0.0,0.0,0.0,0.0,0.0,0.0,0.0,0.0,0.0,0.0,0.0,0.0,0.0,0.0,0.0,0.0,0.0,0.0,0.0,0.0,0.0,0.0,0.0,0.0,0.0,0.0,0.0,0.0,0.0,0.4871794871794871,0.0,0.0,0.0,0.0,0.0,0.0,0.0,0.0,0.0,0.0,0.0,0.0,0.0128205128205128,0.0,0.0,0.0256410256410256,0.0,0.0,0.0,0.0,0.0,0.0,0.0,0.0,0.0,0.0,0.0,0.0,0.0,0.0,0.0,0.0,0.0,0.0,0.0,0.0,0.0,0.0,0.0,0.0,0.0,0.0,0.0,0.0,0.0,0.0,0.0,0.0,0.0,0.0,0.0,0.0,0.0,0.0,0.0,0.0,0.0,0.0,0.0128205128205128,0.0,0.0,0.0,0.0,0.0,0.0,0.0,0.0,0.0,0.0,0.0,0.0,0.0,0.0666666666666666,0.0,0.0,0.0,0.0,0.0,0.0,0.0,0.0,0.0,0.0,0.0,0.0,0.0,0.0,0.0,0.0,0.0,0.0,0.0,0.0,0.0,0.0,0.0,0.0,0.0,0.0,0.0,0.0,0.0,0.0,0.0,0.0,0.0,0.0,0.0,0.0,0.0,0.0,0.0,0.0,0.0,0.0,0.0,0.0,0.0,0.0,0.0,0.0,0.0,0.0,0.0,0.0,0.0,0.0,0.2641025641025641,0.0,0.0,0.0,0.0,0.0,0.0,0.0,0.0,0.0,0.0,0.0,0.0,0.0,0.0
HU,0.0,0.0004816348186916351,0.0,0.0,0.0,0.0,0.0,0.0,0.0829910396665336,0.2075392279042528,0.6765004486122398,0.0,0.0,0.0,0.0094766347250937,0.0,0.0,0.4532881015579089,0.0,0.057121544760402,0.0,0.0,0.0,0.0,0.0,0.0,0.0,0.32485668264155476,0.0,0.0,0.0,0.0,0.0024661306014774,0.0,0.5446065132364628,0.0,0.0,0.0,0.0,0.20159855537982,0.0003912363067292,0.0,0.0424049622627467,0.0,0.6968801702959895,0.021991017825820698,0.0,0.0007614696363982,0.0,0.0,0.0,0.025,0.5722597778038556,2.7984358956657567,0.0,1.2710967502861192,0.0,0.0001316309069369,0.0,0.0,0.067191803096916,0.0014417003738675,0.0,0.0,2.672729838461189,0.0,0.12363726498448391,0.0,0.0,0.0,2.002792304597318,0.0,1.431369986312188,0.0,0.0750539904884372,0.0,0.0,0.0,0.0,0.0,0.0,0.0,0.0,0.0,0.21558971847283,0.0,0.0,0.0,0.0,0.0499605788316014,0.0,64.71128657812696,0.0002947244326554,0.0844977931691843,0.5139414692798183,0.0,0.12121136637555141,0.0,0.0,0.0002947244326554,0.0006988120195667,1.7478773564472558,0.0,0.0,0.0020459127251781,0.8062207892972642,0.000947368414604,0.0,0.0,0.0,0.0,0.0,0.0,1.0136446307994673,0.0003831417624521,0.0,0.0004807692307692,0.0,0.005911134412781099,0.0,0.0,0.0002947244326554,0.0,0.0,0.0464668796903656,0.0013233486526959002,0.0203027109629975,0.0,3.0031870360774127,0.0,0.0181159420289855,0.0021082709831995,0.0,0.0,0.0,0.0,0.0,0.0,0.0,0.0,0.0,0.0,0.0,0.0,0.0,0.0,0.1393763879157062,0.0902515490745591,0.0,0.0,0.0,0.0,0.0,0.0011788977306218,0.0,0.1470761784076173,0.0773064969641777,0.0,0.0,0.0,0.068622842006238,0.0010565424358527,0.0,0.0133238998419269,0.0,0.0,0.0148184610521931,0.0012673150604185,2.1728511584920733,0.0,0.0,0.0,0.1823546737134502,0.0,0.0,9.849305623953512e-05,0.0,0.2150972019983649,0.7915807564154113,0.35513005344734166,0.0,0.0014163359824898999,0.0,0.0,0.0,0.1044213256978897,0.031200692845834502,0.0,0.6913423163356299,0.0,0.0148606347225567,0.0,0.0,0.0,0.0,0.0,0.0,0.0,0.0,0.0,0.0,0.0,0.0,0.0,0.0,0.1110007406554388,0.0,0.0,0.0,0.0005894488653109,0.0,0.48097626138479255,0.0,0.0,0.45465041846195997,0.0,0.10432937962210459,0.0003269434432558,5.919296509590097,0.0,0.0,0.0,0.0,0.0,0.0,0.0087998991261384,0.0,0.0,0.0,0.0,0.065739186089652,0.0002947244326554,0.0
ID,0.0,0.0,0.0,0.0,0.0,0.0,0.0,0.0,1.000805449662482,0.0001473622163277,0.0,0.0,0.0,0.0,0.0,0.0,0.0005107252298263,0.0008054496624818,0.0,0.0005107252298263,0.0,0.0,0.0,0.0,0.0,0.0,0.0,0.0011688126759804,0.0,0.0,0.0,0.0,0.0,0.0,0.0009528118788095,0.0,0.0010214504596527,0.0,0.0,0.0010214504596527,0.0,0.0,0.001532175689479,0.0005107252298263,0.1225169466548776,0.001532175689479,0.0005107252298263,0.0,0.0,0.0,0.0,0.0,0.0001473622163277,1.0364510967959244,0.0,0.0001473622163277,0.0,0.0005107252298263,0.0005107252298263,0.0,0.0001473622163277,9.555056629194562,0.0,0.0,0.0062074263934008,0.0,0.0,0.0,0.0,0.0,0.0018369851767759,0.0,0.2572451785160037,0.0,0.0,0.0,0.0,0.0005107252298263,0.0,0.0,0.0,0.0,0.0,0.0,0.000658087446154,0.0005107252298263,0.0,0.0,0.0,0.0002947244326554,0.0,0.0002947244326554,93.35067136359272,0.0001473622163277,0.000658087446154,0.0,0.0008054496624818,0.0,0.0,0.6668140288829943,0.0005107252298263,0.0010315355142941,0.0,0.0,0.0005107252298263,0.0615469811517854,0.0005107252298263,0.0005107252298263,0.0,0.0,0.0,0.0,0.0,0.0019742623384622,1.0,0.0,0.0,0.0,0.0,0.0,0.0,0.0001473622163277,0.0,0.0,0.000658087446154,0.0,0.000658087446154,0.0,0.0001473622163277,0.0,0.0,0.0,0.0,0.0,0.0,0.0,0.0,0.0,0.0,0.0,0.0,0.0,0.0,0.0,0.0,0.0,0.0011688126759804,0.000658087446154,0.0,0.0,0.0,0.0,0.0,0.0021216245547899,0.0,0.0011788977306218,0.0001473622163277,0.0010214504596527,0.0,0.0,0.0,0.0,0.0,0.036735736173938396,0.0,0.0,0.0668140288829943,0.0004420866489832,0.0002947244326554,0.0,0.0,0.0,0.0016795379058067,0.0,0.0,0.0,0.0,0.0001473622163277,0.0001473622163277,0.0002947244326554,0.0,2.0,0.0,0.0,0.0005107252298263,0.0008054496624818,1.0641501509382176,0.0,0.0001473622163277,0.0,0.0,0.0,0.0,0.0,0.0,0.0,0.0,0.0,0.0,0.0,0.0,0.0,0.0,0.0,0.0,2.0001473622163273,0.0,0.0,0.0,0.0002947244326554,0.0,0.0009528118788095,0.0,0.0,1.0284358652239316,0.0,0.0,0.0,3.2435759384616416,0.0,0.0,0.0,0.0,0.0,0.0,1.0005107252298262,0.0,0.0,0.0,0.0,0.0005107252298263,0.0001473622163277,0.0
IE,0.0,0.0007166746297181,0.0,0.0,0.0,0.0,0.0017050298380221,0.0,0.0431941309356624,0.217036639554719,0.7528890329066126,0.0,0.0,0.0,0.0005018476384114001,0.00067957866123,0.0,2.3194482327266885,0.0,0.0058859654868844,0.0,0.0,0.0,0.0,0.0,0.0,0.0,0.1294597947204466,0.0,0.0,0.0,0.0,0.0,0.0,1.7888912782782342,0.0,0.0,0.0,0.0,1.6510015346309261,0.0,0.0,0.0415021992843433,0.0,0.3410308642932425,0.0179068304807782,0.0,0.0,0.0,0.0,0.0,0.0,0.3466476446580919,1.1586399877997,0.0,0.7564705023937122,0.0,0.0,0.0,0.0,0.007824370438184,0.0005658189768776,0.0,0.0,2.4073540790445893,0.0,0.2014921121403542,0.0,0.0,0.0,1.2121778341063096,0.0,9.932738931175628,0.0,0.001633176771045,0.0,0.0,0.0,0.0,0.0,0.0,0.0,0.0,0.0,0.068623570347818,0.0,0.0,0.0,0.0,0.024352317810656297,0.0,0.0844977931691843,0.0001473622163277,155.032390464517,0.4767193411046899,0.0,0.0401754841801929,0.0,0.0,0.0001473622163277,0.012973068121809499,2.794660590901273,0.0,0.00067957866123,0.0,0.30967565494659083,0.0007473522972855744,0.0,0.0,0.0,0.0,0.0,0.0,0.2525842018634581,0.0,0.0,0.0028846153846153,0.0,0.0034066352301368,0.0,0.0,0.0001473622163277,0.0,0.0,0.7074303379782072,0.0009615384615384,0.0043705713892868,0.0,0.0001473622163277,0.0,0.0,0.0,0.0,0.0,0.0,0.0,0.0,0.0,0.0,0.0,0.0,0.0,0.0,0.0,0.0,0.0,0.0078152132049265,0.0198527583793878,0.0,0.0,0.0,0.0,0.0,0.003307763510231,9.754670048285616e-05,3.648518800124657,0.37345144346770864,0.0,0.0,0.0,0.0259517928534995,0.0,0.0,0.003446559655255,0.0,0.0,0.0022710613591004998,0.0004420866489832,0.2665586277317169,0.0,0.0,0.0,0.4064598881284892,0.0,0.0,0.0,0.0,0.0304959629352441,0.0417046153002198,0.0402709083056315,0.0,0.0009479954717259,0.0,0.0,0.0,0.7258150423311462,0.0323522908526816,0.0,0.0216029451806132,0.0,0.0074114267242719,0.0,0.0,0.0,0.0,0.0,0.0,0.0,0.0,0.0,0.0,0.0,0.0,0.0,0.0,0.0212566659714171,0.0,0.0,0.0,0.0002947244326554,0.0,0.1494123637967214,0.0,0.0,0.1445611650019803,0.0,0.0103161370987137,0.0001355472721111,17.684878212514327,0.0,0.0,0.0,0.0,0.0,0.0,0.0019230769230769,0.0,0.0,0.0,0.0,0.0092648668935259,0.0001473622163277,0.0
IL,0.0,0.0025259141668678,0.0,0.0,0.0,0.0,0.0,0.0,0.2008157327742517,0.697139501358282,4.423817715303672,0.0,0.0,0.0,0.0566450679437505,0.0,0.0002553626149131,1.4819753827842252,0.0,0.0310431283564462,0.0,0.0,0.0,0.0,0.0,0.0,0.0,0.6341252103641499,0.0,0.0,0.0,0.0,0.0002007360321177,0.0,3.3288683718017573,0.0,0.0005107252298263,0.0,0.0,1.339192111174061,0.0011737089201877,0.0,0.2275796515250415,0.0002553626149131,3.043558887988247,0.1040311794094259,0.0002553626149131,0.0020481310803891,0.0,0.0,0.0,0.0,0.9710142417729747,2.7458852672234393,0.0,0.906387107634034,0.0,0.0002553626149131,0.0002553626149131,0.0109890109890109,0.0390554688081762,0.0258555458747479,0.0,0.0,8.684398325504121,0.0086580086580086,0.2591548651352208,0.0,0.0,0.0,4.076123217710537,0.0151515151515151,5.802210664540224,0.0,0.0205651632064788,0.0,0.0,0.0002553626149131,0.0,0.0,0.0,0.0,0.0,0.0,1.2042750672139453,0.0002553626149131,0.0,0.0,0.0,0.039012093674722,0.0,0.5139414692798183,0.000658087446154,0.4767193411046899,386.35034216699466,0.0,0.0677009030602018,0.0,0.0,0.0001473622163277,0.0009541746344798,6.1474717669203836,0.0,0.0,0.0074333697929203,2.283048737861863,0.001784326980132,0.0002553626149131,0.0,0.0,0.0,0.0,0.0,3.392608238091181,0.0,0.0,0.0024038461538461,0.0,0.0043224732732898,0.0,0.0,0.0001473622163277,0.0,0.0,0.1190710446002938,0.049965894849477,0.7008698144285487,0.0,0.0015003563326008,0.0,0.0290513833992094,0.0,0.0,0.0,0.0,0.0,0.0,0.0,0.0,0.0,0.0,0.0,0.0,0.0,0.0,0.0,0.057851826212666796,0.1055580489097427,0.0,0.0,0.0,0.0,0.0,0.0013555367100504,0.0002926401014485,2.8518922898541614,0.1932521461226949,0.0005107252298263,0.0,0.0,0.1044313928373084,0.0,0.0020481310803891,0.026733888254298302,0.0,0.0,0.0098816963214515,0.0004420866489832,0.7537439279821365,0.0,0.0,0.0,0.5476157944111879,0.0,0.0,0.0,0.0,0.14737766614334652,0.16651556307811619,0.38691383578812566,0.0,0.0044092720392655,0.0,0.0,0.0002553626149131,0.4123827116634138,0.1139809756274698,0.0,0.011693646270796101,0.0,0.029831866863438798,0.0,0.0,0.0,0.0,0.0,0.0,0.0,0.0,0.0,0.0,0.0,0.0,0.0,0.0,0.1098732646388246,0.0,0.0,0.0,0.0002947244326554,0.0,1.0449516773596301,0.0,0.0,1.187133842586921,0.0,0.0645502087363639,5.809168804763519e-05,86.63280812368099,0.0,0.0,0.0,0.0,0.0,0.0,0.0005773892357804,0.0,0.0,0.0,0.0,0.0682547770064929,0.0001473622163277,0.0
IM,0.0,0.0,0.0,0.0,0.0,0.0,0.0,0.0,0.0,0.0,0.0,0.0,0.0,0.0,0.0,0.0,0.0,0.0,0.0,0.0,0.0,0.0,0.0,0.0,0.0,0.0,0.0,0.0,0.0,0.0,0.0,0.0,0.0,0.0,0.0,0.0,0.0,0.0,0.0,0.0,0.0,0.0,0.0,0.0,0.0,0.0,0.0,0.0,0.0,0.0,0.0,0.0,0.0,0.0,0.0,0.0,0.0,0.0,0.0,0.0,0.0,0.0,0.0,0.0,0.0,0.0,0.0,0.0,0.0,0.0,0.0,0.0,0.0,0.0,0.0,0.0,0.0,0.0,0.0,0.0,0.0,0.0,0.0,0.0,0.0,0.0,0.0,0.0,0.0,0.0,0.0,0.0,0.0,0.0,0.0,0.0,0.0,0.0,0.0,0.0,0.0,0.0,0.0,0.0,0.0,0.0,0.0,0.0,0.0,0.0,0.0,0.0,0.0,0.0,0.0,0.0,0.0,0.0,0.0,0.0,0.0,0.0,0.0,0.0,0.0,0.0,0.0,0.0,0.0,0.0,0.0,0.0,0.0,0.0,0.0,0.0,0.0,0.0,0.0,0.0,0.0,0.0,0.0,0.0,0.0,0.0,0.0,0.0,0.0,0.0,0.0,0.0,0.0,0.0,0.0,0.0,0.0,0.0,0.0,0.0,0.0,0.0,0.0,0.0,0.0,0.0,0.0,0.0,0.0,0.0,0.0,0.0,0.0,0.0,0.0,0.0,0.0,0.0,0.0,0.0,0.0,0.0,0.0,0.0,0.0,0.0,0.0,0.0,0.0,0.0,0.0,0.0,0.0,0.0,0.0,0.0,0.0,0.0,0.0,0.0,0.0,0.0,0.0,0.0,0.0,0.0,0.0,0.0,0.0,0.0,0.0,0.0,0.0,0.0,0.0,0.0,0.0,0.0,0.0,0.0,0.0,0.0,0.0,0.0,0.0,0.0,0.0,0.0,0.0,0.0,0.0,0.0,0.0
IN,0.0,0.0024047417436989,0.0,0.0,0.0,0.0357142857142857,0.0,0.0,0.057963238995943696,6.395182263879247,4.953668270107941,0.0,0.0,0.0,0.032820241007753,0.0,1.1145410769006274,2.4365932208338865,0.0,0.0082802307198249,0.0,0.0,0.0,0.0,0.0,0.0,0.0,0.3920980912476438,0.0,0.0,0.0,0.0,0.0,0.0,7.5294377082021455,0.0,0.0005107252298263,0.0,0.0,19.128188747612782,0.0,0.0,0.0333806788338444,0.0002553626149131,2.5576471688329625,0.014034325509765001,0.0002553626149131,0.0,0.0,0.0,0.0,0.0,0.0772707486194184,2.7266195302369916,0.0,4.135580373713225,0.0,0.0005186244287869,0.0002553626149131,0.0109890109890109,0.0095740415502169,0.0467460150969531,0.0,0.0,2.20143850386193,0.0086580086580086,0.6990100119474961,0.0,0.0,0.0,6.480561766211575,0.0,22.605961531590257,0.0,0.0392561805582169,0.0,0.0,0.2224775848371353,0.0,0.0,0.0,0.0,0.0,0.0,1.164571747531712,0.0002553626149131,0.0,0.0,0.0,0.0514345337161402,0.0,0.12121136637555141,0.0008054496624818,0.0401754841801929,0.0677009030602018,0.0,3370.047023026096,0.0,0.0,0.0002947244326554,0.0002553626149131,0.6460973610304539,0.0,0.0,0.158953511101794,1.407753161314301,0.008150558171039,0.0002553626149131,0.0,0.0,0.0,0.0,0.0,2.247658429101657,0.0100027367268746,0.0,0.0,0.0,0.020990182630276497,0.0,0.0,0.0360090101469411,0.0,0.0,0.06413998179410199,0.004326923076923,0.0794977683652229,0.0,0.0092279790877825,0.0,0.0,0.0,0.0,0.0,0.0,0.0,0.0476190476190476,0.0,0.0,0.0,0.0,0.0,0.0,0.0,0.0,0.0,0.0741125522671907,0.232304588030476,0.0,0.0,0.0,0.0,0.0,1.0019449855753615,0.0,7.296264882400536,0.0225430775576262,0.0005107252298263,0.0,0.0,0.0143782496747396,0.0031725298966678,0.0,0.0079079755151237,0.0,0.0,1.2248816867488332,0.48469643383436484,0.1204572981195199,0.0,0.0,0.0,0.030637069891577197,0.0,0.0,0.0004924652811976,0.0,0.0839905151143424,0.24794592553861372,1.7226508147392428,0.0,0.013787952452597799,0.0,0.0,0.0002553626149131,36.05406304961738,3.0512365395535332,0.0,1.0073539827678444,0.0,0.018303875239735798,0.0,0.0,0.0,0.0,0.0,0.0,0.0,0.0,0.0,0.0,0.0,0.0,0.0,0.0,0.6525810762834101,0.0,0.0,0.0,0.0126862230588592,0.0,0.3441852236116858,0.0,0.0,0.46189311076976813,0.0476190476190476,0.0241173638358693,0.0009687299512462,71.85213366194628,0.0,0.0,0.0,0.0,0.0,0.0,0.0664237347532516,0.0,0.0,0.0,0.0,0.2809634402114439,0.0002947244326554,0.0
IO,0.0,0.0,0.0,0.0,0.0,0.0,0.0,0.0,0.0,0.0,0.0,0.0,0.0,0.0,0.0,0.0,0.0,0.0,0.0,0.0,0.0,0.0,0.0,0.0,0.0,0.0,0.0,0.0,0.0,0.0,0.0,0.0,0.0,0.0,0.0,0.0,0.0,0.0,0.0,0.0,0.0,0.0,0.0,0.0,0.0,0.0,0.0,0.0,0.0,0.0,0.0,0.0,0.0,0.0,0.0,0.0,0.0,0.0,0.0,0.0,0.0,0.0,0.0,0.0,0.0,0.0,0.0,0.0,0.0,0.0,0.0,0.0,0.0,0.0,0.0,0.0,0.0,0.0,0.0,0.0,0.0,0.0,0.0,0.0,0.0,0.0,0.0,0.0,0.0,0.0,0.0,0.0,0.0,0.0,0.0,0.0,0.0,0.0,0.0,0.0,0.0,0.0,0.0,0.0,0.0,0.0,0.0,0.0,0.0,0.0,0.0,0.0,0.0,0.0,0.0,0.0,0.0,0.0,0.0,0.0,0.0,0.0,0.0,0.0,0.0,0.0,0.0,0.0,0.0,0.0,0.0,0.0,0.0,0.0,0.0,0.0,0.0,0.0,0.0,0.0,0.0,0.0,0.0,0.0,0.0,0.0,0.0,0.0,0.0,0.0,0.0,0.0,0.0,0.0,0.0,0.0,0.0,0.0,0.0,0.0,0.0,0.0,0.0,0.0,0.0,0.0,0.0,0.0,0.0,0.0,0.0,0.0,0.0,0.0,0.0,0.0,0.0,0.0,0.0,0.0,0.0,0.0,0.0,0.0,0.0,0.0,0.0,0.0,0.0,0.0,0.0,0.0,0.0,0.0,0.0,0.0,0.0,0.0,0.0,0.0,0.0,0.0,0.0,0.0,0.0,0.0,0.0,0.0,0.0,0.0,0.0,0.0,0.0,0.0,0.0,0.0,0.0,0.0,0.0,0.0,0.0,0.0,0.0,0.0,0.0,0.0,0.0,0.0,0.0,0.0,0.0,0.0,0.0
IQ,0.0,0.0,0.0,0.0,0.0,0.0,0.0,0.0,0.0,0.0,0.0,0.0,0.0,0.0,0.0,0.0,0.0,0.0,0.0,0.0,0.0,0.0,0.0,0.0,0.0,0.0,0.0,0.0,0.0,0.0,0.0,0.0,0.0,0.0,0.0,0.0,0.0,0.0,0.0,0.0,0.0,0.0,0.0,0.0,0.0,0.0,0.0,0.0,0.0,0.0,0.0,0.0,0.0,0.0,0.0,0.0,0.0,0.0,0.0,0.0,0.0,0.0,0.0,0.0,0.0,0.0,0.0,0.0,0.0,0.0,0.0,0.0,0.0,0.0,0.0,0.0,0.0,0.0,0.0,0.0,0.0,0.0,0.0,0.0,0.0,0.0,0.0,0.0,0.0,0.0,0.0,0.0,0.0,0.0,0.0,0.0,0.0,0.0,14.0,0.0,0.0,0.0,0.0,0.0,0.0,0.0,0.0,0.0,0.0,0.0,0.0,0.0,0.0,0.0,0.0,0.0,0.0,0.0,0.0,0.0,0.0,0.0,0.0,0.0,0.0,0.0,0.0,0.0,0.0,0.0,0.0,0.0,0.0,0.0,0.0,0.0,0.0,0.0,0.0,0.0,0.0,0.0,0.0,0.0,0.0,0.0,0.0,0.0,0.0,0.0,0.0,0.0,0.0,0.0,0.0,0.0,0.0,0.0,0.0,0.0,0.0,0.0,0.0,0.0,0.0,0.0,0.0,0.0,0.0,0.0,0.0,0.0,0.0,0.0,0.0,0.0,0.0,0.0,0.0,0.0,0.0,0.0,0.0,0.0,0.0,0.0,0.0,0.0,0.0,0.0,0.0,0.0,0.0,0.0,0.0,0.0,0.0,0.0,0.0,0.0,0.0,0.0,0.0,0.0,0.0,0.0,0.0,0.0,0.0,0.0,0.0,0.0,0.0,0.0,0.0,0.0,0.0,0.0,0.0,0.0,0.0,0.0,0.0,0.0,0.0,0.0,0.0,0.0,0.0,0.0,0.0,0.0,0.0
IR,0.0,0.0666666666666666,0.0,0.0,0.0,0.0,0.0,0.0,0.0002947244326554,0.0001473622163277,0.0,0.0,0.0,0.0,0.0,0.0,0.0,0.0002947244326554,0.0,0.0,0.0,0.0,0.0,0.0,0.0,0.0,0.0,0.0001473622163277,0.0,0.0,0.0,0.0,0.0,0.0,0.0004420866489832,0.0,0.0,0.0,0.0,0.0,0.0,0.0,0.0,0.0,0.06696139109932199,0.0,0.0,0.0,0.0,0.0,0.0,0.0,0.0001473622163277,0.0007368110816386,0.0,0.0001473622163277,0.0,0.0,0.0,0.0,0.0001473622163277,0.0002947244326554,0.0,0.0,0.0005894488653109,1.0,0.0,0.0,0.0,0.0,0.2013262599469496,0.0,2.2678455643972883,0.0,0.0,0.0,0.0,0.0,0.0,0.0,0.0,0.0,0.0,0.0,0.0001473622163277,0.0,0.0,0.0,0.0,0.0002947244326554,0.0,0.0002947244326554,0.6668140288829943,0.0001473622163277,0.0001473622163277,0.0,0.0002947244326554,0.0,0.0,2052.717094017094,0.0,0.0010315355142941,0.0,0.0,0.0,0.0008841732979664,0.0,0.0,0.0,0.0,0.0,0.0,0.0,0.0004420866489832,0.0,0.0,0.0,0.0,0.0,0.0,0.0,0.0001473622163277,0.0,0.0,0.0001473622163277,0.0,0.0001473622163277,0.0,0.0001473622163277,0.0,0.0,0.0,0.0,0.0,0.0,0.0,0.0,0.0,0.0,0.0,0.0,0.0,0.0,0.0,0.0,0.0,0.0001473622163277,0.0001473622163277,0.0,0.0,0.0,0.0,0.0,2.000589448865311,0.0,0.0011788977306218,0.0001473622163277,0.0,0.0,0.0,0.0,0.0,0.0,0.0,0.0,0.0,0.0001473622163277,0.0004420866489832,0.0002947244326554,0.0,0.0,0.0,0.0001473622163277,0.0,0.0,0.0,0.0,0.0001473622163277,0.0001473622163277,0.0002947244326554,0.0,0.0,0.0,0.0,0.0,0.0002947244326554,0.0001473622163277,0.0,0.0001473622163277,0.0,0.0,0.0,0.0,0.0666666666666666,0.0,0.0,0.0,0.0,0.0,0.0,0.0,0.0,0.0,0.0,0.0,0.0001473622163277,0.0,0.0,0.0,0.0002947244326554,0.0,1.0004420866489832,0.0,0.0,0.0001473622163277,0.0,0.0,0.0,0.267550839964633,0.0,0.0,0.0,0.0,0.0,0.0,0.0,0.0,0.0,0.0,0.0,0.0,0.0001473622163277,0.0
IS,0.0,0.0,0.0,0.0,0.0,0.0,0.0,0.0,0.0002553626149131,0.0,0.0006988120195667,0.0,0.0,0.0,0.0,0.0,0.0002553626149131,0.14021213861287898,0.0,0.0002553626149131,0.0,0.0,0.0,0.0,0.0,0.0,0.0,0.0005107252298263,0.0,0.0,0.0,0.0,0.0,0.0,0.0023517986736133,0.0,0.0005107252298263,0.0,0.0,0.1393996141187152,0.0,0.0,0.0007660878447395,0.0002553626149131,0.0,0.0007660878447395,0.0002553626149131,0.0,0.0,0.0,0.0,0.0,0.0,0.0052443361367846,0.0,0.44531388427084884,0.0,0.0002553626149131,0.0002553626149131,0.0,0.0117692108954011,0.0,0.0,0.0,0.0082388708676944,0.0,0.2564681672925194,0.0,0.0,0.0,0.0039166898460343,0.0,0.0266942960267751,0.0,0.0,0.0,0.0,0.0002553626149131,0.0,0.0,0.0,0.0,0.0,0.0,0.0002553626149131,0.0002553626149131,0.0,0.0,0.0,0.0,0.0,0.0006988120195667,0.0005107252298263,0.012973068121809499,0.0009541746344798,0.0,0.0002553626149131,0.0,0.0,0.0,12.134420046517018,0.0006988120195667,0.0,0.0,0.0002553626149131,0.0025536261491317,0.0002553626149131,0.0002553626149131,0.0,0.0,0.0,0.0,0.0,0.0007660878447395,0.0,0.0,0.0,0.0,0.0,0.0,0.0,0.0,0.0,0.0,0.004440175980726,0.0,0.0002553626149131,0.0,0.0,0.0,0.0,0.0,0.0,0.0,0.0,0.0,0.0,0.0,0.0,0.0,0.0,0.0,0.0,0.0,0.0,0.0,0.0005107252298263,0.0002553626149131,0.0,0.0,0.0,0.0,0.0,0.0007660878447395,0.0,0.018388781317843,0.3355032600714301,0.0005107252298263,0.0,0.0,0.0,0.0,0.0,0.0005107252298263,0.0,0.0,0.0,0.0,0.0,0.0,0.0,0.0,0.0010711984473329,0.0,0.0,0.0,0.0,0.0,0.0,0.0,0.0,0.0,0.0,0.0,0.0002553626149131,0.4123942325442533,0.0009541746344798,0.0,0.0,0.0,0.0,0.0,0.0,0.0,0.0,0.0,0.0,0.0,0.0,0.0,0.0,0.0,0.0,0.0,0.0,0.0,0.0,0.0,0.0,0.0,0.0,0.0002553626149131,0.0,0.0,0.0009541746344798,0.0,0.0,0.0,1.913514004347127,0.0,0.0,0.0,0.0,0.0,0.0,0.0002553626149131,0.0,0.0,0.0,0.0,0.0002553626149131,0.0,0.0
IT,0.0,0.007858966200721199,0.0,0.0,0.0,0.0,0.0093776641091219,0.0,0.5419597214852043,3.9089567782162247,6.786731175370438,0.0,0.0,0.0,0.0819482400176329,0.0,0.0166666666666666,14.853452282003072,0.0,0.1082087429429161,0.0,0.0,0.0,0.0,0.0,0.0,0.0,2.734954166669259,0.0,0.0,0.0,0.0,0.0018156134783769,0.0,6.313585014550668,0.0,0.0,0.0,0.0,15.69642636075395,0.0011737089201877,0.0,0.2584561917453759,0.0,5.238459893577392,0.0997451298860576,0.0,0.0047264338452783,0.0,0.0,0.0,0.053090895059847903,3.2086431060414418,25.396114261160744,0.0,2.664048678519412,0.0,0.0003510157518318,0.0,0.0,0.0692296956834372,0.19045839284914817,0.0,0.0,45.91633684257913,0.0,1.2249257198449546,0.0,0.0,0.0,29.738844200415848,0.0151515151515151,27.029127288650415,0.0,0.013388297735351901,0.0,0.0,0.0,0.0,0.0,0.0,0.0,0.0,0.0,4.448959413838395,0.0,0.0,0.0,0.0,0.5266991284577647,0.0,1.7478773564472558,0.0010315355142941,2.794660590901273,6.1474717669203836,0.0,0.6460973610304539,0.0,0.0,0.0010315355142941,0.0006988120195667,2157.1587701007284,0.0,0.0,0.1114438938278524,6.8025865207186165,0.0233022725067701,0.0,0.0,0.0,0.0,0.0,0.0,5.7652180206076125,0.0201012588943622,0.0,0.0038461538461538,0.0,0.0357572723252966,0.0,0.0,0.0010315355142941,0.0,0.0,0.175525903021113,0.3764265303452613,0.0706482464725268,0.0,0.0195649752663093,0.0,0.0008163265306122,0.0011422044545973,0.0,0.0,0.0,0.0,0.0,0.0,0.0,0.0,0.0,0.0,0.0,0.0,0.0,0.0,0.46330072724270466,0.27171192275243683,0.0,0.0,0.0,0.0,0.0,0.0044466377571924995,0.0006828269033799,13.567600065111925,2.4497068059566756,0.0,0.0,0.0,0.2516690086729852,0.0010536398467432,0.003584229390681,0.0730853344022458,0.0,0.0,0.0362688292297057,1.008745947539051,3.254568639089024,0.0,0.0,0.0666666666666666,1.8243829521866095,0.0,0.0,0.3006894513936767,0.0,1.9277626835146182,0.34099193125809923,1.0325149071522721,0.0,0.1065501076621345,0.0,0.0,0.0,5.369259294726387,0.48007991580406983,0.0,0.2617281707722759,0.0,0.3911480098886544,0.0,0.0,0.0,0.0,0.0,0.0,0.0,0.0,0.0,0.0,0.0,0.0,0.0,0.0,0.41435364490094706,0.0,0.0,0.0,0.019641329229502,0.0,3.3393315058950535,0.0,0.0,4.192134510031659,0.0,0.1217767817988683,0.0013115616897309,202.60532658618314,0.0064516129032258,0.0,0.0,0.0,0.0,0.0,0.0061073802546076,0.0,0.0,0.0,0.0,0.1597572523717311,0.0010315355142941,0.0
JE,0.0,0.0,0.0,0.0,0.0,0.0,0.0,0.0,0.0,0.0,0.0,0.0,0.0,0.0,0.0,0.0,0.0,0.0,0.0,0.0,0.0,0.0,0.0,0.0,0.0,0.0,0.0,0.0,0.0,0.0,0.0,0.0,0.0,0.0,0.0,0.0,0.0,0.0,0.0,0.0,0.0,0.0,0.0,0.0,0.0,0.0,0.0,0.0,0.0,0.0,0.0,0.0,0.0,0.0,0.0,0.0,0.0,0.0,0.0,0.0,0.0,0.0,0.0,0.0,0.0,0.0,0.0,0.0,0.0,0.0,0.0,0.0,0.0,0.0,0.0,0.0,0.0,0.0,0.0,0.0,0.0,0.0,0.0,0.0,0.0,0.0,0.0,0.0,0.0,0.0,0.0,0.0,0.0,0.0,0.0,0.0,0.0,0.0,0.0,0.0,0.0,0.0,0.0,0.0,0.0,0.0,0.0,0.0,0.0,0.0,0.0,0.0,0.0,0.0,0.0,0.0,0.0,0.0,0.0,0.0,0.0,0.0,0.0,0.0,0.0,0.0,0.0,0.0,0.0,0.0,0.0,0.0,0.0,0.0,0.0,0.0,0.0,0.0,0.0,0.0,0.0,0.0,0.0,0.0,0.0,0.0,0.0,0.0,0.0,0.0,0.0,0.0,0.0,0.0,0.0,0.0,0.0,0.0,0.0,0.0,0.0,0.0,0.0,0.0,0.0,0.0,0.0,0.0,0.0,0.0,0.0,0.0,0.0,0.0,0.0,0.0,0.0,0.0,0.0,0.0,0.0,0.0,0.0,0.0,0.0,0.0,0.0,0.0,0.0,0.0,0.0,0.0,0.0,0.0,0.0,0.0,0.0,0.0,0.0,0.0,0.0,0.0,0.0,0.0,0.0,0.0,0.0,0.0,0.0,0.0,0.0,0.0,0.0,0.0,0.0,0.0,0.0,0.0,0.0,0.0,0.0,0.0,0.0,0.0,0.0,0.0,0.0,0.0,0.0,0.0,0.0,0.0,0.0
JM,0.0,0.0,0.0,0.0,0.0,0.0,0.0,0.0,0.0,0.6666666666666666,0.0015290519877675,0.0,0.0,0.0,0.0,0.0129904074858203,0.0,0.0,0.0128205128205128,0.0,0.0,0.0,0.0128205128205128,0.0,0.0,0.0,0.0,0.0001698946653075,0.0,0.0,0.0,0.0,0.0,0.0,0.0011892626571525,0.0,0.0,0.0,0.0,0.0008494733265375,0.0,0.0,0.0,0.0,0.0,0.0,0.0,0.0,0.0,0.0,0.0,0.0,0.0,0.0,0.0,0.0,0.0,0.0,0.0,0.0,0.0,0.0,0.0,0.0,0.0020387359836901,0.0,0.0,0.0,0.0,0.0,0.0,0.0,0.0022086306489976,0.0,0.0,0.0,0.0,0.0,0.0,0.0,0.0,0.0,0.0,0.0,0.0,0.0,0.0,0.0,0.0,0.0,0.0128205128205128,0.0,0.0,0.00067957866123,0.0,0.0,0.0,0.0,0.0,0.0,0.0,0.0,0.0,2.1721947776993646,0.0,0.0,0.0258109203063331,0.0,0.0,0.0,0.0,0.0,0.0,0.0,0.0,0.0,0.0,0.0,0.0,0.0,0.0,0.0,0.0,0.0,0.0,0.0,0.0,0.0,0.0,0.0,0.0,0.0,0.0,0.0,0.0,0.0,0.0,0.0,0.0,0.0,0.0,0.0,0.0,0.0,0.0,0.0,0.0,0.0,0.0,0.0128205128205128,0.0,0.0,0.0,0.00067957866123,0.0,0.0,0.0001698946653075,0.0,0.0,0.0,0.0,0.0,0.0,0.0,0.0,0.0,0.0,0.0,0.0,0.0,0.0,0.0,0.0,0.0,0.0,0.0,0.0,0.0,0.0,0.0,0.0,0.0,0.0,0.0,0.0,0.0005096839959225,0.0,0.0,0.0,0.0,0.0,0.0,0.0,0.0,0.0,0.0,0.0,0.0,0.0,0.0,0.0,0.0,0.0,0.0,0.0,0.0,0.0,0.0,0.0,0.0,0.0,0.0,0.0,0.0,0.0,0.0,0.0,0.0,0.0715779293760945,0.0,0.0,0.0,0.0,0.0,0.0,0.0,0.0,0.0,0.0,0.0,0.0005096839959225,0.0,0.0
JO,0.0,0.018280311238057637,0.0,0.0,0.0,0.0,0.0,0.0,0.0038703391876362,0.0102413021133873,0.0330239615049741,0.0,0.0,0.0,0.0,0.0,0.0002553626149131,0.0701326647874137,0.0,0.0002553626149131,0.0,0.0,0.0,0.0,0.0,0.0,0.0,0.0140579888653409,0.0,0.0,0.0,0.0,0.0,0.0,0.1400600024195529,0.0,0.0005107252298263,0.0,0.0,0.035018849955342296,0.0,0.0,0.0040994211780728,0.0002553626149131,0.020663793691962598,0.0008645809009790351,0.0002553626149131,0.0033333333333333,0.0,0.0,0.0,0.0,0.0006491398896462,0.4458175613693801,0.0,0.0370125654935781,0.0,0.0002553626149131,0.0002553626149131,0.0,0.0,0.0655737585315049,0.0,0.0,0.14359452976410958,0.0086580086580086,0.0053224834237492,0.0,0.0,0.0,0.1116062466776626,0.0,0.1493813542694724,0.0,0.0,0.0,0.0,0.0002553626149131,0.0,0.0,0.0,0.0,0.0,0.0,0.0016976703072207,0.0002553626149131,0.0,0.0,0.0,0.0004807692307692,0.0,0.0020459127251781,0.0005107252298263,0.0,0.0074333697929203,0.0,0.158953511101794,0.0,0.0,0.0,0.0002553626149131,0.1114438938278524,0.0,0.0,26.88526973307254,0.0691481427436483,0.0005370058543028001,0.0002553626149131,0.0,0.0,0.0,0.0,0.0,0.0027375905204675,0.0,0.0,0.0,0.0,2.055850810136556,0.0,0.0,0.0,0.0,0.0,0.0002553626149131,0.0,0.0002553626149131,0.0,0.0181818181818181,0.0,0.0,0.0,0.0,0.0,0.0,0.0,0.0,0.0,0.0,0.0,0.0,0.0,0.0,0.0,0.0,0.0,0.0023171934095339002,0.0526363149958654,0.0,0.0,0.0,0.0,0.0,0.0007660878447395,0.0,0.072506907132193,0.0124411650727439,0.0005107252298263,0.0,0.0,0.0,0.0,0.0,0.0005107252298263,0.0,0.0,0.0,0.0,0.0247217741227706,0.0,0.0,0.3333333333333333,0.0143190081041049,0.0,0.0,0.025654048611795,0.0,0.0009615384615384,0.0066666666666666,0.0006491398896462,0.0,0.6041075200230128,0.0,0.0,0.0002553626149131,0.0077273684571721,0.0008048131643636,0.0,0.0095238095238095,0.0,0.33494401168451793,0.0,0.0,0.0,0.0,0.0,0.0,0.0,0.0,0.0,0.0,0.0,0.0,0.0,0.0,0.002317049148035,0.0,0.0,0.0,0.0,0.0,0.0070119465699727,0.0,0.0,0.00995528710357,0.0,0.0,9.849305623953512e-05,2.334168366970864,0.0,0.0,0.0,0.0,0.0,0.0,0.0002553626149131,0.0,0.0,0.0,0.0,0.1055805538555973,0.0,0.0
JP,0.0,0.0,0.0,0.0,0.0,0.0,0.0,0.0,0.4750357621887837,0.6940486612233194,8.819139658645787,0.0,0.0,0.0,0.0055988977166866,0.0,0.0025536261491317,3.152766296465586,0.0,0.0473250426819449,0.0,0.0,0.0,0.0,0.0,0.0,0.0,3.950190320830518,0.0,0.0,0.0,0.0,0.0,0.0,4.164884564891257,0.0,0.0051072522982635,0.0,0.0,3.4145503966332447,0.0,0.0,0.3764576435677211,0.0025536261491317,15.873404586938886,0.1442641615862844,0.0025536261491317,0.0,0.0,0.0,0.0,0.0017383746197305,0.861437371092111,24.208294272966917,0.0,3.769709337529849,0.0,0.0025536261491317,0.0025536261491317,0.0,0.0609870701168662,0.0055163414692002005,0.0,0.0,12.802929411024977,0.0173160173160173,0.349130333965762,0.0,0.0,0.0,10.097690403766276,0.0,49.865894556521056,0.0,0.0058100492564859005,0.0,0.0,0.0025536261491317,0.0,0.0,0.0,0.0,0.0,0.0,0.7537457266198698,0.0025536261491317,0.0,0.0,0.0,0.067282742018293,0.0,0.8062207892972642,0.0615469811517854,0.30967565494659083,2.283048737861863,0.0,1.407753161314301,0.0,0.0,0.0008841732979664,0.0025536261491317,6.8025865207186165,0.0,0.0,0.0691481427436483,5952.82985440176,0.0051316895681649,0.0025536261491317,0.6666666666666666,0.0,0.0,0.0,0.0,49.694941268727256,0.0,0.0,0.0,0.0,0.0047846889952153,0.0,0.0,0.0008841732979664,0.0,0.0,0.0671855010552353,0.0018518518518518,0.0466011504942769,0.0,0.01138747771186,0.0,0.0023529411764705,0.0,0.0,0.0666666666666666,0.0,0.0,0.0,0.0,0.0,0.0,0.0,0.0,0.0,0.0,0.0,0.0,0.288170857150918,0.7436306502233047,0.0,0.0,0.0,0.0,0.0,0.013120545839357,0.0,8.622168178903504,0.2328518640796061,0.0051072522982635,0.0,0.0,0.2379144034476987,0.0,0.0357142857142857,0.0779255833966567,0.0,0.0,0.0566980014189812,0.0026525198938992,0.8430485395762233,0.0,0.0,0.0,0.5412292742092171,0.0,0.0,0.0,0.0,0.2899563481090574,0.15968527089069662,0.4715014493158382,0.0,0.0189400066214052,0.0,0.0,0.0025536261491317,2.20292462996684,5.769761658362806,0.0,0.010164906455924098,0.0,0.0631997729565654,0.0,0.0,0.0,0.0,0.0,0.0,0.0,0.0,0.0,0.0,0.0,0.0,0.0,0.0,1.7528732969543186,0.0,0.0,0.0,0.0070537588580892,0.0,2.617273084036788,0.0,0.0,9.01281108057048,0.0,0.15495706112464952,0.0001936389601587,224.11746416405379,0.0,0.0,0.0,0.0,0.0,0.0,0.0119718282335557,0.0,0.0,0.0,0.0,0.2686193689248431,0.0008841732979664,0.0
KE,0.0,9.849305623953512e-05,0.0,0.0,0.0,0.0,0.0,0.0,0.0017844704809991002,0.0039283244186927,0.0051903662282894,0.0,0.0,0.0,0.0066860305626825,0.0258109203063331,0.0035886959482464,1.0023587565700198,0.0256410256410256,0.00029923958389208293,0.0,0.0,0.0256410256410256,0.0,0.0,0.0,0.0,0.0182943228572538,0.0,0.0,0.0,0.0,0.0,0.0,0.3575289899958626,0.0,0.0005107252298263,0.0,0.0,2.939724920346899,0.0,0.0,0.0007854517407553783,0.0002553626149131,0.0110370495624524,0.0008742628489869,0.0002553626149131,0.0,0.0,0.0,0.0,0.0,0.0013313373280265,0.0070062754987474,0.0,0.005635926695433,0.0,0.00029923958389208293,0.0002553626149131,0.0,0.0,0.0001372208482712,0.0,0.0,0.0304625132085468,0.0,0.0003856642623162,0.0,0.0,0.0,0.0137201026146693,0.0,1.0101930318234509,0.0,0.0,0.0,0.0,0.3335886959482464,0.0,0.0,0.0,0.0,0.0,0.0,0.0039913862708592,0.0002553626149131,0.0,0.0,0.0,0.003372061125365,0.0256410256410256,0.000947368414604,0.0005107252298263,0.0007473522972855744,0.001784326980132,0.0,0.008150558171039,0.0,0.0,0.0,0.0002553626149131,0.0233022725067701,0.0,0.0258109203063331,0.0005370058543028001,0.0051316895681649,30.088220138827218,0.0002553626149131,0.0,0.0,0.0,0.0,0.0,0.0218794012097259,0.0,0.0,0.0,0.0,0.000196986112479,0.0,0.0,0.0,0.0,0.0,0.0002553626149131,0.0,0.0002650445629210392,0.0,0.0005176151677918,0.0,0.0,0.0,0.0,0.0,0.0,0.0,0.0,0.0,0.0,0.0,0.0,0.0,0.0,0.0,0.0,0.0444444444444444,0.0015160457649877,0.0003134543029607352,0.0,0.0256410256410256,0.0,0.0,0.0,0.1682191650726415,0.0,0.6685605143754924,0.0011022955977084,0.0005107252298263,0.0,0.0,0.0008155193767601,0.0,0.0,0.0005107252298263,0.0,0.0,4.840974003969599e-05,0.0,0.0024454585989541,0.0,0.0,0.0,0.0050941851997705,0.0,0.0,9.849305623953512e-05,0.0,6.324086499486133e-05,2.9045844023817597e-05,4.387696897898293e-05,0.0,0.000196986112479,0.0,0.0,0.0002553626149131,0.0007940924548595176,0.0087830243620881,0.0,9.681948007939197e-06,0.0,2.9045844023817597e-05,0.0,0.0,0.0,0.0,0.0,0.0,0.0,0.0,0.0,0.0,0.0,0.0,0.0,0.0,0.0045971575251108,0.0,0.0,0.0,0.0,0.0,0.020814741339713002,0.0,0.0,0.0058739652573187,0.1333333333333333,9.681948007939197e-06,0.5446061783656788,18.485547402346636,0.0,0.0,0.0,0.0,0.0,0.0,0.00029923958389208293,0.0,0.0,0.0,0.0,0.31589897333008077,0.0,0.0888888888888888
KG,0.0,0.0,0.0,0.0,0.0,0.0,0.0,0.0,0.0002553626149131,0.0,0.0,0.0,0.0,0.0,0.0,0.0,0.0002553626149131,0.0002553626149131,0.0,0.0002553626149131,0.0,0.0,0.0,0.0,0.0,0.0,0.0,0.0005107252298263,0.0,0.0,0.0,0.0,0.0,0.0,0.0002553626149131,0.0,0.0005107252298263,0.0,0.0,0.0005107252298263,0.0,0.0,0.0007660878447395,0.0002553626149131,0.0,0.0007660878447395,0.0002553626149131,0.0,0.0,0.0,0.0,0.0,0.0,0.0,0.0,0.0,0.0,0.0002553626149131,0.0002553626149131,0.0,0.0,0.0,0.0,0.0,0.0028089887640449,0.0,0.0,0.0,0.0,0.0,0.0002553626149131,0.0,0.8335886959482466,0.0,0.0,0.0,0.0,0.0002553626149131,0.0,0.0,0.0,0.0,0.0,0.0,0.0002553626149131,0.0002553626149131,0.0,0.0,0.0,0.0,0.0,0.0,0.0005107252298263,0.0,0.0002553626149131,0.0,0.0002553626149131,0.0,0.0,0.0,0.0002553626149131,0.0,0.0,0.0,0.0002553626149131,0.0025536261491317,0.0002553626149131,1.1891385767790261,0.0,0.0,0.0,0.0,0.0,0.0007660878447395,0.0,0.0,0.0,0.0,0.0,0.0,0.0,0.0,0.0,0.0,0.0002553626149131,0.0,0.0002553626149131,0.0,0.0,0.0,0.0,0.0,0.0,0.0,0.0,0.0,0.0,0.0,0.0,0.0,0.0,0.0,0.0,0.0,0.0,0.0,0.0005107252298263,0.3335886959482464,0.0,0.0,0.0,0.0,0.0,0.0007660878447395,0.0,0.0,0.0,0.0005107252298263,0.0,0.0,0.0,0.0,0.0,0.0005107252298263,0.0,0.0,0.0,0.0,0.0,0.0,0.0,0.0,0.0007660878447395,0.0,0.0,0.0,0.0,0.0,0.0,0.0,0.0,0.0,0.0,0.0,0.0002553626149131,0.0002553626149131,0.0002553626149131,0.0,0.0,0.0,0.0,0.0,0.0,0.0,0.0,0.0,0.0,0.0,0.0,0.0,0.0,0.0,0.0,0.0,0.0,0.0,0.0,0.0,0.0,0.0,0.0,0.0002553626149131,0.0,0.0,0.0002553626149131,0.0,0.0,0.0,0.0022982635342185,0.0,0.0,0.0,0.0,0.0,0.0,0.0002553626149131,0.0,0.0,0.0,0.0,0.0002553626149131,0.0,0.0
KH,0.0,0.0,0.0,0.0,0.0,0.0,0.0,0.0,0.0,0.0,0.0,0.0,0.0,0.0,0.0,0.0,0.0,0.0,0.0,0.0,0.0,0.0,0.0,0.0,0.0,0.0,0.0,0.0,0.0,0.0,0.0,0.0,0.0,0.0,0.0,0.0,0.0,0.0,0.0,0.0666666666666666,0.0666666666666666,0.0,0.0,0.0,0.0,0.0,0.0,0.0,0.0,0.0,0.0,0.0,0.0,0.0,0.0,0.0,0.0,0.0,0.0,0.0,0.0,0.0,0.0,0.0,0.0,0.0,0.0,0.0,0.0,0.0,0.2,0.0,0.0,0.0,0.0,0.0,0.0,0.0,0.0,0.0,0.0,0.0,0.0,0.0,0.0,0.0,0.0,0.0,0.0,0.0,0.0,0.0,0.0,0.0,0.0,0.0,0.0,0.0,0.0,0.0,0.0,0.0,0.0,0.0,0.0,0.6666666666666666,0.0,0.0,4.666666666666666,0.0,0.0,0.0,0.0,0.0,0.0,0.0,0.0,0.0,0.0,0.0,0.0,0.0,0.0,0.0,0.0,0.0,0.0,0.0,0.0,0.0,0.0,0.0,0.0,0.0,0.0,0.0,0.0,0.0,0.0,0.0,0.0,0.0,0.0,0.0,0.0,0.0,0.0,0.0,0.0,0.0,0.0,0.0,0.0,0.0,0.0,0.0,0.0,0.0,0.0,0.0,0.0,0.0,0.0,0.0,0.0,0.0,0.0,0.0,0.0,0.0,0.0,0.0,0.0,0.0,0.0,0.0,0.0,0.0,0.0,0.0,0.0,0.0,0.0,0.0,0.0,0.0,0.0,0.0,0.0,0.0,0.0,0.0,0.0,0.0,0.0,0.0,0.0,0.0,0.0,0.0,0.0,0.0,0.0,0.0,0.0,0.0,0.0,0.0,0.0,0.0,0.0,2.6666666666666665,0.0,0.0,0.0,0.0,0.0,0.0,0.0,0.0,0.0,0.0,0.0,0.0,0.0,0.0,0.0,0.0,0.0,0.0,0.0,0.0,0.0
KI,0.0,0.0,0.0,0.0,0.0,0.0,0.0,0.0,0.0,0.0,0.0,0.0,0.0,0.0,0.0,0.0,0.0,0.0,0.0,0.0,0.0,0.0,0.0,0.0,0.0,0.0,0.0,0.0,0.0,0.0,0.0,0.0,0.0,0.0,0.0,0.0,0.0,0.0,0.0,0.0,0.0,0.0,0.0,0.0,0.0,0.0,0.0,0.0,0.0,0.0,0.0,0.0,0.0,0.0,0.0,0.0,0.0,0.0,0.0,0.0,0.0,0.0,0.0,0.0,0.0,0.0,0.0,0.0,0.0,0.0,0.0,0.0,0.0,0.0,0.0,0.0,0.0,0.0,0.0,0.0,0.0,0.0,0.0,0.0,0.0,0.0,0.0,0.0,0.0,0.0,0.0,0.0,0.0,0.0,0.0,0.0,0.0,0.0,0.0,0.0,0.0,0.0,0.0,0.0,0.0,0.0,0.0,0.0,0.0,0.0,0.0,0.0,0.0,0.0,0.0,0.0,0.0,0.0,0.0,0.0,0.0,0.0,0.0,0.0,0.0,0.0,0.0,0.0,0.0,0.0,0.0,0.0,0.0,0.0,0.0,0.0,0.0,0.0,0.0,0.0,0.0,0.0,0.0,0.0,0.0,0.0,0.0,0.0,0.0,0.0,0.0,0.0,0.0,0.0,0.0,0.0,0.0,0.0,0.0,0.0,0.0,0.0,0.0,0.0,0.0,0.0,0.0,0.0,0.0,0.0,0.0,0.0,0.0,0.0,0.0,0.0,0.0,0.0,0.0,0.0,0.0,0.0,0.0,0.0,0.0,0.0,0.0,0.0,0.0,0.0,0.0,0.0,0.0,0.0,0.0,0.0,0.0,0.0,0.0,0.0,0.0,0.0,0.0,0.0,0.0,0.0,0.0,0.0,0.0,0.0,0.0,0.0,0.0,0.0,0.0,0.0,0.0,0.0,0.0,0.0,0.0,0.0,0.0,0.0,0.0,0.0,0.0,0.0,0.0,0.0,0.0,0.0,0.0
KM,0.0,0.0,0.0,0.0,0.0,0.0,0.0,0.0,0.0,0.0,0.0,0.0,0.0,0.0,0.0,0.0,0.0,0.0,0.0,0.0,0.0,0.0,0.0,0.0,0.0,0.0,0.0,0.0,0.0,0.0,0.0,0.0,0.0,0.0,0.0,0.0,0.0,0.0,0.0,0.0,0.0,0.0,0.0,0.0,0.0,0.0,0.0,0.0,0.0,0.0,0.0,0.0,0.0,0.0,0.0,0.0,0.0,0.0,0.0,0.0,0.0,0.0,0.0,0.0,0.0,0.0,0.0,0.0,0.0,0.0,0.0,0.0,0.0,0.0,0.0,0.0,0.0,0.0,0.0,0.0,0.0,0.0,0.0,0.0,0.0,0.0,0.0,0.0,0.0,0.0,0.0,0.0,0.0,0.0,0.0,0.0,0.0,0.0,0.0,0.0,0.0,0.0,0.0,0.0,0.0,0.0,0.0,0.0,0.0,0.0,0.0,0.0,0.0,0.0,0.0,0.0,0.0,0.0,0.0,0.0,0.0,0.0,0.0,0.0,0.0,0.0,0.0,0.0,0.0,0.0,0.0,0.0,0.0,0.0,0.0,0.0,0.0,0.0,0.0,0.0,0.0,0.0,0.0,0.0,0.0,0.0,0.0,0.0,0.0,0.0,0.0,0.0,0.0,0.0,0.0,0.0,0.0,0.0,0.0,0.0,0.0,0.0,0.0,0.0,0.0,0.0,0.0,0.0,0.0,0.0,0.0,0.0,0.0,0.0,0.0,0.0,0.0,0.0,0.0,0.0,0.0,0.0,0.0,0.0,0.0,0.0,0.0,0.0,0.0,0.0,0.0,0.0,0.0,0.0,0.0,0.0,0.0,0.0,0.0,0.0,0.0,0.0,0.0,0.0,0.0,0.0,0.0,0.0,0.0,0.0,0.0,0.0,0.0,0.0,0.0,0.0,0.0,0.0,0.0,0.0,0.0,0.0,0.0,0.0,0.0,0.0,0.0,0.0,0.0,0.0,0.0,0.0,0.0
KN,0.0,0.0,0.0,0.0,0.0,0.0,0.0,0.0,0.0,0.0,0.0,0.0,0.0,0.0,0.0,0.0,0.0,0.0,0.0,0.0,0.0,0.0,0.0,0.0,0.0,0.0,0.0,0.0,0.0,0.0,0.0,0.0,0.0,0.0,0.0,0.0,0.0,0.0,0.0,0.0,0.0,0.0,0.0,0.0,0.0,0.0,0.0,0.0,0.0,0.0,0.0,0.0,0.0,0.0,0.0,0.0,0.0,0.0,0.0,0.0,0.0,0.0,0.0,0.0,0.0,0.0,0.0,0.0,0.0,0.0,0.0,0.0,0.0,0.0,0.0,0.0,0.0,0.0,0.0,0.0,0.0,0.0,0.0,0.0,0.0,0.0,0.0,0.0,0.0,0.0,0.0,0.0,0.0,0.0,0.0,0.0,0.0,0.0,0.0,0.0,0.0,0.0,0.0,0.0,0.0,0.0,0.0,0.0,0.0,0.0,0.0,0.0,0.0,0.0,0.0,0.0,0.0,0.0,0.0,0.0,0.0,0.0,0.0,0.0,0.0,0.0,0.0,0.0,0.0,0.0,0.0,0.0,0.0,0.0,0.0,0.0,0.0,0.0,0.0,0.0,0.0,0.0,0.0,0.0,0.0,0.0,0.0,0.0,0.0,0.0,0.0,0.0,0.0,0.0,0.0,0.0,0.0,0.0,0.0,0.0,0.0,0.0,0.0,0.0,0.0,0.0,0.0,0.0,0.0,0.0,0.0,0.0,0.0,0.0,0.0,0.0,0.0,0.0,0.0,0.0,0.0,0.0,0.0,0.0,0.0,0.0,0.0,0.0,0.0,0.0,0.0,0.0,0.0,0.0,0.0,0.0,0.0,0.0,0.0,0.0,0.0,0.0,0.0,0.0,0.0,0.0,0.0,0.0,0.0,0.0,0.0,0.0,0.0,0.0,0.0,0.0,0.0,0.0,0.0,0.0,0.0,0.0,0.0,0.0,0.0,0.0,0.0,0.0,0.0,0.0,0.0,0.0,0.0
KP,0.0,0.0,0.0,0.0,0.0,0.0,0.0,0.0,0.0,0.0,0.0,0.0,0.0,0.0,0.0,0.0,0.0,0.0,0.0,0.0,0.0,0.0,0.0,0.0,0.0,0.0,0.0,0.0,0.0,0.0,0.0,0.0,0.0,0.0,0.0,0.0,0.0,0.0,0.0,0.0,0.0,0.0,0.0,0.0,0.0,0.0,0.0,0.0,0.0,0.0,0.0,0.0,0.0,0.0,0.0,0.0,0.0,0.0,0.0,0.0,0.0,0.0,0.0,0.0,0.0,0.0,0.0,0.0,0.0,0.0,0.0,0.0,0.0,0.0,0.0,0.0,0.0,0.0,0.0,0.0,0.0,0.0,0.0,0.0,0.0,0.0,0.0,0.0,0.0,0.0,0.0,0.0,0.0,0.0,0.0,0.0,0.0,0.0,0.0,0.0,0.0,0.0,0.0,0.0,0.0,0.0,0.0,0.0,0.0,0.0,0.0,0.0,0.0,0.0,0.0,0.0,0.0,0.0,0.0,0.0,0.0,0.0,0.0,0.0,0.0,0.0,0.0,0.0,0.0,0.0,0.0,0.0,0.0,0.0,0.0,0.0,0.0,0.0,0.0,0.0,0.0,0.0,0.0,0.0,0.0,0.0,0.0,0.0,0.0,0.0,0.0,0.0,0.0,0.0,0.0,0.0,0.0,0.0,0.0,0.0,0.0,0.0,0.0,0.0,0.0,0.0,0.0,0.0,0.0,0.0,0.0,0.0,0.0,0.0,0.0,0.0,0.0,0.0,0.0,0.0,0.0,0.0,0.0,0.0,0.0,0.0,0.0,0.0,0.0,0.0,0.0,0.0,0.0,0.0,0.0,0.0,0.0,0.0,0.0,0.0,0.0,0.0,0.0,0.0,0.0,0.0,0.0,0.0,0.0,0.0,0.0,0.0,0.0,0.0,0.0,0.0,0.0,0.0,0.0,0.0,0.0,0.0,0.0,0.0,0.0,0.0,0.0,0.0,0.0,0.0,0.0,0.0,0.0
KR,0.0,0.0006894513936767,0.0,0.0,0.0,0.0,0.0042625745950554,0.0,0.29343668722152383,0.4318960116635175,10.91945776261594,0.0,0.0,0.0,0.036782747220636104,0.0,0.0192509363295879,3.568194208099753,0.0,0.1347508888717316,0.0,0.0,0.0,0.0,0.0,0.0,0.0,2.5791693459084444,0.0,0.0,0.0,0.0,0.0028926264991838,0.0,4.363753518767323,0.0,0.0166836908409941,0.0,0.0,3.925260452186909,0.001564945226917,0.0,0.2851466548485854,0.0007660878447395,28.702909120442538,0.0703466330504239,0.0007660878447395,0.0009518370454978,0.0,0.0,0.0,0.0097560975609756,0.8002767095938347,17.369057404839396,0.0,1.3377047451834345,0.0,0.0012048575345292999,0.0007660878447395,0.0,0.0314542690331733,0.0037256491352718,0.0,0.0,15.396574694253495,0.0,0.19280613334267138,0.0,0.0,0.0,10.161251910939129,0.0,18.308690641692877,0.0,0.027038031984460302,0.0,0.0,0.0159176029962546,0.0,0.0,0.0,0.0,0.0,0.0,0.7188140697915474,0.0007660878447395,0.0,0.0,0.0,0.058674700645475995,0.0,1.0136446307994673,0.0019742623384622,0.2525842018634581,3.392608238091181,0.0,2.247658429101657,0.0,0.0,0.0004420866489832,0.0007660878447395,5.7652180206076125,0.0,0.0,0.0027375905204675,49.694941268727256,0.0218794012097259,0.0007660878447395,0.0,0.0,0.0,0.0,0.0,2607.431326327504,0.0,0.0,0.0,0.0,0.0081840228532823,0.0,0.0,0.0004420866489832,0.0,0.0,0.2372861465361274,0.0076399025383796,0.0364770620960417,0.0,0.0091506967922882,0.0,0.03201864770175,0.0043188404125011,0.0,0.0,0.0,0.0,0.0,0.0,0.0,0.0,0.0,0.0,0.0,0.0,0.0,0.0,0.2028325841672497,0.8962209602043479,0.0,0.0,0.0,0.0,0.0,0.004921265330194,0.0006340535531385,1.4446232569867528,0.2570224724112008,0.0166836908409941,0.0,0.0,0.4195599765848512,0.0,0.0,0.049378373416558305,0.0,0.0,0.783493689980409,0.0164777750984647,0.8675976841590051,0.0,0.0,0.0,0.3862966524093907,0.0,0.0,0.0006894513936767,0.0,0.2288091959364834,0.4951811839973457,1.0822082628050773,0.0,0.0041002309078208,0.0,0.0,0.0007660878447395,0.8325911799827382,4.651835148254301,0.0,0.013717185124160598,0.0,0.0952644860452266,0.0151515151515151,0.0,0.0,0.0,0.0,0.0,0.0,0.0,0.0,0.0,0.0,0.0,0.0,0.0,3.024249544068817,0.0,0.0,0.0,0.0049164313624825,0.0,2.1776418483809437,0.0,0.0,11.4331673555374,0.0151515151515151,0.1958807088262829,0.0014574073157365,147.21366245944057,0.0,0.0,0.0,0.0,0.0,0.0,0.020630735160338802,0.0,0.0,0.0,0.0,0.1756346400981242,0.0155936018004983,0.0
KW,0.0,9.578544061302682e-05,0.0,0.0,0.0,0.0,0.0,0.0,0.000191570881226,9.578544061302682e-05,0.0,0.0,0.0,0.0,0.0,0.0,0.0,0.0,0.0,9.578544061302682e-05,0.0,0.0,0.0,0.0,0.0,0.0,0.0,9.578544061302682e-05,0.0,0.0,0.0,0.0,0.0,0.0,0.019047619047619,0.0,0.0,0.0,0.0,0.0,0.0,0.0,0.0,0.0,0.0,0.000191570881226,0.0,0.0,0.0,0.0,0.0,0.0,0.0,0.0,0.0,0.2,0.0,0.0,0.0,0.0,0.000191570881226,1.676190476190476,0.0,0.0,0.0022988505747126,0.0,0.0,0.0,0.0,0.0,0.0019157088122605,0.0,2.0130678708264913,0.0,0.0,0.0,0.0,0.0,0.0,0.0,0.0,0.0,0.0,0.0,0.0,0.0,0.0,0.0,0.0,0.000287356321839,0.0,0.0003831417624521,1.0,0.0,0.0,0.0,0.0100027367268746,0.0,0.0,0.0,0.0,0.0201012588943622,0.0,0.0,0.0,0.0,0.0,0.0,0.0,0.0,0.0,0.0,0.0,0.0,9.947126436781609,0.0,0.0,0.0,0.000191570881226,0.0,0.0,0.0,0.0,0.0,0.000191570881226,0.0,0.0,0.0,0.1666666666666666,0.0,0.0,0.0,0.0,0.0,0.0,0.0,0.0,0.0,0.0,0.0,0.0,0.0,0.0,0.0,0.0,0.0,9.578544061302682e-05,0.0,0.0,0.0,0.0,0.0,0.0,0.0,0.0,0.0003831417624521,0.0,0.0,0.0,0.0,0.0,9.578544061302682e-05,0.0,0.0,0.0,0.0,0.000191570881226,9.578544061302682e-05,0.000191570881226,0.0,0.0,0.0,0.0003831417624521,0.0,0.0,0.4,0.0,0.0097153804050355,9.578544061302682e-05,0.0,0.0,0.0,0.0,0.0,0.0,0.0,0.000191570881226,0.0,0.000191570881226,0.0,0.0,0.0,0.0,0.0,0.0,0.0,0.0,0.0,0.0,0.0,0.0,0.0,0.0,0.0,0.0,0.0,0.0,0.0,0.0,0.0,0.0,0.019047619047619,0.0,0.0,0.0095238095238095,0.0,0.0,0.0,0.1956212370005472,0.0,0.0,0.0,0.0,0.0,0.0,0.0,0.0,0.0,0.0,0.0,0.0,0.0,0.0
KY,0.0,0.0,0.0,0.0,0.0,0.0,0.0,0.0,0.0,0.0,0.0,0.0,0.0,0.0,0.0,0.0,0.0,0.0,0.0,0.0,0.0,0.0,0.0,0.0,0.0,0.0,0.0,0.0,0.0,0.0,0.0,0.0,0.0,0.0,0.0,0.0,0.0,0.0,0.0,0.0,0.0,0.0,0.0,0.0,0.0,0.0,0.0,0.0,0.0,0.0,0.0,0.0,0.0,0.0,0.0,0.0,0.0,0.0,0.0,0.0,0.0,0.0,0.0,0.0,0.0,0.0,0.0,0.0,0.0,0.0,0.0,0.0,0.0,0.0,0.0,0.0,0.0,0.0,0.0,0.0,0.0,0.0,0.0,0.0,0.0,0.0,0.0,0.0,0.0,0.0,0.0,0.0,0.0,0.0,0.0,0.0,0.0,0.0,0.0,0.0,0.0,0.0,0.0,0.0,0.0,0.0,0.0,0.0,0.0,0.0,0.0,0.0,0.0,0.0,0.0,0.0,0.0,0.0,0.0,0.0,0.0,0.0,0.0,0.0,0.0,0.0,0.0,0.0,0.0,0.0,0.0,0.0,0.0,0.0,0.0,0.0,0.0,0.0,0.0,0.0,0.0,0.0,0.0,0.0,0.0,0.0,0.0,0.0,0.0,0.0,0.0,0.0,0.0,0.0,0.0,0.0,0.0,0.0,0.0,0.0,0.0,0.0,0.0,0.0,0.0,0.0,0.0,0.0,0.0,0.0,0.0,0.0,0.0,0.0,0.0,0.0,0.0,0.0,0.0,0.0,0.0,0.0,0.0,0.0,0.0,0.0,0.0,0.0,0.0,0.0,0.0,0.0,0.0,0.0,0.0,0.0,0.0,0.0,0.0,0.0,0.0,0.0,0.0,0.0,0.0,0.0,0.0,0.0,0.0,0.0,0.0,0.0,0.0,0.0,0.0,0.0,0.0,0.0,0.0,0.0,0.0,0.0,0.0,0.0,0.0,0.0,0.0,0.0,0.0,0.0,0.0,0.0,0.0
KZ,0.0,0.0,0.0,0.0,0.0,0.0,0.0,0.0,0.0,0.0014423076923076,0.0,0.0,0.0,0.0,0.0,0.0,0.0,0.0024038461538461,0.0,0.0,0.0,0.0,0.0,0.0,0.0,0.0,0.0,0.0,0.0,0.0,0.0,0.0,0.0,0.0,0.0009615384615384,0.0,0.0,0.0,0.0,0.0,0.0,0.0,0.0,0.0,0.0,0.0,0.0,0.0,0.0,0.0,0.0,0.0,0.0,0.0004807692307692,0.0,0.0,0.0,0.0,0.0,0.0,0.0,0.0,0.0,0.0,0.0033653846153846,0.0,0.0009615384615384,0.0,0.0,0.0,0.0038461538461538,0.0,0.0019230769230769,0.0,0.0,0.0,0.0,0.0,0.0,0.0,0.0,0.0,0.0,0.0,0.0,0.0,0.0,0.0,0.0,0.0,0.0,0.0004807692307692,0.0,0.0028846153846153,0.0024038461538461,0.0,0.0,0.0,0.0,0.0,0.0,0.0038461538461538,0.0,0.0,0.0,0.0,0.0,0.0,0.0,0.0,0.0,0.0,0.0,0.0,0.0,0.0,19.697435897435895,0.0,0.0,0.0,0.0,0.0,0.0,0.0,0.0,0.0,0.0,0.0,0.0,0.0,0.0,0.0,0.0,0.0,0.0,0.0,0.0,0.0,0.0,0.0,0.0,0.0,0.0,0.0,0.0,0.0,0.0,1.0,0.0,0.0,0.0,0.0,0.0,0.0,0.0,0.0,0.0,0.0,0.0,0.0,0.0,0.0,0.0,0.0,0.0,0.0,0.0,0.0,0.0,0.0,0.0,0.0,0.004326923076923,0.0,0.0,0.0,0.0,0.0004807692307692,0.0,1.6666666666666665,0.0,0.0,0.0,0.0,0.0,0.0,0.0,0.0,0.0,0.0,0.0,0.0,0.0,0.0,0.0,0.0,0.0,0.0,0.0,0.0,0.0,0.0,0.0,0.0,0.0,0.0,0.0,0.0,0.0,0.0,0.0,0.0,0.0,0.0,0.0,0.0,0.0,0.0,2.0009615384615382,0.0,0.0,0.0,0.0,0.0,0.0,0.0,0.0,0.0,0.0,0.0,0.0,0.0,0.0
LA,0.0,0.0,0.0,0.0,0.0,0.0,0.0,0.0,0.0,0.0,0.0,0.0,0.0,0.0,0.0,0.0,0.0,0.0,0.0,0.0,0.0,0.0,0.0,0.0,0.0,0.0,0.0,0.0,0.0,0.0,0.0,0.0,0.0,0.0,0.0,0.0,0.0,0.0,0.0,0.0,0.0,0.0,0.0,0.0,0.0,0.0,0.0,0.0,0.0,0.0,0.0,0.0,0.0,0.0,0.0,0.0,0.0,0.0,0.0,0.0,0.0,0.0,0.0,0.0,0.0,0.0,0.0,0.0,0.0,0.0,0.0,0.0,0.0,0.0,0.0,0.0,0.0,0.0,0.0,0.0,0.0,0.0,0.0,0.0,0.0,0.0,0.0,0.0,0.0,0.0,0.0,0.0,0.0,0.0,0.0,0.0,0.0,0.0,0.0,0.0,0.0,0.0,0.0,0.0,0.0,0.0,0.0,0.0,0.0,0.0,0.0,0.0,0.0,0.0,0.0,0.0,0.0,0.0,0.0,0.0,0.0,0.0,0.0,0.0,0.0,0.0,0.0,0.0,0.0,0.0,0.0,0.0,0.0,0.0,0.0,0.0,0.0,0.0,0.0,0.0,0.0,0.0,0.0,0.0,0.0,0.0,0.0,0.0,0.0,0.0,0.0,0.0,0.0,0.0,0.0,0.0,0.0,0.0,0.0,0.0,0.0,0.0,0.0,0.0,0.0,0.0,0.0,0.0,0.0,0.0,0.0,0.0,0.0,0.0,0.0,0.0,0.0,0.0,0.0,0.0,0.0,0.0,0.0,0.0,0.0,0.0,0.0,0.0,0.0,0.0,0.0,0.0,0.0,0.0,0.0,0.0,0.0,0.0,0.0,0.0,0.0,0.0,0.0,0.0,0.0,0.0,0.0,0.0,0.0,0.0,0.0,0.0,0.0,0.0,0.0,0.0,0.0,0.0,0.0,0.0,0.0,0.0,0.0,0.0,0.0,0.0,0.0,0.0,0.0,0.0,0.0,0.0,0.0
LB,0.0,0.0196035055014438,0.0,0.0,0.0,0.0,0.0,0.0,0.0095860461331362,0.0038955493782872,1.1710952252370908,0.0,0.0,0.0,0.0003805175038051,0.0,0.0,0.17797582445318558,0.0,0.0016917934344556,0.0,0.0,0.0,0.0,0.0,0.0,0.0,0.0174030350559427,0.0,0.0,0.0,0.0,0.0,0.0,0.0061778295648906,0.0,0.0,0.0,0.0,0.005106738094344801,0.0,0.0,0.0121145240920836,0.0,0.3591748837510888,0.0045877773137822,0.0,0.0033333333333333,0.0,0.0,0.0,0.0,0.0027224467845418,0.8293532701494212,0.0,0.0027102885519156997,0.0,0.0,0.0,0.0,0.0027644864936142,0.1517121376276305,0.0,0.0,0.047913091143395904,0.0,0.0089884411219649,0.0,0.0,0.0,2.0953081329886607,0.0,0.2140159961202283,0.0,0.0,0.0,0.0,0.0,0.0,0.0,0.0,0.0,0.0,0.0,0.0077315629213386,0.0,0.0,0.0,0.0,0.0011711422954512,0.0,0.005911134412781099,0.0,0.0034066352301368,0.0043224732732898,0.0,0.020990182630276497,0.0,0.0,0.0,0.0,0.0357572723252966,0.0,0.0,2.055850810136556,0.0047846889952153,0.000196986112479,0.0,0.0,0.0,0.0,0.0,0.0,0.0081840228532823,0.000191570881226,0.0,0.0,0.0,20.31753643008191,0.0,0.0,0.0,0.0,0.0,0.0086789787334921,0.1666666666666666,0.0046651694569211,0.0,0.0228469876387393,0.0,0.0,0.0,0.0,0.0,0.0,0.0,0.0,0.0,0.0,0.0,0.0,0.0,0.0,0.0,0.0,0.0,0.0032217773175300998,0.0012658227848101,0.0,0.0,0.0,0.0,0.0,0.0,0.0,0.007287492729492801,0.0,0.0,0.0,0.0,0.0,0.000191570881226,0.0,0.0040322580645161,0.0,0.0,0.0024494024142933,0.000191570881226,0.0053412558279191,0.0,0.0,0.0,0.0205888042553895,0.0,0.0,0.070196986112479,0.0,0.004220710842649401,0.0171171379439714,0.0046813979541623,0.0,0.2964706865523174,0.0,0.0,0.0,0.0091824079384769,0.0003831417624521,0.0,0.0021329467180908,0.0,0.0024430134019066,0.0,0.0,0.0,0.0,0.0,0.0,0.0,0.0,0.0,0.0,0.0,0.0,0.0,0.0,0.0041443706324294,0.0,0.0,0.0,0.0080645161290322,0.0,0.0296295430946367,0.0,0.0,0.0026496006638393,0.0,0.0,0.000196986112479,2.779698365165002,0.0,0.0,0.0,0.0,0.0,0.0,0.0,0.0,0.0,0.0,0.0,0.0051429049191923,0.0,0.0
LC,0.0,0.0,0.0,0.0,0.0,0.0,0.0,0.0,0.0,0.0,0.0,0.0,0.0,0.0,0.0,0.0,0.0,0.0,0.0,0.0,0.0,0.0,0.0,0.0,0.0,0.0,0.0,0.0,0.0,0.0,0.0,0.0,0.0,0.0,0.0,0.0,0.0,0.0,0.0,0.0,0.0,0.0,0.0,0.0,0.0,0.0,0.0,0.0,0.0,0.0,0.0,0.0,0.0,0.0,0.0,0.0,0.0,0.0,0.0,0.0,0.0,0.0,0.0,0.0,0.0,0.0,0.0,0.0,0.0,0.0,0.0,0.0,0.0,0.0,0.0,0.0,0.0,0.0,0.0,0.0,0.0,0.0,0.0,0.0,0.0,0.0,0.0,0.0,0.0,0.0,0.0,0.0,0.0,0.0,0.0,0.0,0.0,0.0,0.0,0.0,0.0,0.0,0.0,0.0,0.0,0.0,0.0,0.0,0.0,0.0,0.0,0.0,0.0,0.0,0.0,0.0,0.0,0.0,0.0,0.0,0.0,0.0,0.0,0.0,0.0,0.0,0.0,0.0,0.0,0.0,0.0,0.0,0.0,0.0,0.0,0.0,0.0,0.0,0.0,0.0,0.0,0.0,0.0,0.0,0.0,0.0,0.0,0.0,0.0,0.0,0.0,0.0,0.0,0.0,0.0,0.0,0.0,0.0,0.0,0.0,0.0,0.0,0.0,0.0,0.0,0.0,0.0,0.0,0.0,0.0,0.0,0.0,0.0,0.0,0.0,0.0,0.0,0.0,0.0,0.0,0.0,0.0,0.0,0.0,0.0,0.0,0.0,0.0,0.0,0.0,0.0,0.0,0.0,0.0,0.0,0.0,0.0,0.0,0.0,0.0,0.0,0.0,0.0,0.0,0.0,0.0,0.0,0.0,0.0,0.0,0.0,0.0,0.0,0.0,0.0,0.0,0.0,0.0,0.0,0.0,0.0,0.0,0.0,0.0,0.0,0.0,0.0,0.0,0.0,0.0,0.0,0.0,0.0
LI,0.0,0.0,0.0,0.0,0.0,0.0,0.0,0.0,0.0,0.0,0.0,0.0,0.0,0.0,0.0,0.0,0.0,0.0,0.0,0.0,0.0,0.0,0.0,0.0,0.0,0.0,0.0,0.0,0.0,0.0,0.0,0.0,0.0,0.0,0.0,0.0,0.0,0.0,0.0,0.0,0.0,0.0,0.0,0.0,0.0,0.0,0.0,0.0,0.0,0.0,0.0,0.0,0.0,0.0,0.0,0.0,0.0,0.0,0.0,0.0,0.0,0.0,0.0,0.0,0.0,0.0,0.0,0.0,0.0,0.0,0.0,0.0,0.0,0.0,0.0,0.0,0.0,0.0,0.0,0.0,0.0,0.0,0.0,0.0,0.0,0.0,0.0,0.0,0.0,0.0,0.0,0.0,0.0,0.0,0.0,0.0,0.0,0.0,0.0,0.0,0.0,0.0,0.0,0.0,0.0,0.0,0.0,0.0,0.0,0.0,0.0,0.0,0.0,0.0,0.0,0.0,0.0,0.0,0.0,0.0,0.0,0.0,0.0,0.0,0.0,0.0,0.0,0.0,0.0,0.0,0.0,0.0,0.0,0.0,0.0,0.0,0.0,0.0,0.0,0.0,0.0,0.0,0.0,0.0,0.0,0.0,0.0,0.0,0.0,0.0,0.0,0.0,0.0,0.0,0.0,0.0,0.0,0.0,0.0,0.0,0.0,0.0,0.0,0.0,0.0,0.0,0.0,0.0,0.0,0.0,0.0,0.0,0.0,0.0,0.0,0.0,0.0,0.0,0.0,0.0,0.0,0.0,0.0,0.0,0.0,0.0,0.0,0.0,0.0,0.0,0.0,0.0,0.0,0.0,0.0,0.0,0.0,0.0,0.0,0.0,0.0,0.0,0.0,0.0,0.0,0.0,0.0,0.0,0.0,0.0,0.0,0.0,0.0,0.0,0.0,0.0,0.0,0.0,0.0,0.0,0.0,0.0,0.0,0.0,0.0,0.0,0.0,0.0,0.0,0.0,0.0,0.0,0.0
LK,0.0,0.0,0.0,0.0,0.0,0.0357142857142857,0.0,0.0,0.0002947244326554,0.0001473622163277,1.0,0.0,0.0,0.0,0.0,0.0,0.0,0.0002947244326554,0.0,0.0,0.0,0.0,0.0,0.0,0.0,0.0,0.0,0.0001473622163277,0.0,0.0,0.0,0.0,0.0,0.0,0.0004420866489832,0.0,0.0,0.0,0.0,0.0,0.0,0.0,0.0,0.0,0.0002947244326554,0.0,0.0,0.0,0.0,0.0,0.0,0.0,0.0001473622163277,0.0364510967959243,0.0,0.0001473622163277,0.0,0.0,0.0,0.0,0.0001473622163277,0.0360090101469411,0.0,0.0,0.0005894488653109,0.0,0.0,0.0,0.0,0.0,0.0013262599469496,0.0,0.0011788977306218,0.0,0.0357142857142857,0.0,0.0,0.0,0.0,0.0,0.0,0.0,0.0,0.0,0.0001473622163277,0.0,0.0,0.0,0.0,0.0002947244326554,0.0,0.0002947244326554,0.0001473622163277,0.0001473622163277,0.0001473622163277,0.0,0.0360090101469411,0.0,0.0,0.0001473622163277,0.0,0.0010315355142941,0.0,0.0,0.0,0.0008841732979664,0.0,0.0,0.0,0.0,0.0,0.0,0.0,0.0004420866489832,0.0,0.0,0.0,0.0,0.0,0.0,0.0,3.267094017094017,0.0,0.0,0.0358616479306134,0.0,0.0001473622163277,0.0,0.0001473622163277,0.0,0.0,0.0,0.0,0.0,0.0,0.0,0.0,0.0,0.0,0.0,0.0,0.0,0.0,0.0,0.0,0.0,0.0001473622163277,0.0001473622163277,0.0,0.0,0.0,0.0,0.0,0.0005894488653109,0.0,0.0011788977306218,0.0001473622163277,0.0,0.0,0.0,0.0,0.0,0.0,0.0,0.0,0.0,0.0001473622163277,0.0361563723632689,0.0002947244326554,0.0,0.0,0.0,0.0001473622163277,0.0,0.0,0.0,0.0,0.0001473622163277,0.0001473622163277,0.0002947244326554,0.0,0.0,0.0,0.0,0.0,0.0002947244326554,0.0001473622163277,0.0,0.0001473622163277,0.0,0.0,0.0,0.0,0.0,0.0,0.0,0.0,0.0,0.0,0.0,0.0,0.0,0.0,0.0,0.0,0.0001473622163277,0.0,0.0,0.0,0.0002947244326554,0.0,0.0004420866489832,0.0,0.0,0.0001473622163277,0.0,0.0,0.0,0.0008841732979664,0.0,0.0,0.0,0.0,0.0,0.0,0.0,0.0,0.0,0.0,0.0,0.0,0.0001473622163277,0.0
LR,0.0,0.0,0.0,0.0,0.0,0.0,0.0,0.0,0.0,0.0,0.0,0.0,0.0,0.0,0.0,0.0,0.0,0.0,0.0,0.0,0.0,0.0,0.0,0.0,0.0,0.0,0.0,0.0,0.0,0.0,0.0,0.0,0.0,0.0,0.0,0.0,0.0,0.0,0.0,0.0,0.0,0.0,0.0,0.0,0.0,0.0,0.0,0.0,0.0,0.0,0.0,0.0,0.0,0.0,0.0,0.0,0.0,0.0,0.0,0.0,0.0,0.0,0.0,0.0,0.0,0.0,0.0,0.0,0.0,0.0,0.0,0.0,0.0,0.0,0.0,0.0,0.0,0.0,0.0,0.0,0.0,0.0,0.0,0.0,0.0,0.0,0.0,0.0,0.0,0.0,0.0,0.0,0.0,0.0,0.0,0.0,0.0,0.0,0.0,0.0,0.0,0.0,0.0,0.0,0.0,0.0,0.0,0.0,0.0,0.0,0.0,0.0,0.0,0.0,0.0,0.0,0.0,0.0,0.0,0.0,0.0,0.0,0.0,0.0,0.0,0.0,0.0,0.0,0.0,0.0,0.0,0.0,0.0,0.0,0.0,0.0,0.0,0.0,0.0,0.0,0.0,0.0,0.0,0.0,0.0,0.0,0.0,0.0,0.0,0.0,0.0,0.0,0.0,0.0,0.0,0.0,0.0,0.0,0.0,0.0,0.0,0.0,0.0,0.0,0.0,0.0,0.0,0.0,0.0,0.0,0.0,0.0,0.0,0.0,0.0,0.0,0.0,0.0,0.0,0.0,0.0,0.0,0.0,0.0,0.0,0.0,0.0,0.0,0.0,0.0,0.0,0.0,0.0,0.0,0.0,0.0,0.0,0.0,0.0,0.0,0.0,0.0,0.0,0.0,0.0,0.0,0.0,0.0,0.0,0.0,0.0,0.0,0.0,0.0,0.0,0.0,0.0,0.0,0.0,0.0,0.0,0.0,0.0,0.0,0.0,0.0,0.0,0.0,0.0,0.0,0.0,0.0,0.0
LS,0.0,0.0,0.0,0.0,0.0,0.0,0.0,0.0,0.0,0.0,0.0,0.0,0.0,0.0,0.0,0.0,0.0,0.0,0.0,0.0,0.0,0.0,0.0,0.0,0.0,0.0,0.0,0.0,0.0,0.0,0.0,0.0,0.0,0.0,0.0,0.0,0.0,0.0,0.0,0.0,0.0,0.0,0.0,0.0,0.0,0.0,0.0,0.0,0.0,0.0,0.0,0.0,0.0,0.0,0.0,0.0,0.0,0.0,0.0,0.0,0.0,0.0,0.0,0.0,0.0,0.0,0.0,0.0,0.0,0.0,0.0,0.0,0.0,0.0,0.0,0.0,0.0,0.0,0.0,0.0,0.0,0.0,0.0,0.0,0.0,0.0,0.0,0.0,0.0,0.0,0.0,0.0,0.0,0.0,0.0,0.0,0.0,0.0,0.0,0.0,0.0,0.0,0.0,0.0,0.0,0.0,0.0,0.0,0.0,0.0,0.0,0.0,0.0,0.0,0.0,0.0,0.0,0.0,0.0,0.0,0.0,0.0,0.0,0.0,0.0,0.0,0.0,0.0,0.0,0.0,0.0,0.0,0.0,0.0,0.0,0.0,0.0,0.0,0.0,0.0,0.0,0.0,0.0,0.0,0.0,0.0,0.0,0.0,0.0,0.0,0.0,0.0,0.0,0.0,0.0,0.0,0.0,0.0,0.0,0.0,0.0,0.0,0.0,0.0,0.0,0.0,0.0,0.0,0.0,0.0,0.0,0.0,0.0,0.0,0.0,0.0,0.0,0.0,0.0,0.0,0.0,0.0,0.0,0.0,0.0,0.0,0.0,0.0,0.0,0.0,0.0,0.0,0.0,0.0,0.0,0.0,0.0,0.0,0.0,0.0,0.0,0.0,0.0,0.0,0.0,0.0,0.0,0.0,0.0,0.0,0.0,0.0,0.0,0.0,0.0,0.0,0.0,0.0,0.0,0.0,0.0,0.0,0.0,0.0,0.0,0.0,0.0,0.0,0.0,0.0,0.0,0.0,0.0
LT,0.0,0.0012156364214205,0.0,0.0,0.0,0.0357142857142857,0.0,0.0,0.0131206983065054,0.3614699598133684,0.0350463035376466,0.0,0.0,0.0,0.0017088174982911,0.0,0.0002553626149131,0.2574810912265927,0.0,0.0235727835646784,0.0,0.0,0.0,0.0,0.0,0.0,0.0,0.0757975678881192,0.0,0.0,0.0,0.0,0.0,0.0,0.2849736380762466,0.0,0.0005107252298263,0.0,0.0,0.2019964511552797,0.0,0.0,0.0133691485112462,0.0002553626149131,0.1593000465931358,0.0046332292864320005,0.0002553626149131,0.0010240655401945,0.0,0.0,0.0,0.075,0.12889120484358768,0.2312928701521889,0.0,0.5864155026392894,0.0,0.0002553626149131,0.0002553626149131,0.0,0.1317575496198027,0.0582312323691634,0.0,0.0,0.3286070998890023,0.0,0.4157351821967158,0.0,0.0,0.0,0.4263080938513414,0.0,0.3899394273771934,0.0,0.040667761357416496,0.0,0.0,0.0002553626149131,0.0,0.0,0.0,0.0,0.0,0.0,0.0537242162955378,0.0002553626149131,0.0,0.0,0.0,0.0141483808278322,0.0,0.0464668796903656,0.000658087446154,0.7074303379782072,0.1190710446002938,0.0,0.06413998179410199,0.0,0.0,0.0001473622163277,0.004440175980726,0.175525903021113,0.0,0.0,0.0002553626149131,0.0671855010552353,0.0002553626149131,0.0002553626149131,0.0,0.0,0.0,0.0,0.0,0.2372861465361274,0.000191570881226,0.0,0.0,0.0,0.0086789787334921,0.0,0.0,0.0358616479306134,0.0,0.0,27.678793518699678,0.0,0.0373990604225172,0.0,0.004179620280843801,0.0,0.0,0.0,0.0,0.0,0.0,0.0,0.0,0.0,0.0,0.0,0.0,0.0,0.0,0.0,0.0,0.0,0.0035978455357061,0.0079596233849435,0.0,0.0,0.0,0.0,0.0,0.0013555367100504,0.0,0.3560450496040499,0.33702741680538195,0.0005107252298263,0.0,0.0,0.00495958785221,0.000191570881226,0.0010240655401945,0.0099758803945364,0.0,0.0,0.00564018664532,0.0363479432444949,0.0367016160613223,0.0,0.0,0.0,0.041520146294714504,0.0,0.0,0.0,0.0,0.0119142188389837,0.0277917436269012,0.012209639145236699,0.0,0.0051139190425783,0.0,0.0,0.0002553626149131,0.6935904523116585,0.0037611832413847997,0.0,0.0258410147690298,0.0,0.037721349706980295,0.0,0.0,0.0,0.0,0.0,0.0,0.0,0.0,0.0,0.0,0.0,0.0,0.0,0.0,0.0106824117489969,0.0,0.0,0.0,0.008359240561687601,0.0,0.0696337004134886,0.0,0.0,0.0188856726452277,0.0,0.0047836074617644,0.0,4.833160042629136,0.0,0.0,0.0,0.0,0.0,0.0,0.0002553626149131,0.0,0.0,0.0,0.0,0.012974099220941199,0.0001473622163277,0.0
LU,0.0,0.0,0.0,0.0,0.0,0.0,0.0,0.0,0.000767630963414,0.0006009641972148,0.0025571132374252997,0.0,0.0,0.0,0.0,0.0,0.0,0.9249440978141199,0.0,0.0,0.0,0.0,0.0,0.0,0.0,0.0,0.0,0.0025897546228870003,0.0,0.0,0.0,0.0,0.0,0.0,0.010866166353971099,0.0,0.0,0.0,0.0,0.0203102716314097,0.0,0.0,0.0,0.0,0.0037879577513723,0.0004807692307692,0.0,0.0,0.0,0.0,0.0,0.0,0.001367331113339,0.048395621933683595,0.0,0.0388771214482596,0.0,0.0,0.0,0.0,0.0,0.0,0.0,0.0,0.085452715761259,0.0,0.0,0.0,0.0,0.0,28.511632436145298,0.0,1.3245832488098674,0.0,0.0,0.0,0.0,0.0,0.0,0.0,0.0,0.0,0.0,0.0,0.0,0.0,0.0,0.0,0.0,0.0,0.0,0.0013233486526959002,0.0,0.0009615384615384,0.049965894849477,0.0,0.004326923076923,0.0,0.0,0.0,0.0,0.3764265303452613,0.0,0.0,0.0,0.0018518518518518,0.0,0.0,0.0,0.0,0.0,0.0,0.0,0.0076399025383796,0.0,0.0,0.0,0.0,0.1666666666666666,0.0,0.0,0.0,0.0,0.0,0.0,40.71178897739607,0.0,0.0,0.0,0.0,0.0,0.0,0.0,0.0,0.0,0.0,0.0,0.0,0.0,0.0,0.0,0.0,0.0,0.0,0.0,0.0,0.0,0.0,0.0,0.0,0.0,0.0,0.0,0.0,0.0,0.0893524038399927,0.10245165175666089,0.0,0.0,0.0,0.0003086419753086,0.0,0.0,0.0,0.0,0.0,0.0,0.0,0.0005867118076073,0.0,0.0,0.0,0.0004807692307692,0.0,0.0,0.0,0.0,0.0004807692307692,0.0,0.0086864853468269,0.0,0.0,0.0,0.0,0.0,0.0193487331698713,0.0012195121951218,0.0,0.0,0.0,0.0004807692307692,0.0,0.0,0.0,0.0,0.0,0.0,0.0,0.0,0.0,0.0,0.0,0.0,0.0,0.0,0.0,0.0,0.0,0.0,0.0,0.0,0.0005737234652897,0.0,0.0,0.0021052707611867,0.0,0.0,0.0,0.5555189966101334,0.0,0.0,0.0,0.0,0.0,0.0,0.0009615384615384,0.0,0.0,0.0,0.0,0.0,0.0,0.0
LV,0.0,0.000632911392405,0.0,0.0,0.0,0.0,0.0,0.0,0.011298525172497902,0.3633154026758465,0.0168979538090673,0.0,0.0,0.0,0.0092147661948664,0.0,0.0002553626149131,0.19647403470220282,0.0,0.0248572632315282,0.0,0.0,0.0,0.0,0.0,0.0,0.0,0.07602022966474481,0.0,0.0,0.0,0.0,0.0045977011494252,0.0,0.030125515572486,0.0,0.0005107252298263,0.0,0.0,0.0136337048703048,0.0,0.0,0.029824954823727302,0.0002553626149131,0.0828654064778237,0.0350651552225926,0.0002553626149131,0.0,0.0,0.0,0.0,0.0,0.0099751108843696,0.3972519611639898,0.0,0.034331728548038905,0.0,0.0002553626149131,0.0002553626149131,0.0,0.1354919529078612,0.0003334522246871568,0.0,0.0,0.1696178870629716,0.0,0.0869009976508805,0.0,0.0,0.0,0.0481921769156853,0.0,0.030324367812323498,0.0,0.0067207024653833,0.0,0.0,0.0002553626149131,0.0,0.0,0.0,0.0,0.0,0.0,0.07399915980214421,0.0002553626149131,0.0,0.0,0.0,0.029321947469299097,0.0,0.0203027109629975,0.000658087446154,0.0043705713892868,0.7008698144285487,0.0,0.0794977683652229,0.0,0.0,0.0001473622163277,0.0002553626149131,0.0706482464725268,0.0,0.0,0.0002553626149131,0.0466011504942769,0.0002650445629210392,0.0002553626149131,0.0,0.0,0.0,0.0,0.0,0.0364770620960417,0.0,0.0,0.0,0.0,0.0046651694569211,0.0,0.0,0.0001473622163277,0.0,0.0,0.0373990604225172,0.0,7.561642334560258,0.0,0.0034293140333958,0.0,0.0,0.0,0.0,0.0,0.0,0.0,0.0,0.0,0.0,0.0,0.0,0.0,0.0,0.0,0.0,0.0,0.0019163212385619002,0.006419793201266099,0.0,0.0,0.0,0.0,0.0,0.0013555367100504,0.0,0.0260794278280934,0.009859470090696201,0.0005107252298263,0.0,0.0,0.0041936907522501,0.0,0.0,0.0049294474469831,0.0,0.0,0.0688279225045309,0.0004420866489832,0.0075098805001404,0.0,0.0,0.0,0.0057210217915740005,0.0,0.0,0.0,0.0,0.013555945015197801,0.033218644308511895,0.0252840902064638,0.0,0.002016129032258,0.0,0.0,0.0002553626149131,0.1719336253510764,0.0014679659966291999,0.0,0.33412328889007387,0.0,0.005585005006656299,0.0,0.0,0.0,0.0,0.0,0.0,0.0,0.0,0.0,0.0,0.0,0.0,0.0,0.0,0.0780610114588413,0.0,0.0,0.0,0.0043269824971715,0.0,0.1375212789677788,0.0,0.0,0.013832784890661,0.0,0.0303621919908396,1.9363896015878397e-05,0.2920716592082689,0.0,0.0,0.0,0.0,0.0,0.0,0.0002553626149131,0.0,0.0,0.0,0.0,0.0065693379034035,0.0001473622163277,0.0
LY,0.0,0.0,0.0,0.0,0.0,0.0,0.0,0.0,0.0,0.0,0.0,0.0,0.0,0.0,0.0,0.0,0.0,0.0,0.0,0.0,0.0,0.0,0.0,0.0,0.0,0.0,0.0,0.0,0.0,0.0,0.0,0.0,0.0,0.0,0.0,0.0,0.0,0.0,0.0,0.0,0.0,0.0,0.0,0.0,0.0,0.0,0.0,0.0,0.0,0.0,0.0,0.0,0.0,0.0,0.0,0.0,0.0,0.0,0.0,0.0,0.0,0.0,0.0,0.0,0.0,0.0,0.0,0.0,0.0,0.0,0.0,0.0,0.0,0.0,0.0,0.0,0.0,0.0,0.0,0.0,0.0,0.0,0.0,0.0,0.0,0.0,0.0,0.0,0.0,0.0,0.0,0.0,0.0,0.0,0.0,0.0,0.0,0.0,0.0,0.0,0.0,0.0,0.0,0.0,0.0,0.0,0.0,0.0,0.0,0.0,0.0,0.0,0.0,0.0,0.0,0.0,0.0,0.0,0.0,0.0,0.0,0.0,0.0,0.0,0.0,0.0,0.0,0.0,0.0,0.0,0.0,0.0,0.0,0.0,0.0,0.0,0.0,0.0,0.0,0.0,0.0,0.0,0.0,0.0,0.0,0.0,0.0,0.0,0.0,0.0,0.0,0.0,0.0,0.0,0.0,0.0,0.0,0.0,0.0,0.0,0.0,0.0,0.0,0.0,0.0,0.0,0.0,0.0,0.0,0.0,0.0,0.0,0.0,0.0,0.0,0.0,0.0,0.0,0.0,0.0,0.0,0.0,0.0,0.0,0.0,0.0,0.0,0.0,0.0,0.0,0.0,0.0,0.0,0.0,0.0,0.0,0.0,0.0,0.0,0.0,0.0,0.0,0.0,0.0,0.0,0.0,0.0,0.0,0.0,0.0,0.0,0.0,0.0,0.0,0.0,0.0,0.0,0.0,0.0,0.0,0.0,0.0,0.0,0.0,0.0,0.0,0.0,0.0,0.0,0.0,0.0,0.0,0.0
MA,0.0,0.0188147295742232,0.0,0.0,0.0,0.0,0.0,0.0,0.0018026894201403,0.0013631676874523,0.0009118541033434,0.0,0.0,0.0,0.0011422044545973,0.0,0.0,0.0022748975360521997,0.0,0.0,0.0,0.0,0.0,0.0,0.0,0.0,0.0,0.0070189692785817,0.0,0.0,0.0,0.0,0.0,0.0,0.0040844156331542,0.0,0.0,0.0,0.0,0.0026240317678203,0.0,0.0,0.0051744625191134,0.0,0.0331267074815293,0.0,0.0,0.0005711022272986,0.0,0.0,0.0,0.0,0.0009341442776967,0.013178889007217,0.0,0.0020460963935429,0.0,0.0,0.0,0.0,0.0001473622163277,0.1851432092811403,0.0,0.0,0.3608351707031359,0.0,0.0031583334868553,0.0,0.0,0.0,1.3471476717417261,0.0,0.033627524178010904,0.0,0.0,0.0,0.0,0.0,0.0,0.0,0.0,0.0,0.0,0.0,0.00287456913557,0.0,0.0,0.0,0.0,0.0005569851197784,0.0,3.0031870360774127,0.0001473622163277,0.0001473622163277,0.0015003563326008,0.0,0.0092279790877825,0.0,0.0,0.0001473622163277,0.0,0.0195649752663093,0.0,0.0,0.0181818181818181,0.01138747771186,0.0005176151677918,0.0,0.0,0.0,0.0,0.0,0.0,0.0091506967922882,0.1666666666666666,0.0,0.0,0.0,0.0228469876387393,0.0,0.0,0.0001473622163277,0.0,0.0,0.004179620280843801,0.0,0.0034293140333958,0.0,11.317403193502688,0.0,0.0,0.0005711022272986,0.0,0.0,0.0,0.0,0.0,0.0,0.0,0.0,0.0,0.0,0.0,0.0,0.0,0.0,0.0011457920436477,0.0026790077859479,0.0,0.0,0.0,0.0,0.0,0.0010167764653322,0.0,0.0043434546926471,0.0001473622163277,0.0,0.0,0.0,0.0009449427678132,0.0,0.0,0.0025872312595566,0.0,0.0,0.0014131850011378,0.0004420866489832,0.0017492023606334,0.0,0.0,0.0,0.0022014207742685,0.0,0.0,0.0,0.0,0.0004096229034507,0.0064640291900385,0.0042864208339325,0.0,0.0573483656390815,0.0,0.0,0.0,0.0021934586098706,0.0013594558436584,0.0,0.0007802736087327,0.0,0.3335955940204563,0.0,0.0,0.0,0.0,0.0,0.0,0.0,0.0,0.0,0.0,0.0,0.0,0.0,0.0,0.0025217742552762,0.0,0.0,0.0,0.0043269824971715,0.0,0.3524096596319464,0.0,0.0,0.003039389423068,0.0,0.0,0.0,0.2247990041500948,0.0,0.0,0.0,0.0,0.0,0.0,0.0,0.0,0.0,0.0,0.0,0.0038479217739997,0.0001473622163277,0.0
MC,0.0,0.0,0.0,0.0,0.0,0.0,0.0,0.0,0.0,0.0,0.0,0.0,0.0,0.0,0.0,0.0,0.0,0.0010928961748633,0.0,0.0,0.0,0.0,0.0,0.0,0.0,0.0,0.0,0.0,0.0,0.0,0.0,0.0,0.0,0.0,0.0,0.0,0.0,0.0,0.0,0.0,0.0,0.0,0.0,0.0,0.0,0.0,0.0,0.0,0.0,0.0,0.0,0.0,0.0,0.0,0.0,0.0,0.0,0.0,0.0,0.0,0.0,0.0,0.0,0.0,0.0,0.0,0.0,0.0,0.0,0.0,1.1888368462138952,0.0,0.0,0.0,0.0,0.0,0.0,0.0,0.0,0.0,0.0,0.0,0.0,0.0,0.0,0.0,0.0,0.0,0.0,0.0,0.0,0.0,0.0,0.0,0.0,0.0,0.0,0.0,0.0,0.0,0.0,0.0,0.0,0.0,0.0,0.0,0.0,0.0,0.0,0.0,0.0,0.0,0.0,0.0,0.0,0.0,0.0,0.0,0.0,0.0,0.0,0.0,0.0,0.0,0.0,0.0,0.0,0.0,0.0,2.1899297423887583,0.0,0.0,0.0,0.0,0.0,0.0,0.0,0.0,0.0,0.0,0.0,0.0,0.0,0.0,0.0,0.0,0.0,0.0,0.0,0.0,0.0,0.0,0.0,0.0,0.0,0.0,0.0,0.0,0.0,0.0,0.0,0.0,0.0,0.0,0.0,0.0,0.0,0.0,0.0,0.0,0.0,0.0,0.0,0.0,0.0,0.0,0.0,0.0,0.0,0.0,0.0,0.0,0.0,0.0,0.0,0.0,0.0,0.0,0.0,0.0,0.0,0.0,0.0,0.0,0.0,0.0,0.0,0.0,0.0,0.0,0.0,0.0,0.0,0.0,0.0,0.0,0.0,0.0,0.0,0.0,0.0,0.0,0.0,0.0,0.0,0.0,0.0,0.0,0.0,0.0,0.0,0.0,0.0,0.0,0.0,0.0,0.0,0.0,0.0,0.0,0.0,0.0,0.0
MD,0.0,0.0,0.0,0.0,0.0,0.0,0.0,0.0,0.0,0.0,0.0161228576364822,0.0,0.0,0.0,0.0578677136816671,0.0,0.0,0.058080808080808,0.0,0.0,0.0,0.0,0.0,0.0,0.0,0.0,0.0,0.0115623640760652,0.0,0.0,0.0,0.0,0.0476190476190476,0.0,0.0008163265306122,0.0,0.0,0.0,0.0,1.0476190476190477,0.0,0.0,0.0,0.0,0.1821877842045909,0.0,0.0,0.0,0.0,0.0,0.0,0.0,0.0044296788482834,0.0,0.0,0.0581876835668544,0.0,0.0,0.0,0.0,0.0,0.0,0.0,0.0,0.1242290364072827,0.0,0.0,0.0,0.0,0.0,0.0577410499083354,0.0,0.2739130434782608,0.0,0.0,0.0,0.0,0.0,0.0,0.0,0.0,0.0,0.0,0.0,0.0044296788482834,0.0,0.0,0.0,0.0,0.0,0.0,0.0181159420289855,0.0,0.0,0.0290513833992094,0.0,0.0,0.0,0.0,0.0,0.0,0.0008163265306122,0.0,0.0,0.0,0.0023529411764705,0.0,0.0,0.0,0.0,0.0,0.0,0.0,0.03201864770175,0.0,0.0,0.0,0.0,0.0,0.0,0.0,0.0,0.0,0.0,0.0,0.0,0.0,0.0,0.0,0.0,4.455633519087692,0.0,0.0,0.0,0.0,0.0,0.0,0.0,0.0,0.0,0.0,0.0,0.0,0.0,0.0,0.0,0.0036231884057971,0.0062004336618368,0.0,0.0,0.0,0.0,0.0,0.0,0.0,0.048776804590758,0.0,0.0,0.0,0.0,0.0033222591362126,0.0,0.0,0.0,0.0,0.0,0.0011074197120708,0.0,0.0047306081178679,0.0,0.0,0.0,0.0,0.0,0.0,0.0,0.0,0.0371799628942486,0.0363636363636363,0.38095238095238093,0.0,0.0,0.0,0.0,0.0,0.0022148394241417,0.0080627033422064,0.0,0.0,0.0,0.0,0.0,0.0,0.0,0.0,0.0,0.0,0.0,0.0,0.0,0.0,0.0,0.0,0.0,0.0,0.0048339335734293,0.0,0.0,0.0,0.0,0.0,0.0072463768115942,0.0,0.0,0.0,0.0,0.0476190476190476,0.0,1.8362385631398128,0.0,0.0,0.0,0.0,0.0,0.0,0.0,0.0,0.0,0.0,0.0,0.0,0.0,0.0
ME,0.0,0.0,0.0,0.0,0.0,0.0,0.0,0.0,0.0001903674090995,0.0,0.002020202020202,0.0,0.0,0.0,0.0003807348181991,0.0,0.0,0.0,0.0,0.0,0.0,0.0,0.0,0.0,0.0,0.0,0.0,0.0029720390656998,0.0,0.0,0.0,0.0,0.0,0.0,0.0013468013468013,0.0,0.0,0.0,0.0,0.0,0.0,0.0,0.0003807348181991,0.0,0.0034266133637921,0.0,0.0,0.0001903674090995,0.0,0.0,0.0,0.0,0.0,0.0011422044545973,0.0,0.0,0.0,0.0,0.0,0.0,0.0,0.0,0.0,0.0,0.0092230125354053,0.0,0.0003807348181991,0.0,0.0,0.0,0.011916615229008,0.0,0.0015229392727964,0.0,0.0,0.0,0.0,0.0,0.0,0.0,0.0,0.0,0.0,0.0,0.0,0.0,0.0,0.0,0.0,0.0006734006734006,0.0,0.0021082709831995,0.0,0.0,0.0,0.0,0.0,0.0,0.0,0.0,0.0,0.0011422044545973,0.0,0.0,0.0,0.0,0.0,0.0,0.0,0.0,0.0,0.0,0.0,0.0043188404125011,0.0,0.0,0.0,0.0,0.0,0.0,0.0,0.0,0.0,0.0,0.0,0.0,0.0,0.0,0.0005711022272986,0.0,0.0,0.055781112091791596,0.0,0.0,0.0,0.0,0.0,0.0,0.0,0.0,0.0,0.0,0.0,0.0,0.0,0.0,0.0001903674090995,0.0,0.0,0.0,0.0,0.0,0.0,0.0,0.0,0.0,0.0,0.0,0.0,0.0,0.0006734006734006,0.0,0.0,0.0001903674090995,0.0,0.0,0.0,0.0,0.0,0.0,0.0,0.0,0.0003807348181991,0.0,0.0,0.0,0.0,0.0006734006734006,0.0007614696363982,0.0005711022272986,0.0,0.0,0.0,0.0,0.0,0.0,0.0001903674090995,0.0,0.0,0.0,0.0,0.0,0.0,0.0,0.0,0.0,0.0,0.0,0.0,0.0,0.0,0.0,0.0,0.0,0.0,0.0,0.0,0.0,0.0,0.0,0.0,0.0026793732104982,0.0,0.0,0.0,0.0,0.0,0.0,0.0031624064747993,0.0,0.0,0.0,0.0,0.0,0.0,0.0,0.0,0.0,0.0,0.0,0.0024009368384010996,0.0,0.0
MF,0.0,0.0,0.0,0.0,0.0,0.0,0.0,0.0,0.0,0.0,0.0,0.0,0.0,0.0,0.0,0.0,0.0,0.0,0.0,0.0,0.0,0.0,0.0,0.0,0.0,0.0,0.0,0.0,0.0,0.0,0.0,0.0,0.0,0.0,0.0,0.0,0.0,0.0,0.0,0.0,0.0,0.0,0.0,0.0,0.0,0.0,0.0,0.0,0.0,0.0,0.0,0.0,0.0,0.0,0.0,0.0,0.0,0.0,0.0,0.0,0.0,0.0,0.0,0.0,0.0,0.0,0.0,0.0,0.0,0.0,0.0,0.0,0.0,0.0,0.0,0.0,0.0,0.0,0.0,0.0,0.0,0.0,0.0,0.0,0.0,0.0,0.0,0.0,0.0,0.0,0.0,0.0,0.0,0.0,0.0,0.0,0.0,0.0,0.0,0.0,0.0,0.0,0.0,0.0,0.0,0.0,0.0,0.0,0.0,0.0,0.0,0.0,0.0,0.0,0.0,0.0,0.0,0.0,0.0,0.0,0.0,0.0,0.0,0.0,0.0,0.0,0.0,0.0,0.0,0.0,0.0,0.0,0.0,0.0,0.0,0.0,0.0,0.0,0.0,0.0,0.0,0.0,0.0,0.0,0.0,0.0,0.0,0.0,0.0,0.0,0.0,0.0,0.0,0.0,0.0,0.0,0.0,0.0,0.0,0.0,0.0,0.0,0.0,0.0,0.0,0.0,0.0,0.0,0.0,0.0,0.0,0.0,0.0,0.0,0.0,0.0,0.0,0.0,0.0,0.0,0.0,0.0,0.0,0.0,0.0,0.0,0.0,0.0,0.0,0.0,0.0,0.0,0.0,0.0,0.0,0.0,0.0,0.0,0.0,0.0,0.0,0.0,0.0,0.0,0.0,0.0,0.0,0.0,0.0,0.0,0.0,0.0,0.0,0.0,0.0,0.0,0.0,0.0,0.0,0.0,0.0,0.0,0.0,0.0,0.0,0.0,0.0,0.0,0.0,0.0,0.0,0.0,0.0
MG,0.0,0.0,0.0,0.0,0.0,0.0,0.0,0.0,0.0,0.0,0.0,0.0,0.0,0.0,0.0,0.0,0.0,0.3333333333333333,0.0,0.0,0.0,0.0,0.0,0.0,0.0,0.0,0.0,0.0,0.0,0.0,0.0,0.0,0.0,0.0,0.0,0.0,0.0,0.0,0.0,0.0,0.0,0.0,0.0,0.0,0.0,0.0,0.0,0.0,0.0,0.0,0.0,0.0,0.0,0.0666666666666666,0.0,0.0666666666666666,0.0,0.0,0.0,0.0,0.0,0.0,0.0,0.0,0.0,0.0,0.0,0.0,0.0,0.0,0.3333333333333333,0.0,0.0,0.0,0.0,0.0,0.0,0.0,0.0,0.0,0.0,0.0,0.0,0.0,0.0,0.0,0.0,0.0,0.0,0.0,0.0,0.0,0.0,0.0,0.0,0.0,0.0,0.0,0.0,0.0,0.0,0.0,0.0,0.0,0.0,0.0666666666666666,0.0,0.0,0.0,0.0,0.0,0.0,0.0,0.0,0.0,0.0,0.0,0.0,0.0,0.0,0.0,0.0,0.0,0.0,0.0,0.0,0.0,0.0,0.0,0.0,0.0,0.0,0.0,1.0,0.0,0.0,0.0,0.0,0.0,0.0,0.0,0.0,0.0,0.0,0.0,0.0,0.0,0.0,0.0,0.0,0.0,0.0,0.0,0.0,0.0,0.0666666666666666,0.0,0.0,0.0,0.0,0.0,0.0,0.0,0.0,0.0,0.0,0.0,0.0,0.0,0.0,0.0,0.0,0.0,0.0,0.0,0.0,0.0,0.0,0.0,0.0,0.0,0.0,0.0,0.0,0.0,0.0666666666666666,0.0,0.0,0.0,0.0,0.0,0.0,0.0,0.0,0.0,0.0,0.0,0.0,0.0,0.0,0.0,0.0,0.0,0.0,0.0,0.0,0.0,0.0,0.0,0.0,0.0,0.0,0.0,0.0,0.0,0.0,0.0,0.0,0.0,0.0,0.0,0.0,0.0,0.0,0.0,0.0,0.0,0.0,0.0,0.0,0.0,0.0,0.0
MH,0.0,0.0,0.0,0.0,0.0,0.0,0.0,0.0,0.0,0.0,0.0,0.0,0.0,0.0,0.0,0.0,0.0,0.0,0.0,0.0,0.0,0.0,0.0,0.0,0.0,0.0,0.0,0.0,0.0,0.0,0.0,0.0,0.0,0.0,0.0,0.0,0.0,0.0,0.0,0.0,0.0,0.0,0.0,0.0,0.0,0.0,0.0,0.0,0.0,0.0,0.0,0.0,0.0,0.0,0.0,0.0,0.0,0.0,0.0,0.0,0.0,0.0,0.0,0.0,0.0,0.0,0.0,0.0,0.0,0.0,0.0,0.0,0.0,0.0,0.0,0.0,0.0,0.0,0.0,0.0,0.0,0.0,0.0,0.0,0.0,0.0,0.0,0.0,0.0,0.0,0.0,0.0,0.0,0.0,0.0,0.0,0.0,0.0,0.0,0.0,0.0,0.0,0.0,0.0,0.0,0.0,0.0,0.0,0.0,0.0,0.0,0.0,0.0,0.0,0.0,0.0,0.0,0.0,0.0,0.0,0.0,0.0,0.0,0.0,0.0,0.0,0.0,0.0,0.0,0.0,0.0,0.0,0.0,0.0,0.0,0.0,0.0,0.0,0.0,0.0,0.0,0.0,0.0,0.0,0.0,0.0,0.0,0.0,0.0,0.0,0.0,0.0,0.0,0.0,0.0,0.0,0.0,0.0,0.0,0.0,0.0,0.0,0.0,0.0,0.0,0.0,0.0,0.0,0.0,0.0,0.0,0.0,0.0,0.0,0.0,0.0,0.0,0.0,0.0,0.0,0.0,0.0,0.0,0.0,0.0,0.0,0.0,0.0,0.0,0.0,0.0,0.0,0.0,0.0,0.0,0.0,0.0,0.0,0.0,0.0,0.0,0.0,0.0,0.0,0.0,0.0,0.0,0.0,0.0,0.0,0.0,0.0,0.0,0.0,0.0,0.0,0.0,0.0,0.0,0.0,0.0,0.0,0.0,0.0,0.0,0.0,0.0,0.0,0.0,0.0,0.0,0.0,0.0
MK,0.0,0.0,0.0,0.0,0.0,0.0,0.0,0.0,0.0,0.0,0.0,0.0,0.0,0.0,0.0,0.0,0.0,0.0,0.0,0.0,0.0,0.0,0.0,0.0,0.0,0.0,0.0,0.0,0.0,0.0,0.0,0.0,0.0,0.0,0.0,0.0,0.0,0.0,0.0,0.0,0.0,0.0,0.0,0.0,0.0,0.0,0.0,0.0,0.0,0.0,0.0,0.0,0.0,0.0,0.0,0.0,0.0,0.0,0.0,0.0,0.0,0.0,0.0,0.0,0.0,0.0,0.0,0.0,0.0,0.0,0.0,0.0,1.0,0.0,0.0,0.0,0.0,0.0,0.0,0.0,0.0,0.0,0.0,0.0,0.0,0.0,0.0,0.0,0.0,0.0,0.0,0.0,0.0,0.0,0.0,0.0,0.0,0.0,0.0,0.0,0.0,0.0,0.0,0.0,0.0,0.0,0.0,0.0,0.0,0.0,0.0,0.0,0.0,0.0,0.0,0.0,0.0,0.0,0.0,0.0,0.0,0.0,0.0,0.0,0.0,0.0,0.0,0.0,0.0,0.0,0.0,0.0,0.0,0.0,0.0,2.0,0.0,0.0,0.0,0.0,0.0,0.0,0.0,0.0,0.0,0.0,0.0,0.0,0.0,0.0,0.0,0.0,0.0,0.0,0.0,0.0,0.0,0.0,0.0,0.0,0.0,0.0,0.0,0.0,0.0,0.0,0.0,0.0,0.0,0.0,0.0,0.0,0.0,0.0,0.0,0.0,0.0,0.0,0.0,0.0,0.0,0.0,0.0,0.0,0.0,0.0,0.0,0.0,0.0,0.0,0.0,0.0,0.0,0.0,0.0,0.0,0.0,0.0,0.0,0.0,0.0,0.0,0.0,0.0,0.0,0.0,0.0,0.0,0.0,0.0,0.0,0.0,0.0,0.0,0.0,0.0,0.0,0.0,1.0,0.0,0.0,0.0,0.0,0.0,0.0,0.0,0.0,0.0,0.0,0.0,0.0,0.0,0.0
ML,0.0,0.0,0.0,0.0,0.0,0.0,0.0,0.0,0.0,0.0,0.0,0.0,0.0,0.0,0.0,0.0,0.0476190476190476,0.0,0.0,0.0,0.0,0.0,0.0,0.0,0.0,0.0,0.0,0.0,0.0,0.0,0.0,0.0,0.0,0.0,0.0,0.0,0.0,0.0,0.0,0.0476190476190476,0.0,0.0,0.0,0.0,0.0,0.0,0.0,0.0,0.0,0.0,0.0,0.0,0.0,0.0,0.0,0.0,0.0,0.0,0.0,0.0,0.0,0.0,0.0,0.0,0.0,0.0,0.0,0.0,0.0,0.0,0.0,0.0,0.0,0.0,0.0,0.0,0.0,0.0,0.0,0.0,0.0,0.0,0.0,0.0,0.0,0.0,0.0,0.0,0.0,0.0,0.0,0.0,0.0,0.0,0.0,0.0,0.0476190476190476,0.0,0.0,0.0,0.0,0.0,0.0,0.0,0.0,0.0,0.0,0.0,0.0,0.0,0.0,0.0,0.0,0.0,0.0,0.0,0.0,0.0,0.0,0.0,0.0,0.0,0.0,0.0,0.0,0.0,0.0,0.0,0.0,0.0,0.0,0.0,0.0,0.0,0.0,0.0,0.2857142857142857,0.0,0.0,0.0,0.0,0.0,0.0,0.0,0.0,0.0,0.0,0.0,0.0,0.0,0.0,0.0,0.0,0.0,0.0,0.0,0.0,0.0,0.0,0.0,0.0,0.0,0.0,0.0,0.0,0.0,0.0,0.0476190476190476,0.0,0.0,0.0,0.0,0.0,0.0,0.0,0.0,0.0,0.0,0.0,0.0,0.0,0.0,0.0,0.0,0.0,0.0,0.0,0.0,0.0,0.0,0.0,0.0,0.0,0.0,0.0,0.0,0.0,0.0,0.0,0.0,0.0,0.0,0.0,0.0,0.0,0.0,0.0,0.0,0.0,0.0,0.0,0.0,0.0,0.0,0.0,0.0476190476190476,0.0,0.0,0.0476190476190476,0.0,0.0,0.0,0.0,0.0,0.0,0.0,0.0,0.0,0.0,0.0,0.0,0.0,0.0
MM,0.0,0.0,0.0,0.0,0.0,0.0,0.0,0.0,0.0,0.0,0.0,0.0,0.0,0.0,0.0,0.0,0.0,0.0,0.0,0.0,0.0,0.0,0.0,0.0,0.0,0.0,0.0,0.0,0.0,0.0,0.0,0.0,0.0,0.0,0.0,0.0,0.0,0.0,0.0,0.0,0.0,0.0,0.0,0.0,0.0,0.0,0.0,0.0,0.0,0.0,0.0,0.0,0.0,0.0,0.0,0.0,0.0,0.0,0.0,0.0,0.0,0.0,0.0,0.0,0.0,0.0,0.0,0.0,0.0,0.0,0.0,0.0,0.0,0.0,0.0,0.0,0.0,0.0,0.0,0.0,0.0,0.0,0.0,0.0,0.0,0.0,0.0,0.0,0.0,0.0,0.0,0.0,0.0,0.0,0.0,0.0,0.0,0.0,0.0,0.0,0.0,0.0,0.0,0.0,0.0,0.0,0.0,0.0,0.0,0.0,0.0,0.0,0.0,0.0,0.0,0.0,0.0,0.0,0.0,0.0,0.0,0.0,0.0,0.0,0.0,0.0,0.0,0.0,0.0,0.0,0.0,0.0,0.0,0.0,0.0,0.0,0.0,0.0,0.0,0.0,0.0,0.0,0.0,0.0,0.0,0.0,0.0,0.0,0.0,0.0,0.0,0.0,0.0,0.0,0.0,0.0,0.0,0.0,0.0,0.0,0.0,0.0,0.0,0.0,0.0,0.0,0.0,0.0,0.0,0.0,0.0,0.0,0.0,0.0,0.0,0.0,0.0,0.0,0.0,0.0,0.0,0.0,0.0,0.0,0.0,0.0,0.0,0.0,0.0,0.0,0.0,0.0,0.0,0.0,0.0,0.0,0.0,0.0,0.0,0.0,0.0,0.0,0.0,0.0,0.0,0.0,0.0,0.0,0.0,0.0,0.0,0.0,0.0,0.0,0.0,0.0,0.0,0.0,0.0,0.0,0.0,0.0,0.0,0.0,0.0,0.0,0.0,0.0,0.0,0.0,0.0,0.0,0.0
MN,0.0,0.0,0.0,0.0,0.0,0.0,0.0,0.0,0.0,0.0,0.0,0.0,0.0,0.0,0.0,0.0,0.0,0.0,0.0,0.0,0.0,0.0,0.0,0.0,0.0,0.0,0.0,0.0,0.0,0.0,0.0,0.0,0.0,0.0,0.0,0.0,0.0,0.0,0.0,0.0,0.0,0.0,0.0,0.0,0.0,0.0,0.0,0.0,0.0,0.0,0.0,0.0,0.0,0.0,0.0,0.0,0.0,0.0,0.0,0.0,0.0,0.0,0.0,0.0,0.0,0.0,0.0,0.0,0.0,0.0,0.0,0.0,0.0,0.0,0.0,0.0,0.0,0.0,0.0,0.0,0.0,0.0,0.0,0.0,0.0,0.0,0.0,0.0,0.0,0.0,0.0,0.0,0.0,0.0,0.0,0.0,0.0,0.0,0.0,0.0,0.0,0.0,0.0,0.0,0.0,0.0,0.0,0.0,0.0,0.0,0.0,0.0,0.0,0.0,0.0,0.0,0.0,0.0,0.0,0.0,0.0,0.0,0.0,0.0,0.0,0.0,0.0,0.0,0.0,0.0,0.0,0.0,0.0,0.0,0.0,0.0,0.0,0.0,10.0,0.0,0.0,0.0,0.0,0.0,0.0,0.0,0.0,0.0,0.0,0.0,0.0,0.0,0.0,0.0,0.0,0.0,0.0,0.0,0.0,0.0,0.0,0.0,0.0,0.0,0.0,0.0,0.0,0.0,0.0,0.0,0.0,0.0,0.0,0.0,0.0,0.0,0.0,0.0,0.0,0.0,0.0,0.0,0.0,0.0,0.0,0.0,0.0,0.0,0.0,0.0,0.0,0.0,0.0,0.0,0.0,0.0,0.0,0.0,0.0,0.0,0.0,0.0,0.0,0.0,0.0,0.0,0.0,0.0,0.0,0.0,0.0,0.0,0.0,0.0,0.0,0.0,0.0,0.0,3.0,0.0,0.0,0.0,0.0,0.0,0.0,0.0,0.0,0.0,0.0,0.0,0.0,0.0,0.0
MQ,0.0,0.0,0.0,0.0,0.0,0.0,0.0,0.0,0.0,0.0,0.0,0.0,0.0,0.0,0.0,0.0,0.0,1.3333333333333333,0.0,0.0,0.0,0.0,0.0,0.0,0.0,0.0,0.0,0.0,0.0,0.0,0.0,0.0,0.0,0.0,0.0,0.0,0.0,0.0,0.0,0.0,0.0,0.0,0.0,0.0,0.0,0.0,0.0,0.0,0.0,0.0,0.0,0.0,0.0,0.0,0.0,0.0,0.0,0.0,0.0,0.0,0.0,0.0,0.0,0.0,0.0,0.0,0.0,0.0,0.0,0.0,1.5361860823150628,0.0,0.0,0.0,0.0,0.0,0.0,0.0,0.0,0.0,0.0,0.0,0.0,0.0,0.0,0.0,0.0,0.0,0.0,0.0,0.0,0.0,0.0,0.0,0.0,0.0,0.0,0.0,0.0,0.0,0.0,0.0,0.0,0.0,0.0,0.0,0.0,0.0,0.0,0.0,0.0,0.0,0.0,0.0,0.0,0.0,0.0,0.0,0.0,0.0,0.0,0.0,0.0,0.0,0.0,0.0,0.0,0.0,0.0,0.0,0.0,0.0,0.0,0.0,0.0,0.0,0.0,0.0,0.0,9.208700702198104,0.0,0.0,0.0,0.0,0.0,0.0,0.0,0.0,0.0,0.0,0.0,0.0,0.0,0.0,0.0,0.0,0.0,0.0,0.0,0.0,0.0,0.0,0.0,0.0,0.0,0.0,0.0,0.0,0.0,0.0,0.0,0.0,0.0,0.0,0.0,0.0,0.0,0.0,0.0,0.0,0.0,0.0,0.0,0.0,0.0,0.0,0.0,0.0,0.0,0.0,0.0,0.0,0.0,0.0,0.0,0.0,0.0,0.0,0.0,0.0,0.0,0.0,0.0,0.0,0.0,0.0,0.0,0.0,0.0,0.0,0.0,0.0,0.0,0.0,0.0,0.0,0.0,0.0,0.3391812865497076,0.0,0.0,0.0,0.0,0.0,0.0,0.0,0.0,0.0,0.0,0.0,0.0,0.0,0.0
MR,0.0,0.0,0.0,0.0,0.0,0.0,0.0,0.0,0.0,0.0,0.0,0.0,0.0,0.0,0.0,0.0,0.0,0.0,0.0,0.0,0.0,0.0,0.0,0.0,0.0,0.0,0.0,0.0,0.0,0.0,0.0,0.0,0.0,0.0,0.0,0.0,0.0,0.0,0.0,0.0,0.0,0.0,0.0,0.0,0.0,0.0,0.0,0.0,0.0,0.0,0.0,0.0,0.0,0.0,0.0,0.0,0.0,0.0,0.0,0.0,0.0,0.0,0.0,0.0,0.0,0.0,0.0,0.0,0.0,0.0,0.0,0.0,0.0,0.0,0.0,0.0,0.0,0.0,0.0,0.0,0.0,0.0,0.0,0.0,0.0,0.0,0.0,0.0,0.0,0.0,0.0,0.0,0.0,0.0,0.0,0.0,0.0,0.0,0.0,0.0,0.0,0.0,0.0,0.0,0.0,0.0,0.0,0.0,0.0,0.0,0.0,0.0,0.0,0.0,0.0,0.0,0.0,0.0,0.0,0.0,0.0,0.0,0.0,0.0,0.0,0.0,0.0,0.0,0.0,0.0,0.0,0.0,0.0,0.0,0.0,0.0,0.0,0.0,0.0,0.0,0.0,0.0,0.0,0.0,0.0,0.0,0.0,0.0,0.0,0.0,0.0,0.0,0.0,0.0,0.0,0.0,0.0,0.0,0.0,0.0,0.0,0.0,0.0,0.0,0.0,0.0,0.0,0.0,0.0,0.0,0.0,0.0,0.0,0.0,0.0,0.0,0.0,0.0,0.0,0.0,0.0,0.0,0.0,0.0,0.0,0.0,0.0,0.0,0.0,0.0,0.0,0.0,0.0,0.0,0.0,0.0,0.0,0.0,0.0,0.0,0.0,0.0,0.0,0.0,0.0,0.0,0.0,0.0,0.0,0.0,0.0,0.0,0.0,0.0,0.0,0.0,0.0,0.0,0.0,0.0,0.0,0.0,0.0,0.0,0.0,0.0,0.0,0.0,0.0,0.0,0.0,0.0,0.0
MS,0.0,0.0,0.0,0.0,0.0,0.0,0.0,0.0,0.0,0.0,0.0,0.0,0.0,0.0,0.0,0.0,0.0,0.0,0.0,0.0,0.0,0.0,0.0,0.0,0.0,0.0,0.0,0.0,0.0,0.0,0.0,0.0,0.0,0.0,0.0,0.0,0.0,0.0,0.0,0.0,0.0,0.0,0.0,0.0,0.0,0.0,0.0,0.0,0.0,0.0,0.0,0.0,0.0,0.0,0.0,0.0,0.0,0.0,0.0,0.0,0.0,0.0,0.0,0.0,0.0,0.0,0.0,0.0,0.0,0.0,0.0,0.0,0.0,0.0,0.0,0.0,0.0,0.0,0.0,0.0,0.0,0.0,0.0,0.0,0.0,0.0,0.0,0.0,0.0,0.0,0.0,0.0,0.0,0.0,0.0,0.0,0.0,0.0,0.0,0.0,0.0,0.0,0.0,0.0,0.0,0.0,0.0,0.0,0.0,0.0,0.0,0.0,0.0,0.0,0.0,0.0,0.0,0.0,0.0,0.0,0.0,0.0,0.0,0.0,0.0,0.0,0.0,0.0,0.0,0.0,0.0,0.0,0.0,0.0,0.0,0.0,0.0,0.0,0.0,0.0,0.0,0.0,0.0,0.0,0.0,0.0,0.0,0.0,0.0,0.0,0.0,0.0,0.0,0.0,0.0,0.0,0.0,0.0,0.0,0.0,0.0,0.0,0.0,0.0,0.0,0.0,0.0,0.0,0.0,0.0,0.0,0.0,0.0,0.0,0.0,0.0,0.0,0.0,0.0,0.0,0.0,0.0,0.0,0.0,0.0,0.0,0.0,0.0,0.0,0.0,0.0,0.0,0.0,0.0,0.0,0.0,0.0,0.0,0.0,0.0,0.0,0.0,0.0,0.0,0.0,0.0,0.0,0.0,0.0,0.0,0.0,0.0,0.0,0.0,0.0,0.0,0.0,0.0,0.0,0.0,0.0,0.0,0.0,0.0,0.0,0.0,0.0,0.0,0.0,0.0,0.0,0.0,0.0
MT,0.0,0.0,0.0,0.0,0.0,0.0,0.0,0.0,0.0,0.0,0.0,0.0,0.0,0.0,0.0,0.0,0.0,0.0,0.0,0.0,0.0,0.0,0.0,0.0,0.0,0.0,0.0,0.0,0.0,0.0,0.0,0.0,0.0,0.0,0.0,0.0,0.0,0.0,0.0,0.0,0.0,0.0,0.0,0.0,0.0,0.0,0.0,0.0,0.0,0.0,0.0,0.0,0.0,0.0,0.0,0.0,0.0,0.0,0.0,0.0,0.0,0.0,0.0,0.0,0.0,0.0,0.0,0.0,0.0,0.0,0.0,0.0,0.0,0.0,0.0,0.0,0.0,0.0,0.0,0.0,0.0,0.0,0.0,0.0,0.0,0.0,0.0,0.0,0.0,0.0,0.0,0.0,0.0,0.0,0.0,0.0,0.0,0.0,0.0,0.0,0.0,0.0,0.0,0.0,0.0,0.0,0.0,0.0,0.0,0.0,0.0,0.0,0.0,0.0,0.0,0.0,0.0,0.0,0.0,0.0,0.0,0.0,0.0,0.0,0.0,0.0,0.0,0.0,0.0,0.0,0.0,0.0,0.0,0.0,0.0,0.0,0.0,0.0,0.0,0.0,0.0,0.0,2.0,0.0,0.0,0.0,0.0,0.0,0.0,0.0,0.0,0.0,0.0,0.0,0.0,0.0,0.0,0.0,0.0,0.0,0.0,0.0,0.0,0.0,0.0,0.0,0.0,0.0,0.0,0.0,0.0,0.0,0.0,0.0,0.0,0.0,0.0,0.0,0.0,0.0,0.0,0.0,0.0,0.0,0.0,0.0,0.0,0.0,0.0,0.0,0.0,0.0,0.0,0.0,0.0,0.0,0.0,0.0,0.0,0.0,0.0,0.0,0.0,0.0,0.0,0.0,0.0,0.0,0.0,0.0,0.0,0.0,0.0,0.0,0.0,0.0,0.0,0.0,0.0,0.0,0.0,0.0,0.0,0.0,0.0,0.0,0.0,0.0,0.0,0.0,0.0,0.0,0.0
MU,0.0,0.0,0.0,0.0,0.0,0.0,0.0,0.0,0.0,0.0,0.0,0.0,0.0,0.0,0.0,0.0,0.0,0.0,0.0,0.0,0.0,0.0,0.0,0.0,0.0,0.0,0.0,0.0,0.0,0.0,0.0,0.0,0.0,0.0,0.0,0.0,0.0,0.0,0.0,0.0,0.0,0.0,0.0,0.0,0.0,0.0,0.0,0.0,0.0,0.0,0.0,0.0,0.0,0.0,0.0,0.0,0.0,0.0,0.0,0.0,0.0,0.0,0.0,0.0,0.0,0.0,0.0,0.0,0.0,0.0,0.0,0.0,0.0,0.0,0.0,0.0,0.0,0.0,0.0,0.0,0.0,0.0,0.0,0.0,0.0,0.0,0.0,0.0,0.0,0.0,0.0,0.0,0.0,0.0,0.0,0.0,0.0,0.0,0.0,0.0,0.0,0.0,0.0,0.0,0.0,0.0,0.0,0.0,0.0,0.0,0.0,0.0,0.0,0.0,0.0,0.0,0.0,0.0,0.0,0.0,0.0,0.0,0.0,0.0,0.0,0.0,0.0,0.0,0.0,0.0,0.0,0.0,0.0,0.0,0.0,0.0,0.0,0.0,0.0,0.0,0.0,0.0,0.0,0.0,0.0,0.0,0.0,0.0,0.0,0.0,0.0,0.0,0.0,0.0,0.0,0.0,0.0,0.0,0.0,0.0,0.0,0.0,0.0,0.0,0.0,0.0,0.0,0.0,0.0,0.0,0.0,0.0,0.0,0.0,0.0,0.0,0.0,0.0,0.0,0.0,0.0,0.0,0.0,0.0,0.0,0.0,0.0,0.0,0.0,0.0,0.0,0.0,0.0,0.0,0.0,0.0,0.0,0.0,0.0,0.0,0.0,0.0,0.0,0.0,0.0,0.0,0.0,0.0,0.0,0.0,0.0,0.0,0.0,0.0,0.0,0.0,0.0,0.0,0.0,0.0,0.0,0.0,0.0,0.0,0.0,0.0,0.0,0.0,0.0,0.0,0.0,0.0,0.0
MV,0.0,0.0,0.0,0.0,0.0,0.0,0.0,0.0,0.0,0.0,0.0,0.0,0.0,0.0,0.0,0.0,0.0,0.0,0.0,0.0,0.0,0.0,0.0,0.0,0.0,0.0,0.0,0.0,0.0,0.0,0.0,0.0,0.0,0.0,0.0,0.0,0.0,0.0,0.0,0.0,0.0,0.0,0.0,0.0,0.0,0.0,0.0,0.0,0.0,0.0,0.0,0.0,0.0,0.0,0.0,0.0,0.0,0.0,0.0,0.0,0.0,0.0,0.0,0.0,0.0,0.0,0.0,0.0,0.0,0.0,0.0,0.0,0.0,0.0,0.0,0.0,0.0,0.0,0.0,0.0,0.0,0.0,0.0,0.0,0.0,0.0,0.0,0.0,0.0,0.0,0.0,0.0,0.0,0.0,0.0,0.0,0.0,0.0,0.0,0.0,0.0,0.0,0.0,0.0,0.0,0.0,0.0,0.0,0.0,0.0,0.0,0.0,0.0,0.0,0.0,0.0,0.0,0.0,0.0,0.0,0.0,0.0,0.0,0.0,0.0,0.0,0.0,0.0,0.0,0.0,0.0,0.0,0.0,0.0,0.0,0.0,0.0,0.0,0.0,0.0,0.0,0.0,0.0,0.0,0.0,0.0,0.0,0.0,0.0,0.0,0.0,0.0,0.0,0.0,0.0,0.0,0.0,0.0,0.0,0.0,0.0,0.0,0.0,0.0,0.0,0.0,0.0,0.0,0.0,0.0,0.0,0.0,0.0,0.0,0.0,0.0,0.0,0.0,0.0,0.0,0.0,0.0,0.0,0.0,0.0,0.0,0.0,0.0,0.0,0.0,0.0,0.0,0.0,0.0,0.0,0.0,0.0,0.0,0.0,0.0,0.0,0.0,0.0,0.0,0.0,0.0,0.0,0.0,0.0,0.0,0.0,0.0,0.0,0.0,0.0,0.0,0.0,0.0,0.0,0.0,0.0,0.0,0.0,0.0,0.0,0.0,0.0,0.0,0.0,0.0,0.0,0.0,0.0
MW,0.0,0.0,0.0,0.0,0.0,0.0,0.0,0.0,0.0,0.0,0.0,0.0,0.0,0.0,0.0,0.0,0.0,0.0,0.0,0.0,0.0,0.0,0.0,0.0,0.0,0.0,0.0,0.0,0.0,0.0,0.0,0.0,0.0,0.0,0.0,0.0,0.0,0.0,0.0,0.0,0.0,0.0,0.0,0.0,0.8333333333333333,0.0,0.0,0.0,0.0,0.0,0.0,0.0,0.0,0.6666666666666666,0.0,0.0,0.0,0.0,0.0,0.0,0.0,0.0,0.0,0.0,0.0,0.0,0.0,0.0,0.0,0.0,0.0,0.0,0.6666666666666666,0.0,0.0,0.0,0.0,0.0,0.0,0.0,0.0,0.0,0.0,0.0,0.0,0.0,0.0,0.0,0.0,0.0,0.0,0.0,0.0,0.0,0.0,0.0,0.0,0.0,0.0,0.0,0.0,0.0,0.0,0.0,0.0,0.0,0.0444444444444444,0.0,0.0,0.0,0.0,0.0,0.0,0.0,0.0,0.0,0.0,0.0,0.0,0.0,0.0,0.0,0.0,0.0,0.0,0.0,0.0,0.0,0.0,0.0,0.0,0.0,0.0,0.0,0.0,0.0,0.0,0.0,0.0,0.0,0.0,0.0,0.0,0.0,0.0,6.7666666666666675,0.0,0.0,0.0,0.0,0.0,0.0,0.0,0.3333333333333333,0.0,0.0,0.0,0.0,0.0,0.0,0.0,0.0,0.0,0.0,0.0,0.0,0.0,0.0,0.0,0.0,0.0,0.0,0.0,0.0,0.0,0.0,0.0,0.0,0.0,0.0,0.0,0.0,0.0,0.0,0.0,0.0,0.0,0.0,0.0,0.0,0.0,0.0,0.0,0.0,0.0,0.0,0.0,0.0,0.0,0.0,0.0,0.0,0.0,0.0,0.0,0.0,0.0,0.0,0.0,0.0,0.0,0.0,0.0,0.0,0.0,0.0666666666666666,0.0,0.0,3.0555555555555554,0.0,0.0,0.0,0.0,0.0,0.0,0.0,0.0,0.0,0.0,0.0,0.1,0.0,0.0
MX,0.0,0.0006301561525709268,0.0,0.0,0.0,0.0,0.0,0.0,0.4436700370034178,0.6976400151328053,0.12127593937297171,0.0,0.0,0.0,0.0013071724220808784,0.0,0.0005107252298263,0.042637333111930395,0.0,0.002521671852223,0.0,0.0,0.0,0.0,0.0,0.0,0.0,0.6145358954589817,0.0,0.0,0.0,0.0,0.0,0.0,0.2950189126804152,0.0,0.0010214504596527,0.0,0.0,2.173583617788759,0.0,0.0,0.2513888442217557,0.0005107252298263,0.359569149207488,0.09896027210328559,0.0005107252298263,0.0221683893871214,0.0,0.0,0.0,0.0,0.046403437626083795,0.2141574312035961,0.0,0.427929152747195,0.0,0.000554602198805283,0.0005107252298263,0.3,0.0071223489289461,0.0006289313934057,0.0,0.0,3.9705737191578754,0.0,0.0496100720695274,0.0,0.0,0.0,0.35137152891910217,0.0,0.8696005858499891,0.0,0.0016821194638221,0.0,0.0,0.0005107252298263,0.0,0.0,0.0,0.0,0.0,0.0,0.0451395827437438,0.0005107252298263,0.0,0.0,0.0,0.0026995709769378,0.0,0.1393763879157062,0.0011688126759804,0.0078152132049265,0.057851826212666796,0.0,0.0741125522671907,0.0,0.0,0.0001473622163277,0.0005107252298263,0.46330072724270466,0.0,0.0,0.0023171934095339002,0.288170857150918,0.0015160457649877,0.0005107252298263,0.0,0.0,0.0,0.0,0.0,0.2028325841672497,9.578544061302682e-05,0.0,0.0,0.0,0.0032217773175300998,0.0,0.0,0.0001473622163277,0.0,0.0,0.0035978455357061,0.0,0.0019163212385619002,0.0,0.0011457920436477,0.0,0.0036231884057971,0.0001903674090995,0.0,0.0,0.0,0.0,0.0,0.0,0.0,0.0,0.0,0.0,0.0,0.0,0.0,0.0,152.10804775365298,0.0145825863598251,0.0,0.0,0.0,0.0,0.0,0.0023352883548005,0.0,0.5093204928195783,1.0087311370873346,0.0010214504596527,0.0,0.0,0.096440216975621,0.0014425867874143,0.0,0.0335757145029925,0.0,0.0,0.0125747970849302,0.0005378720895962,0.0325474181750503,0.0,0.0,0.0,0.1795353399657513,0.0,0.0,0.0002954791687186,0.0,0.0162154344598167,0.0105437720152502,0.0185678377418596,0.0,0.0008298498806765,0.0,0.0,0.0005107252298263,0.026566944176599598,0.025880422858274302,0.0,0.0019095184922691,0.0,0.0095216810340596,0.0,0.0,0.0,0.0,0.0,0.0,0.0,0.0,0.0,0.0,0.0,0.0,0.0,0.0,0.0602294789891355,0.0,0.0,0.0,0.0002947244326554,0.0,0.1122549345756239,0.0,0.0,0.2140030050138711,0.0,0.0105477822948816,0.0003587200337134,11.956912178903092,0.0021505376344086,0.0,0.0,0.0,0.0,0.0,0.000661944405761,0.0,0.0,0.0,0.0,0.013680729335021999,0.0001473622163277,0.0
MY,0.0,2.00126582278481,0.0,0.0,0.0,0.0,0.0,0.0,0.024838398333467,0.024193367895922,0.5507133648255198,0.0,0.0,0.0,0.0173056840387787,0.0,0.0002553626149131,0.1337332726355386,0.0,0.0114831349534796,0.0,0.0,0.0,0.0,0.0,0.0,0.0,0.1787617732585253,0.0,0.0,0.0,0.0,0.0001672800267648,0.0,0.1455363793269963,0.0,0.0005107252298263,0.0,0.0,0.0441545356309677,0.0,0.0,0.021936758099592203,0.0002553626149131,4.519563140529181,0.0056701509817859,0.0002553626149131,0.0,0.0,0.0,0.0,0.0,0.0591764183582386,0.1488649208792779,0.0,0.0494463462307535,0.0,0.0002553626149131,0.0002553626149131,0.0,0.037382723887680304,0.0005270911848459,0.0,0.0,0.4139361876508267,0.0,0.0079797083019077,0.0,0.0,0.0,0.2641866684236117,0.0,4.424240454499709,0.0,0.0153424099471327,0.0,0.0,0.0002553626149131,0.0,0.0,0.0,0.0,0.0,0.0,0.08643128723911869,0.0002553626149131,0.0,0.0,0.0,0.0063477288498002,0.0,0.0902515490745591,0.000658087446154,0.0198527583793878,0.1055580489097427,0.0,0.232304588030476,0.0,0.0,0.0001473622163277,0.0002553626149131,0.27171192275243683,0.0,0.0,0.0526363149958654,0.7436306502233047,0.0003134543029607352,0.3335886959482464,0.0,0.0,0.0,0.0,0.0,0.8962209602043479,0.0,0.0,1.0,0.0,0.0012658227848101,0.0,0.0,0.0001473622163277,0.0,0.0,0.0079596233849435,0.0,0.006419793201266099,0.0,0.0026790077859479,0.0,0.0062004336618368,0.0,0.0,0.0,0.0,0.0,0.0,0.0,0.0,0.0,0.0,0.0,0.0,0.0,0.0,0.0,0.0145825863598251,123.11481186898237,0.0,0.0,0.0,0.0,0.0,0.0013555367100504,0.0,0.0519742913705793,0.0076220397450632,0.6671773918964929,0.0,0.0,0.11714040846354801,0.0047138047138047,0.0,0.0027257240064965,0.0,0.0,0.2584909382257358,1.0004420866489832,0.0486410129245674,0.0,0.0,0.0,0.080767537272457,0.0,0.0,0.3,0.0,0.0291737582367666,1.0379794603746386,0.10962861677451499,0.0,1.0,0.0,0.0,0.0002553626149131,0.5240779370980946,1.8052621283875934,0.0,0.0020296015160128,0.0,0.0013041377908481,0.0,0.0,0.0,0.0,0.0,0.0,0.0,0.0,0.0,0.0,0.0,0.0,0.0,0.0,1.423482670180908,0.0,0.0,0.0,0.0055801366948119,0.0,0.24542563235754788,0.0,0.0,0.5464856828478005,0.0,0.0705426312526332,0.0001161833760952,7.948116956697424,0.0,0.0,0.0,0.0,0.0,0.0,0.0131935842960492,0.0,0.0,0.0,0.0,0.1598690030121315,0.0001473622163277,0.0
MZ,0.0,0.0,0.0,0.0,0.0,0.0,0.0,0.0,0.0,0.0,0.0,0.0,0.0,0.0,0.0,0.0,0.0,0.0,0.0,0.0,0.0,0.0,0.0,0.0,0.0,0.0,0.0,0.0,0.0,0.0,0.0,0.0,0.0,0.0,0.0,0.0,0.0,0.0,0.0,0.0,0.0,0.0,0.0,0.0,0.0,0.0,0.0,0.0,0.0,0.0,0.0,0.0,0.0,0.0,0.0,0.0,0.0,0.0,0.0,0.0,0.0,0.0,0.0,0.0,0.0,0.0,0.0,0.0,0.0,0.0,0.0,0.0,0.0,0.0,0.0,0.0,0.0,0.0,0.0,0.0,0.0,0.0,0.0,0.0,0.0,0.0,0.0,0.0,0.0,0.0,0.0,0.0,0.0,0.0,0.0,0.0,0.0,0.0,0.0,0.0,0.0,0.0,0.0,0.0,0.0,0.0,0.0,0.0,0.0,0.0,0.0,0.0,0.0,0.0,0.0,0.0,0.0,0.0,0.0,0.0,0.0,0.0,0.0,0.0,0.0,0.0,0.0,0.0,0.0,0.0,0.0,0.0,0.0,0.0,0.0,0.0,0.0,0.0,0.0,0.0,0.0,0.0,0.0,0.0,0.0,0.0,0.0,0.0,1.2000000000000002,0.0,0.0,0.0,0.0,0.0,0.0,0.0,0.0,0.0,0.0,0.0,0.0,0.0,0.0,0.0,0.0,0.0,0.0,0.0,0.0,0.0,0.0,0.0,0.0,0.0,0.0,0.0,0.0,0.0,0.0,0.0,0.0,0.0,0.0,0.0,0.0,0.0,0.0,0.0,0.0,0.0,0.0,0.0,0.0,0.0,0.0,0.0,0.0,0.0,0.0,0.0,0.0,0.0,0.0,0.0,0.0,0.0,0.0,0.0,0.0,0.0,0.0,0.0,0.0,0.0,0.0,0.0,0.0,0.0,1.1,0.0,0.0,0.0,0.0,0.0,0.0,0.0,0.0,0.0,0.0,0.0,0.0,0.0,0.0
NA,0.0,0.0,0.0,0.0,0.0,0.0,0.0,0.0,0.0,0.0,0.0,0.0,0.0,0.0,0.0,0.0128205128205128,0.0,0.0,0.0128205128205128,0.0,0.0,0.0,0.0128205128205128,0.0,0.0,0.0,0.0,0.0,0.0,0.0,0.0,0.0,0.0,0.0,0.0,0.0,0.0,0.0,0.0,0.0,0.0,0.0,0.0,0.0,0.0,0.0,0.0,0.0,0.0,0.0,0.0,0.0,0.0,0.0,0.0,0.0,0.0,0.0,0.0,0.0,0.0,0.0,0.0,0.0,0.0,0.0,0.0,0.0,0.0,0.0,0.0,0.0,0.0,0.0,0.0,0.0,0.0,0.0,0.0,0.0,0.0,0.0,0.0,0.0,0.0,0.0,0.0,0.0,0.0,0.0,0.0128205128205128,0.0,0.0,0.0,0.0,0.0,0.0,0.0,0.0,0.0,0.0,0.0,0.0,0.0128205128205128,0.0,0.0,0.0256410256410256,0.0,0.0,0.0,0.0,0.0,0.0,0.0,0.0,0.0,0.0,0.0,0.0,0.0,0.0,0.0,0.0,0.0,0.0,0.0,0.0,0.0,0.0,0.0,0.0,0.0,0.0,0.0,0.0,0.0,0.0,0.0,0.0,0.0,0.0,0.0,0.0,0.0,0.0,0.0,0.0,0.0,0.0,0.1538461538461538,0.0,0.0,0.0,0.0,0.0,0.0,0.0,0.0,0.0,0.0,0.0,0.0,0.0,0.0,0.0,0.0,0.0,0.0,0.0,0.0,0.0,0.0,0.0,0.0,0.0,0.0,0.0,0.0,0.0,0.0,0.0,0.0,0.0,0.0,0.0,0.0,0.0,0.0,0.0,0.0,0.0,0.0,0.0,0.0,0.0,0.0,0.0,0.0,0.0,0.0,0.0,0.0,0.0,0.0,0.0,0.0,0.0,0.0,0.0,0.0,0.0,0.0,0.0,0.0,0.0,0.0,0.0,0.0,0.0641025641025641,0.0,0.0,0.0,0.0,0.0,0.0,0.0,0.0,0.0,0.0,0.0,0.0,0.0,0.0
NC,0.0,0.0,0.0,0.0,0.0,0.0,0.0,0.0,0.0,0.0,0.0,0.0,0.0,0.0,0.0,0.0,0.0,0.0,0.0,0.0,0.0,0.0,0.0,0.0,0.0,0.0,0.0,0.0,0.0,0.0,0.0,0.0,0.0,0.0,0.0,0.0,0.0,0.0,0.0,0.0,0.0,0.0,0.0,0.0,0.0,0.0,0.0,0.0,0.0,0.0,0.0,0.0,0.0,0.0,0.0,0.0,0.0,0.0,0.0,0.0,0.0,0.0,0.0,0.0,0.0,0.0,0.0,0.0,0.0,0.0,0.0,0.0,0.0,0.0,0.0,0.0,0.0,0.0,0.0,0.0,0.0,0.0,0.0,0.0,0.0,0.0,0.0,0.0,0.0,0.0,0.0,0.0,0.0,0.0,0.0,0.0,0.0,0.0,0.0,0.0,0.0,0.0,0.0,0.0,0.0,0.0,0.0,0.0,0.0,0.0,0.0,0.0,0.0,0.0,0.0,0.0,0.0,0.0,0.0,0.0,0.0,0.0,0.0,0.0,0.0,0.0,0.0,0.0,0.0,0.0,0.0,0.0,0.0,0.0,0.0,0.0,0.0,0.0,0.0,0.0,0.0,0.0,0.0,0.0,0.0,0.0,0.0,0.0,0.0,0.0,0.0,0.0,0.0,0.0,0.0,0.0,0.0,0.0,0.0,0.0,0.0,0.0,0.0,0.0,0.0,0.0,0.0,0.0,0.0,0.0,0.0,0.0,0.0,0.0,0.0,0.0,0.0,0.0,0.0,0.0,0.0,0.0,0.0,0.0,0.0,0.0,0.0,0.0,0.0,0.0,0.0,0.0,0.0,0.0,0.0,0.0,0.0,0.0,0.0,0.0,0.0,0.0,0.0,0.0,0.0,0.0,0.0,0.0,0.0,0.0,0.0,0.0,0.0,0.0,0.0,0.0,0.0,0.0,0.0,0.0,0.0,0.0,0.0,0.0,0.0,0.0,0.0,0.0,0.0,0.0,0.0,0.0,0.0
NE,0.0,0.0,0.0,0.0,0.0,0.0,0.0,0.0,0.0,0.0,0.0,0.0,0.0,0.0,0.0,0.0,0.0,0.0,0.0,0.0,0.0,0.0,0.0,0.0,0.0,0.0,0.0,0.0,0.0,0.0,0.0,0.0,0.0,0.0,0.0,0.0,0.0,0.0,0.0,0.0,0.0,0.0,0.0,0.0,0.0,0.0,0.0,0.0,0.0,0.0,0.0,0.0,0.0,0.0,0.0,0.0,0.0,0.0,0.0,0.0,0.0,0.0,0.0,0.0,0.0,0.0,0.0,0.0,0.0,0.0,0.3333333333333333,0.0,0.0,0.0,0.0,0.0,0.0,0.0,0.0,0.0,0.0,0.0,0.0,0.0,0.0,0.0,0.0,0.0,0.0,0.0,0.0,0.0,0.0,0.0,0.0,0.0,0.0,0.0,0.0,0.0,0.0,0.0,0.0,0.0,0.0,0.0,0.0,0.0,0.0,0.0,0.0,0.0,0.0,0.0,0.0,0.0,0.0,0.0,0.0,0.0,0.0,0.0,0.0,0.0,0.0,0.0,0.0,0.0,0.0,0.0,0.0,0.0,0.0,0.0,0.0,0.0,0.0,0.0,0.0,0.0,0.0,0.0,0.0,0.0,0.0,0.0,0.0,0.0,0.0,0.0,0.0,0.6666666666666666,0.0,0.0,0.0,0.0,0.0,0.0,0.0,0.0,0.0,0.0,0.0,0.0,0.0,0.0,0.0,0.0,0.0,0.0,0.0,0.0,0.0,0.0,0.0,0.0,0.0,0.0,0.0,0.0,0.0,0.0,0.0,0.0,0.0,0.0,0.0,0.0,0.0,0.0,0.0,0.0,0.0,0.0,0.0,0.0,0.0,0.0,0.0,0.0,0.0,0.0,0.0,0.0,0.0,0.0,0.0,0.0,0.0,0.0,0.0,0.0,0.0,0.0,0.0,0.0,0.0,0.0,0.3333333333333333,0.0,0.0,0.0,0.0,0.0,0.0,0.0,0.0,0.0,0.0,0.0,0.0,0.0,0.0
NF,0.0,0.0,0.0,0.0,0.0,0.0,0.0,0.0,0.0,0.0,0.0,0.0,0.0,0.0,0.0,0.0,0.0,0.0,0.0,0.0,0.0,0.0,0.0,0.0,0.0,0.0,0.0,0.0,0.0,0.0,0.0,0.0,0.0,0.0,0.0,0.0,0.0,0.0,0.0,0.0,0.0,0.0,0.0,0.0,0.0,0.0,0.0,0.0,0.0,0.0,0.0,0.0,0.0,0.0,0.0,0.0,0.0,0.0,0.0,0.0,0.0,0.0,0.0,0.0,0.0,0.0,0.0,0.0,0.0,0.0,0.0,0.0,0.0,0.0,0.0,0.0,0.0,0.0,0.0,0.0,0.0,0.0,0.0,0.0,0.0,0.0,0.0,0.0,0.0,0.0,0.0,0.0,0.0,0.0,0.0,0.0,0.0,0.0,0.0,0.0,0.0,0.0,0.0,0.0,0.0,0.0,0.0,0.0,0.0,0.0,0.0,0.0,0.0,0.0,0.0,0.0,0.0,0.0,0.0,0.0,0.0,0.0,0.0,0.0,0.0,0.0,0.0,0.0,0.0,0.0,0.0,0.0,0.0,0.0,0.0,0.0,0.0,0.0,0.0,0.0,0.0,0.0,0.0,0.0,0.0,0.0,0.0,0.0,0.0,0.0,0.0,0.0,0.0,0.0,0.0,0.0,0.0,0.0,0.0,0.0,0.0,0.0,0.0,0.0,0.0,0.0,0.0,0.0,0.0,0.0,0.0,0.0,0.0,0.0,0.0,0.0,0.0,0.0,0.0,0.0,0.0,0.0,0.0,0.0,0.0,0.0,0.0,0.0,0.0,0.0,0.0,0.0,0.0,0.0,0.0,0.0,0.0,0.0,0.0,0.0,0.0,0.0,0.0,0.0,0.0,0.0,0.0,0.0,0.0,0.0,0.0,0.0,0.0,0.0,0.0,0.0,0.0,0.0,0.0,0.0,0.0,0.0,0.0,0.0,0.0,0.0,0.0,0.0,0.0,0.0,0.0,0.0,0.0
NG,0.0,0.0,0.0,0.0,0.0,0.0,0.0,0.0,0.0019449855753613,0.0005894488653109,1.1727828746177371,0.0,0.0,0.0,0.0,0.00067957866123,0.0007660878447395,0.3358124784087214,0.0,0.0007660878447395,0.0,0.0,0.0,0.0,0.0,0.0,0.0,0.0033353627160467,0.0,0.0,0.0,0.0,0.0,0.0,1.2857102542470924,0.0,0.001532175689479,0.0,0.0,0.0049300689956292,0.0,0.0,0.0022982635342185,0.1007660878447395,1.004063359030766,0.0022982635342185,0.0007660878447395,0.0,0.0,0.0,0.0,0.0,0.0005894488653109,1.0035882357265866,0.0,0.0005894488653109,0.0,0.0007660878447395,0.0007660878447395,0.0,0.0005894488653109,0.0011788977306218,0.0,0.0,0.0201148565881977,0.0,0.0,0.0,0.0,0.0,0.0072462785325966,0.0,0.12574780817434458,0.0,0.0,0.0,0.0,0.0007660878447395,0.0,0.0,0.0,0.0,0.0,0.0,0.0013555367100504,0.0007660878447395,0.0,0.0,0.0,0.0011788977306218,0.0,0.0011788977306218,0.0021216245547899,0.003307763510231,0.0013555367100504,0.0,1.0019449855753615,0.0,0.0,2.000589448865311,0.0007660878447395,0.0044466377571924995,0.0,0.00067957866123,0.0007660878447395,0.013120545839357,0.1682191650726415,0.0007660878447395,0.0,0.0,0.0,0.0,0.0,0.004921265330194,0.0,0.0,0.0,0.0,0.0,0.0,0.0,0.0005894488653109,0.0,0.0,0.0013555367100504,0.0,0.0013555367100504,0.0,0.0010167764653322,0.0,0.0,0.0,0.0,0.0,0.0,0.0,0.0,0.0,0.0,0.0,0.0,0.0,0.0,0.0,0.0,0.3333333333333333,0.0023352883548005,0.0013555367100504,0.0,0.0,0.0,0.0,0.0,59.62708180574248,0.0,0.0047155909224874,0.0012690275265409,0.001532175689479,0.0,0.0,0.000320495700016,0.0,0.0,0.001532175689479,0.0,0.0,0.0005894488653109,0.0017683465959328,0.0012857296306271,0.0,0.0,0.0,0.0028877123995295,0.0,0.0,0.0,0.0,0.0005894488653109,0.0005894488653109,0.0011788977306218,0.0,0.0,0.0,0.0,0.0007660878447395,0.0039837215590515,0.0016760324100664001,0.0,0.0005894488653109,0.0,0.0,0.0,0.0,0.0,0.0,0.0,0.0,0.0,0.0,0.0,0.0,0.0,0.0,0.0,0.0,0.0010167764653322,0.0,0.0,0.0,0.0011788977306218,0.0,0.0029617620406936,0.0,0.0,0.1018896962100771,0.1,0.0,0.0833333333333333,12.815790477936583,0.0,0.0,0.0,0.0,0.0,0.0,0.0007660878447395,0.0,0.0,0.0,0.0,0.1696851542951069,0.1005894488653109,0.0277777777777777
NI,0.0,0.0,0.0,0.0,0.0,0.0,0.0,0.0,0.0,0.0001463200507242,0.0004877335024142,0.0,0.0,0.0,0.0,0.0,0.0,0.0002438667512071,0.0,0.0,0.0,0.0,0.0,0.0,0.0,0.0,0.0,0.0,0.0,0.0,0.0,0.0,0.0,0.0,0.0003901868019314,0.0,0.0,0.0,0.0,0.0002438667512071,0.0,0.0,0.0,0.0,0.0012193337560357,0.0,0.0,0.0,0.0,0.0,0.0,0.0,4.8773350241428086e-05,0.0004389601521728,0.0,0.0,0.0,0.0,0.0,0.0,0.0,0.0,0.0,0.0,0.0006828269033799,0.0,0.0,0.0,0.0,0.0,0.0008291469541042,0.0,0.0006340535531385,0.0,9.754670048285616e-05,0.0,0.0,0.0,0.0,0.0,0.0,0.0,0.0,0.0,0.0004877335024142,0.0,0.0,0.0,0.0,9.754670048285616e-05,0.0,0.0,0.0,9.754670048285616e-05,0.0002926401014485,0.0,0.0,0.0,0.0,0.0,0.0,0.0006828269033799,0.0,0.0,0.0,0.0,0.0,0.0,0.0,0.0,0.0,0.0,0.0,0.0006340535531385,0.0,0.0,0.0,0.0,0.0,0.0,0.0,0.0,0.0,0.0,0.0,0.0,0.0,0.0,0.0,0.0,0.0,0.0,0.0,0.0,0.0,0.0,0.0,0.0,0.0,0.0,0.0,0.0,0.0,0.0,0.0,0.0,0.0,0.0,0.0,0.0,0.0,0.0,0.0,0.0,0.0098522167487684,0.0,0.0,0.0,0.0,0.0,0.0,0.0,0.0,0.0,0.0,0.0,0.0,0.0,0.0,0.0,0.0,0.0,0.0002438667512071,0.0,0.0,0.0,0.0,0.0,0.0,0.0,0.0,0.0,0.0,0.0,0.0,9.754670048285616e-05,9.754670048285616e-05,0.0,0.0,0.0,0.0,0.0,0.0,0.0,0.0,0.0,0.0,0.0,0.0,0.0,0.0,0.0,0.0,0.0,0.0,0.0,0.0,0.0,0.0,0.0,0.0,0.0002438667512071,0.0,0.0,0.0004877335024142,0.0,0.0,0.0,0.0009266936545871,0.0,0.0,0.0,0.0,0.0,0.0,0.0,0.0,0.0,0.0,0.0,0.0,0.0,0.0
NL,0.0,0.0019654202434647,0.0,0.0,0.0,0.0,0.0017050298380221,0.0,0.2254803735043363,2.085126669762353,6.3620945509235085,0.0,0.0,0.0,0.012698358899803999,0.0,0.5,46.716399949380815,0.0,0.009203736643552101,0.0,0.0,0.0,0.0,0.0,0.0,0.0,0.5316957411037403,0.0,0.0,0.0,0.0,0.0304033983190891,0.0,5.516711564047908,0.0,0.0,0.0,0.0,45.712280570049174,0.0003912363067292,0.0,0.1847084167606353,0.0,6.47140520877677,0.016118820241233803,0.0,0.0,0.0,0.0,0.0,0.4012999449875736,0.7908600624568698,51.63312124097496,0.0,9.414860883264526,0.0,0.0,0.0,0.1,0.2611691894443742,0.0389412153045754,0.0,0.0,15.460318185926116,0.3419913419913419,1.7605531821418956,0.0,0.0,0.0,24.57756985163628,2.0622377622377623,48.34998201847533,0.0,0.0012045622596479,0.0,0.0,0.0,0.0,0.0,0.0,0.0,0.0,0.0,2.0278897640550295,0.0,0.0,0.0,0.0,0.0272205977035424,0.0,0.1470761784076173,0.0011788977306218,3.648518800124657,2.8518922898541614,0.0,7.296264882400536,0.0,0.0,0.0011788977306218,0.018388781317843,13.567600065111925,0.0,0.0,0.072506907132193,8.622168178903504,0.6685605143754924,0.0,0.0,0.0,0.0,0.0,0.0,1.4446232569867528,0.0003831417624521,0.0,0.0,0.0,0.007287492729492801,0.0,0.0,0.0011788977306218,0.0,0.0,0.3560450496040499,0.0893524038399927,0.0260794278280934,0.0,0.0043434546926471,0.0,0.048776804590758,0.0,0.0,0.0666666666666666,0.0,0.0,0.0,0.0,0.0,0.0,0.0,0.0,0.0,0.0,0.0,0.0,0.5093204928195783,0.0519742913705793,0.0,0.0,0.0,0.0,0.0,0.0047155909224874,0.0,3812.0332322321815,3.2892359578564445,0.0,0.0,0.0,0.0524733455990313,0.0003831417624521,0.0,0.0039909541578628995,0.0,0.0,0.0118399511786118,0.0039198349543177,2.962485539060014,0.0,0.0,0.0,0.9354255240579163,0.0,0.0,0.0,0.0,0.062322313802927395,0.0482641496824886,0.1554736617866837,0.0,0.0127563182721293,0.0,0.0,0.0,10.303869480807995,0.2763066891283388,0.0,0.5388664769669431,0.0,0.2763506774768044,0.0,0.0,0.0,0.0,0.0,0.0,0.0,0.0,0.0,0.0,0.0,0.0,0.0,0.0,0.0539585065164586,0.0,0.0,0.0,0.0023577954612437,0.0,2.361957904334718,0.0,0.0,0.4450467172173609,1.0,0.0100017898722751,0.5000580916880476,174.07308061344781,0.0301075268817204,0.0151515151515151,0.0,0.0,0.0,0.0,0.0012775493614977,0.0,0.0,0.0,0.0,0.0083675555360864,0.0011788977306218,0.0
NO,0.0,0.0,0.0,0.0,0.0,0.0,0.0,0.0,0.0896146419719121,1.2597418310670148,2.0692409409593266,0.0,0.0,0.0,0.0,0.0001698946653075,0.0,2.811894235338856,0.0,0.0331908780212642,0.0,0.0,0.0,0.0,0.0,0.0056980056980056,0.0,0.23434974077121778,0.0,0.0,0.0,0.0,0.0,0.0,1.0877022893350532,0.0,0.0,0.0,0.0,2.0317589167690553,0.0,0.0,0.1506825728621308,0.0,0.18849904228126121,0.004892761945815,0.0,0.0,0.0,0.0,0.0,0.0,2.6150414517595566,3.1717223557453735,0.0,9.758216070656825,0.0,0.0,0.0,0.0,0.3911989728899335,0.0031437272816583,0.0,0.0,2.5683180440542386,0.0086580086580086,4.125401466977352,0.0,0.0,0.0,1.19392691725802,0.0,8.85588202116586,0.0,0.0,0.0,0.0,0.0,0.0,0.0,0.0,0.0,0.0,0.0,0.13498268642463,0.0,0.0,0.0,0.0,0.0091465046535824,0.0,0.0773064969641777,0.0001473622163277,0.37345144346770864,0.1932521461226949,0.0,0.0225430775576262,0.0,0.0,0.0001473622163277,0.3355032600714301,2.4497068059566756,0.0,0.0001698946653075,0.0124411650727439,0.2328518640796061,0.0011022955977084,0.0,0.0,0.0,0.0,0.0,0.0,0.2570224724112008,0.0,0.0,0.0,0.0,0.0,0.0,0.0,0.0001473622163277,0.0,0.0,0.33702741680538195,0.10245165175666089,0.009859470090696201,0.0,0.0001473622163277,0.0,0.0,0.0,0.0,0.0,0.0,0.0,0.0,0.0,0.0,0.0,0.0,0.0,0.0,0.0,0.0,0.0,1.0087311370873346,0.0076220397450632,0.0,0.0,0.0,0.0,0.0,0.0012690275265409,0.0,3.2892359578564445,335.64986537552033,0.0,0.0,0.0,0.0097436995659499,0.0,0.0,0.0068156838004784,0.0,0.0,0.001972808861683,0.0004420866489832,0.3850314962300088,0.0,0.0,0.0,0.23860216117594,0.0,0.0,0.0,0.0,0.0102505718921883,0.0249466770723179,0.0454954180573671,0.0,0.0008503401360544,0.0,0.0,0.0,16.920106384175345,0.0352444916937806,0.0,0.013940086367854099,0.0,0.0177072195401872,0.0,0.0,0.0,0.0,0.0,0.0,0.0,0.0,0.0,0.0,0.0,0.0,0.0,0.0,0.0186829361698348,0.0,0.0,0.0,0.0002947244326554,0.0,0.0976676445346185,0.0,0.0,0.7854980113788644,0.0,0.0044567735275209,0.0,32.47221206178925,0.0812241521918941,0.0,0.0,0.0,0.0,0.0,0.0,0.0,0.0,0.0,0.0,0.0106922762798799,0.0001473622163277,0.0
NP,0.0,0.0,0.0,0.0,0.0,0.0,0.0,0.0,0.0005107252298263,0.0,0.0,0.0,0.0,0.0,0.0,0.0,0.0156622403813414,0.0005107252298263,0.0,0.0005107252298263,0.0,0.0,0.0,0.0,0.0,0.0,0.0,0.0010214504596527,0.0,0.0,0.0,0.0,0.0,0.0,0.0005107252298263,0.0,0.0161729656111678,0.0,0.0,0.0010214504596527,0.0,0.0,0.001532175689479,0.0005107252298263,1.0,0.001532175689479,0.0005107252298263,0.0,0.0,0.0,0.0,0.0,0.0,0.0,0.0,0.0,0.0,0.0005107252298263,0.0005107252298263,0.0,0.0,0.0,0.0,0.0,0.0056179775280898,0.0,0.0,0.0,0.0,0.0,0.0005107252298263,0.0,0.0156622403813414,0.0,0.0,0.0,0.0,0.0156622403813414,0.0,0.0,0.0,0.0,0.0,0.0,0.0005107252298263,0.0005107252298263,0.0,0.0,0.0,0.0,0.0,0.0,0.0010214504596527,0.0,0.0005107252298263,0.0,0.0005107252298263,0.0,0.0,0.0,0.0005107252298263,0.0,0.0,0.0,0.0005107252298263,0.0051072522982635,0.0005107252298263,0.0005107252298263,0.0,0.0,0.0,0.0,0.0,0.0166836908409941,0.0,0.0,0.0,0.0,0.0,0.0,0.0,0.0,0.0,0.0,0.0005107252298263,0.0,0.0005107252298263,0.0,0.0,0.0,0.0,0.0,0.0,0.0,0.0,0.0,0.0,0.0,0.0,0.0,0.0,0.0,0.0,0.0,0.0,0.0,0.0010214504596527,0.6671773918964929,0.0,0.0,0.0,0.0,0.0,0.001532175689479,0.0,0.0,0.0,12.87802179094314,0.0,0.0,0.0,0.0,0.0,0.0010214504596527,0.0,0.0,0.0,0.0151515151515151,0.0,0.0,0.0,0.0,0.001532175689479,0.0,0.0,0.0,0.0,0.0,0.0,0.0,0.0,0.0,0.0,0.0,0.0005107252298263,0.0156622403813414,0.0005107252298263,0.0,0.0,0.0,0.0,0.0151515151515151,0.0,0.0,0.0,0.0,0.0,0.0,0.0,0.0,0.0,0.0,0.0,0.0,0.0,0.0,0.0,0.0,0.0,0.0,0.0,0.0005107252298263,0.0,0.0,0.0005107252298263,0.0151515151515151,0.0,0.0,0.3530813755532855,0.0,0.0,0.0,0.0,0.0,0.0,0.0005107252298263,0.0,0.0,0.0,0.0,0.33384405856315963,0.0151515151515151,0.0
NR,0.0,0.0,0.0,0.0,0.0,0.0,0.0,0.0,0.0,0.0,0.0,0.0,0.0,0.0,0.0,0.0,0.0,0.0,0.0,0.0,0.0,0.0,0.0,0.0,0.0,0.0,0.0,0.0,0.0,0.0,0.0,0.0,0.0,0.0,0.0,0.0,0.0,0.0,0.0,0.0,0.0,0.0,0.0,0.0,0.0,0.0,0.0,0.0,0.0,0.0,0.0,0.0,0.0,0.0,0.0,0.0,0.0,0.0,0.0,0.0,0.0,0.0,0.0,0.0,0.0,0.0,0.0,0.0,0.0,0.0,0.0,0.0,0.0,0.0,0.0,0.0,0.0,0.0,0.0,0.0,0.0,0.0,0.0,0.0,0.0,0.0,0.0,0.0,0.0,0.0,0.0,0.0,0.0,0.0,0.0,0.0,0.0,0.0,0.0,0.0,0.0,0.0,0.0,0.0,0.0,0.0,0.0,0.0,0.0,0.0,0.0,0.0,0.0,0.0,0.0,0.0,0.0,0.0,0.0,0.0,0.0,0.0,0.0,0.0,0.0,0.0,0.0,0.0,0.0,0.0,0.0,0.0,0.0,0.0,0.0,0.0,0.0,0.0,0.0,0.0,0.0,0.0,0.0,0.0,0.0,0.0,0.0,0.0,0.0,0.0,0.0,0.0,0.0,0.0,0.0,0.0,0.0,0.0,0.0,0.0,0.0,0.0,0.0,0.0,0.0,0.0,0.0,0.0,0.0,0.0,0.0,0.0,0.0,0.0,0.0,0.0,0.0,0.0,0.0,0.0,0.0,0.0,0.0,0.0,0.0,0.0,0.0,0.0,0.0,0.0,0.0,0.0,0.0,0.0,0.0,0.0,0.0,0.0,0.0,0.0,0.0,0.0,0.0,0.0,0.0,0.0,0.0,0.0,0.0,0.0,0.0,0.0,0.0,0.0,0.0,0.0,0.0,0.0,0.0,0.0,0.0,0.0,0.0,0.0,0.0,0.0,0.0,0.0,0.0,0.0,0.0,0.0,0.0
NU,0.0,0.0,0.0,0.0,0.0,0.0,0.0,0.0,0.0,0.0,0.0,0.0,0.0,0.0,0.0,0.0,0.0,0.0,0.0,0.0,0.0,0.0,0.0,0.0,0.0,0.0,0.0,0.0,0.0,0.0,0.0,0.0,0.0,0.0,0.0,0.0,0.0,0.0,0.0,0.0,0.0,0.0,0.0,0.0,0.0,0.0,0.0,0.0,0.0,0.0,0.0,0.0,0.0,0.0,0.0,0.0,0.0,0.0,0.0,0.0,0.0,0.0,0.0,0.0,0.0,0.0,0.0,0.0,0.0,0.0,0.0,0.0,0.0,0.0,0.0,0.0,0.0,0.0,0.0,0.0,0.0,0.0,0.0,0.0,0.0,0.0,0.0,0.0,0.0,0.0,0.0,0.0,0.0,0.0,0.0,0.0,0.0,0.0,0.0,0.0,0.0,0.0,0.0,0.0,0.0,0.0,0.0,0.0,0.0,0.0,0.0,0.0,0.0,0.0,0.0,0.0,0.0,0.0,0.0,0.0,0.0,0.0,0.0,0.0,0.0,0.0,0.0,0.0,0.0,0.0,0.0,0.0,0.0,0.0,0.0,0.0,0.0,0.0,0.0,0.0,0.0,0.0,0.0,0.0,0.0,0.0,0.0,0.0,0.0,0.0,0.0,0.0,0.0,0.0,0.0,0.0,0.0,0.0,0.0,0.0,0.0,0.0,0.0,0.0,0.0,0.0,0.0,0.0,0.0,0.0,0.0,0.0,0.0,0.0,0.0,0.0,0.0,0.0,0.0,0.0,0.0,0.0,0.0,0.0,0.0,0.0,0.0,0.0,0.0,0.0,0.0,0.0,0.0,0.0,0.0,0.0,0.0,0.0,0.0,0.0,0.0,0.0,0.0,0.0,0.0,0.0,0.0,0.0,0.0,0.0,0.0,0.0,0.0,0.0,0.0,0.0,0.0,0.0,0.0,0.0,0.0,0.0,0.0,0.0,0.0,0.0,0.0,0.0,0.0,0.0,0.0,0.0,0.0
NZ,0.0,0.0,0.0,0.0,0.0,0.0,0.0,0.0,0.1099832412910302,0.0221306580353951,11.390534072861463,0.0,0.0,0.0,0.0099667774086378,0.0,0.0,0.055865227996850605,0.0,0.0037894780790562,0.0,0.0,0.0,0.0,0.0,0.0,0.0,0.26671156056376677,0.0,0.0,0.0,0.0,0.0007064286221194,0.0,0.5252057441493179,0.0,0.0,0.0,0.0,0.0403617047079185,0.0,0.0,0.16568696722592519,0.0,0.7511362519668254,0.0047757962874039,0.0,0.0,0.0,0.0,0.0,0.0,0.0892320151826462,0.159463407115298,0.0,0.221005813907293,0.0,8.775393795796587e-05,0.0,0.0,0.00023560119697433143,0.0,0.0,0.0,0.8923427785920086,0.0,0.0101586852657561,0.0,0.0,0.0,0.4419368021216903,0.0,0.7799844073302912,0.0,0.0079051383399209,0.0,0.0,0.0,0.0,0.0,0.0,0.0,0.0,0.0,0.0697635971296893,0.0,0.0,0.0,0.0,0.0036960904454068,0.0,0.068622842006238,0.0,0.0259517928534995,0.1044313928373084,0.0,0.0143782496747396,0.0,0.0,0.0,0.0,0.2516690086729852,0.0,0.0,0.0,0.2379144034476987,0.0008155193767601,0.0,0.0,0.0,0.0,0.0,0.0,0.4195599765848512,0.0,0.0,0.0,0.0,0.0,0.0,0.0,0.0,0.0,0.0,0.00495958785221,0.0003086419753086,0.0041936907522501,0.0,0.0009449427678132,0.0,0.0033222591362126,0.0006734006734006,0.0,0.0,0.0,0.0,0.0,0.0,0.0,0.0,0.0,0.0,0.0,0.0,0.0,0.0,0.096440216975621,0.11714040846354801,0.0,0.0,0.0,0.0,0.0,0.000320495700016,0.0,0.0524733455990313,0.0097436995659499,0.0,0.0,0.0,166.09482011505705,0.0,0.0,0.0022417432134510997,0.0,0.0,0.003413772771744294,0.0,0.08390415353672831,0.0,0.0,0.0,0.0206163928791602,0.0,0.0,0.3,0.0,0.0301340391801701,0.0090167655783623,0.0305218093195555,0.0,0.0006095615875941,0.0,0.0,0.0,0.0321466556935637,1.0295823567894355,0.0,0.0005345452437652352,0.0,0.029455573800805,0.0,0.0,0.0,0.0,0.0,0.0,0.0,0.0,0.0,0.0,0.0,0.0,0.0,0.0,0.0601844142759939,0.0,0.0,0.0,0.0,0.0,0.48449985867375317,0.0,0.0,0.2516357903659883,0.0,0.0034850927653498004,8.775393795796587e-05,7.640773854651931,0.0,0.0,0.0,0.0,0.0,0.0,8.775393795796587e-05,0.0,0.0,0.0,0.0,0.037699111744795996,0.0,0.0
OM,0.0,9.578544061302682e-05,0.0,0.0,0.0,0.0,0.0,0.0,0.000191570881226,9.578544061302682e-05,0.0,0.0,0.0,0.0,0.0,0.0,0.0,0.0,0.0,0.0007691861140137,0.0,0.0,0.0,0.0,0.0,0.0,0.0,0.0075031928480204,0.0,0.0,0.0,0.0,0.0,0.0,0.0,0.0,0.0,0.0,0.0,0.0,0.0,0.0,0.0006734006734006,0.0,0.0,0.000191570881226,0.0,0.0,0.0,0.0,0.0,0.0,0.0,0.0,0.0,0.0,0.0,0.0,0.0,0.0,0.000191570881226,0.0,0.0,0.0,0.0029722512481133,0.0,0.0,0.0,0.0,0.0,0.0019157088122605,0.0,0.0035440613026819,0.0,0.0006734006734006,0.0,0.0,0.0,0.0,0.0,0.0,0.0,0.0,0.0,0.002020202020202,0.0,0.0,0.0,0.0,0.000287356321839,0.0,0.0010565424358527,0.0,0.0,0.0,0.0,0.0031725298966678,0.0,0.0,0.0,0.0,0.0010536398467432,0.0,0.0,0.0,0.0,0.0,0.0,0.0,0.0,0.0,0.0,0.0,0.0,9.578544061302682e-05,0.0,0.0,0.0,0.000191570881226,0.0,0.0,0.0,0.0,0.0,0.000191570881226,0.0,0.0,0.0,0.0,0.0,0.0,0.0,0.0,0.0,0.0,0.0,0.0,0.0,0.0,0.0,0.0,0.0,0.0,0.0,0.0,0.0,0.0014425867874143,0.0047138047138047,0.0,0.0,0.0,0.0,0.0,0.0,0.0,0.0003831417624521,0.0,0.0,0.0,0.0,0.0,4.0501567398119125,0.0,0.0,0.0,0.0,0.0049053755950307,9.578544061302682e-05,0.000191570881226,0.0,0.0,0.0,0.0003831417624521,0.0,0.0,0.0,0.0,0.000191570881226,0.0027893881342157,0.002020202020202,0.0,0.0,0.0,0.0,0.0,0.0,0.000191570881226,0.0,0.000191570881226,0.0,0.0,0.0,0.0,0.0,0.0,0.0,0.0,0.0,0.0,0.0,0.0,0.0,0.0,0.0,0.0,0.002020202020202,0.0,0.0,0.0,0.0,0.0,0.0006734006734006,0.0,0.0,0.0,0.0,0.0026936026936026,0.0,0.6670498084291188,0.0,0.0,0.0,0.0,0.0,0.0,0.0,0.0,0.0,0.0,0.0,0.0,0.0,0.0
PA,0.0,0.0005120327700972,0.0,0.0,0.0,0.0,0.0,0.0,0.0,0.0005120327700972,0.0377624167946748,0.0,0.0,0.0,0.0,0.0,0.0,0.0020481310803891,0.0,0.0005120327700972,0.0,0.0,0.0,0.0,0.0,0.0,0.0,0.0,0.0,0.0,0.0,0.0,0.0,0.0,0.0,0.0,0.0,0.0,0.0,0.0,0.0,0.0,0.0,0.0,0.0413466461853558,0.0005120327700972,0.0,0.0005120327700972,0.0,0.0,0.0,0.0,0.0010240655401945,0.0,0.0,0.0,0.0,0.0,0.0,0.0,0.0,0.0,0.0,0.0,0.0357142857142857,0.0,0.0010240655401945,0.0,0.0,0.0,0.0,0.0,0.0357142857142857,0.0,0.0,0.0,0.0,0.0,0.0,0.0,0.0,0.0,0.0,0.0,0.0,0.0,0.0,0.0,0.0,0.0010240655401945,0.0,0.0,0.0,0.0,0.0020481310803891,0.0,0.0,0.0,0.0,0.0,0.0,0.003584229390681,0.0,0.0,0.0,0.0357142857142857,0.0,0.0,0.0,0.0,0.0,0.0,0.0,0.0,0.0,0.0,0.0,0.0,0.0,0.0,0.0,0.0,0.0,0.0,0.0010240655401945,0.0,0.0,0.0,0.0,0.0,0.0,0.0,0.0,0.0,0.0,0.0,0.0,0.0,0.0,0.0,0.0,0.0,0.0,0.0,0.0,0.0,0.0,0.0,0.0,0.0,0.0,0.0,0.0,0.0,0.0,0.0,0.0,0.0,0.0,0.0,0.0,0.0,1.6817460317460315,0.0005120327700972,0.0,0.0,0.0,0.0,0.0,0.0,0.0,0.0,0.0005120327700972,0.0,0.0,0.0,0.0,0.0010240655401945,0.0020481310803891,0.0,0.0,0.0,0.0,0.0,0.0,0.0357142857142857,0.0,0.0,0.0,0.0,0.0,0.0,0.0,0.0,0.0,0.0,0.0,0.0,0.0,0.0,0.0,0.0,0.0,0.0,0.0,0.0,0.0,0.0,0.0,0.0,0.0,0.003584229390681,0.0,0.0,0.0,0.0,0.0,0.0,0.4377624167946748,0.0,0.0,0.0,0.0,0.0,0.0,0.0,0.0,0.0,0.0,0.0,0.0,0.0,0.0
PE,0.0,0.0005120327700972,0.0,0.0,0.0,0.0,0.0,0.0,0.0569309254188474,0.0025867200668411,0.024600298049821098,0.0,0.0,0.0,0.0003807348181991,0.0,0.0005107252298263,0.0147115212875732,0.0,0.0010227579999235,0.0,0.0,0.0,0.0,0.0,0.0028490028490028,0.0,0.5259264920943518,0.0,0.0,0.0,0.0,0.0,0.0,0.0187904956192431,0.0,0.0010214504596527,0.0,0.0,0.0056246998192862,0.0003912363067292,0.0,0.09213078866347779,0.0005107252298263,0.0752173322118176,0.18763424075439958,0.0005107252298263,0.0116914111682077,0.0,0.0,0.0,0.0,0.0157869542513824,0.07908659340909831,0.0,0.0054476208997416,0.0,0.0005107252298263,0.0005107252298263,0.0,0.0084047902616666,0.1071428571428571,0.0,0.0,0.1682713173829875,0.0,0.0041991597291771,0.0,0.0,0.0,0.061652592513269,0.0,0.6995439056064551,0.0,0.0001942784968525,0.0,0.0,0.0005107252298263,0.0,0.0,0.0,0.0,0.0,0.0,0.0021569126983511,0.0005107252298263,0.0,0.0,0.0,0.0011849407010696,0.0666666666666666,0.0133238998419269,0.036735736173938396,0.003446559655255,0.026733888254298302,0.0,0.0079079755151237,0.0,0.0,0.0,0.0005107252298263,0.0730853344022458,0.0,0.0,0.0005107252298263,0.0779255833966567,0.0005107252298263,0.0005107252298263,0.0,0.0,0.0,0.0,0.0,0.049378373416558305,0.0,0.0,0.0,0.0,0.0040322580645161,0.0,0.0,0.0,0.0,0.0,0.0099758803945364,0.0,0.0049294474469831,0.0,0.0025872312595566,0.0,0.0,0.0001903674090995,0.0,0.0,0.0,0.0,0.0,0.0,0.0,0.0,0.0,0.0,0.0,0.0,0.0,0.0,0.0335757145029925,0.0027257240064965,0.0,0.0,0.0,0.0,0.0,0.001532175689479,0.0,0.0039909541578628995,0.0068156838004784,0.0010214504596527,0.0,0.0,0.0022417432134510997,0.0,0.0005120327700972,7.541747434907268,0.0,0.0,0.0045461863302187,0.0,0.0081282259702537,0.0,0.0,0.0,0.026304658009674298,0.0,0.0,0.0,0.0,0.0066969154104383,0.0079133305424304,0.005635837928233,0.0,0.002016129032258,0.0,0.0,0.0005107252298263,0.0035316252823417004,0.0395932132537548,0.0,0.002377697151495276,0.0,0.0035650623885918,0.0,0.0,0.0,0.0,0.0,0.0,0.0,0.0,0.0,0.0,0.0,0.0,0.0,0.0,0.0255796583159217,0.0,0.0,0.0,0.0040322580645161,0.0,0.044963229550091396,0.0,0.0,0.0367634237952379,0.0,0.0017913242981695,0.0,3.520619690363208,0.0,0.0,0.0,0.0,0.0,0.0,0.0009859523455202999,0.0,0.0,0.0,0.0,0.012819501410947,0.0,0.0
PF,0.0,0.0,0.0,0.0,0.0,0.0,0.0,0.0,0.0,0.0,0.0,0.0,0.0,0.0,0.0,0.0,0.0,0.0,0.0,0.0,0.0,0.0,0.0,0.0,0.0,0.0,0.0,0.0,0.0,0.0,0.0,0.0,0.0,0.0,0.0,0.0,0.0,0.0,0.0,0.0,0.0,0.0,0.0,0.0,0.0,0.0,0.0,0.0,0.0,0.0,0.0,0.0,0.0,0.0,0.0,0.0,0.0,0.0,0.0,0.0,0.0,0.0,0.0,0.0,0.0,0.0,0.0,0.0,0.0,0.0,0.0,0.0,0.0,0.0,0.0,0.0,0.0,0.0,0.0,0.0,0.0,0.0,0.0,0.0,0.0,0.0,0.0,0.0,0.0,0.0,0.0,0.0,0.0,0.0,0.0,0.0,0.0,0.0,0.0,0.0,0.0,0.0,0.0,0.0,0.0,0.0,0.0,0.0,0.0,0.0,0.0,0.0,0.0,0.0,0.0,0.0,0.0,0.0,0.0,0.0,0.0,0.0,0.0,0.0,0.0,0.0,0.0,0.0,0.0,0.0,0.0,0.0,0.0,0.0,0.0,0.0,0.0,0.0,0.0,0.0,0.0,0.0,0.0,0.0,0.0,0.0,0.0,0.0,0.0,0.0,0.0,0.0,0.0,0.0,0.0,0.0,0.0,0.0,0.0,0.0,0.0,0.0,0.0,0.0,0.0,0.0,0.0,0.0,0.0,0.0,0.0,0.0,0.0,0.0,0.0,0.0,0.0,0.0,0.0,0.0,0.0,0.0,0.0,0.0,0.0,0.0,0.0,0.0,0.0,0.0,0.0,0.0,0.0,0.0,0.0,0.0,0.0,0.0,0.0,0.0,0.0,0.0,0.0,0.0,0.0,0.0,0.0,0.0,0.0,0.0,0.0,0.0,0.0,0.0,0.0,0.0,0.0,0.0,0.0,0.0,0.0,0.0,0.0,0.0,0.0,0.0,0.0,0.0,0.0,0.0,0.0,0.0,0.0
PG,0.0,0.0,0.0,0.0,0.0,0.0,0.0,0.0,0.0,0.0,0.6666666666666666,0.0,0.0,0.0,0.0,0.0,0.0,0.0,0.0,0.0,0.0,0.0,0.0,0.0,0.0,0.0,0.0,0.0,0.0,0.0,0.0,0.0,0.0,0.0,0.0,0.0,0.0,0.0,0.0,0.0,0.0,0.0,0.0,0.0,0.0,0.0,0.0,0.0,0.0,0.0,0.0,0.0,0.0,0.0,0.0,0.0,0.0,0.0,0.0,0.0,0.0,0.0,0.0,0.0,0.0,0.0,0.0,0.0,0.0,0.0,0.0,0.0,0.0,0.0,0.0,0.0,0.0,0.0,0.0,0.0,0.0,0.0,0.0,0.0,0.0,0.0,0.0,0.0,0.0,0.0,0.0,0.0,0.0,0.0,0.0,0.0,0.0,0.0,0.0,0.0,0.0,0.0,0.0,0.0,0.0,0.0,0.0,0.0,0.0,0.0,0.0,0.0,0.0,0.0,0.0,0.0,0.0,0.0,0.0,0.0,0.0,0.0,0.0,0.0,0.0,0.0,0.0,0.0,0.0,0.0,0.0,0.0,0.0,0.0,0.0,0.0,0.0,0.0,0.0,0.0,0.0,0.0,0.0,0.0,0.0,0.0,0.0,0.0,0.0,0.0,0.0,0.0,0.0,0.0,0.0,0.0,0.0,0.0,0.0,0.0,0.0,0.0,0.0,0.0,0.0,0.6666666666666666,0.0,0.0,0.0,0.0,0.0,0.0,0.0,0.0,0.0,0.0,0.0,0.0,0.0,0.0,0.0,0.0,0.0,0.0,0.0,0.0,0.0,0.0,0.0,0.0,0.0,0.0,0.0,0.0,0.0,0.0,0.0,0.0,0.0,0.0,0.0,0.0,0.0,0.0,0.0,0.0,0.0,0.0,0.0,0.0,0.0,0.0,0.0,0.0,0.0,0.0,0.0,0.0,0.0,0.0,0.0,0.0,0.0,0.0,0.0,0.0,0.0,0.0,0.0,0.0,0.0,0.0,0.0
PH,0.0,0.0013022653601098,0.0,0.0,0.0,0.0,0.0,0.0,0.0065328999805929,0.0032379502064063,0.0297314947978997,0.0,0.0,0.0,0.0081862412781914,0.0,0.0,0.0081640949033071,0.0,0.0049053755950307,0.0,0.0,0.0,0.0,0.0,0.0,0.0,0.0761787316622405,0.0,0.0,0.0,0.0,0.0,0.0,0.0193501683112617,0.0,0.0,0.0,0.0,0.0014001832890722943,0.0,0.0,0.0080877546981993,0.0,0.30248399648906354,0.0026592183698004,0.0,0.0,0.0,0.0,0.0,0.0,0.0277928591713302,0.0191029717943136,0.0,0.0097177032074828,0.0,0.0,0.0,0.0,0.008936332007529201,0.0004883633928140999,0.0,0.0,0.081377522826454,0.0,0.0044910292823103,0.0,0.0,0.0,0.0515375583329168,0.0,0.2736438523322189,0.0,0.0086827084198464,0.0,0.0,0.0555555555555555,0.0,0.0,0.0,0.0,0.0,0.0,0.1042990724483239,0.0,0.0,0.0,0.0,0.008700963284020199,0.0,0.0148184610521931,0.0668140288829943,0.0022710613591004998,0.0098816963214515,0.0,1.2248816867488332,0.0,0.0,0.0001473622163277,0.0,0.0362688292297057,0.0,0.0,0.0,0.0566980014189812,4.840974003969599e-05,0.0,0.0,0.0,0.0,0.0,0.0,0.783493689980409,0.000191570881226,0.0,0.0,0.0,0.0024494024142933,0.0,0.0,0.0001473622163277,0.0,0.0,0.00564018664532,0.0,0.0688279225045309,0.0,0.0014131850011378,0.0,0.0011074197120708,0.0,0.0,0.0,0.0,0.0,0.0,0.0,0.0,0.0,0.0,0.0,0.0,0.0,0.0,0.0,0.0125747970849302,0.2584909382257358,0.0,0.0,0.0,0.0,0.0,0.0005894488653109,0.0,0.0118399511786118,0.001972808861683,0.0,0.0,0.0,0.003413772771744294,0.0049053755950307,0.0,0.0045461863302187,0.0,0.0,9.477411845667945,0.0006336575302092,0.0078147962240854,0.0,0.0,0.0,0.013624338583850499,0.0,0.0,0.0,0.0,0.0097954988908397,0.0370477510116728,0.042484652650208996,0.0,0.0004777830864787,0.0,0.0,0.0,0.005173410769835201,0.012029874008349,0.0,0.0031399015003897,0.0,0.0024055435008937002,0.0,0.0,0.0,0.0,0.0,0.0,0.0,0.0,0.0,0.0,0.0,0.0,0.0,0.0,0.22547126345857432,0.0,0.0,0.0,0.0002947244326554,0.0,0.1525610744416082,0.0,0.0,0.062528685328723,0.0,0.0275744238963101,9.681948007939198e-05,1.9425111713075116,0.0,0.0,0.0,0.0,0.0,0.0,0.012963024490324,0.0,0.0,0.0,0.0,0.0127703581915005,0.0001473622163277,0.0
PK,0.0,9.578544061302682e-05,0.0,0.0,0.0,0.0357142857142857,0.0,0.0,0.0010757441791924,0.0028367226643087997,0.0022988505747126,0.0,0.0,0.0,0.0,0.0,0.2246753246753245,0.0008841732979664,0.0,9.578544061302682e-05,0.0,0.0,0.0,0.0,0.0,0.0,0.0,0.0005378720895962,0.0,0.0,0.0,0.0,0.0,0.0,0.0013262599469496,0.0,0.0151515151515151,0.0,0.0,0.4087301587301587,0.0,0.0,0.0,0.0,2.0008841732979663,0.000191570881226,0.0,0.0,0.0,0.0,0.0,0.0,0.0004420866489832,0.0379247189592017,0.0,0.0004420866489832,0.0,0.0,0.0,0.0,0.0006336575302092,1.0365984590122521,0.0,0.0,0.0109637488947833,0.0,0.0,0.0,0.0,0.0,0.033672266430887,0.0,2.994317655524552,0.0,0.0357142857142857,0.0,0.0,0.0151515151515151,0.0,0.0,0.0,0.0,0.0,0.0,0.0004420866489832,0.0,0.0,0.0,0.0,0.0011715296198054,0.0,0.0012673150604185,0.0004420866489832,0.0004420866489832,0.0004420866489832,0.0,0.48469643383436484,0.0,0.0,0.0004420866489832,0.0,1.008745947539051,0.0,0.0,0.0,0.0026525198938992,0.0,0.0,0.0,0.0,0.0,0.0,0.0,0.0164777750984647,9.578544061302682e-05,0.0,0.0,0.0,0.000191570881226,0.0,0.0,0.0361563723632689,0.0,0.0,0.0363479432444949,0.0,0.0004420866489832,0.0,0.0004420866489832,0.0,0.0,0.0,0.0,0.0,0.0,0.0,0.0476190476190476,0.0,0.0,0.0,0.0,0.0,0.0,0.0,0.0,0.0,0.0005378720895962,1.0004420866489832,0.0,0.0,0.0,0.0,0.0,0.0017683465959328,0.0,0.0039198349543177,0.0004420866489832,0.0151515151515151,0.0,0.0,0.0,9.578544061302682e-05,0.0,0.0,0.0,0.0,0.0006336575302092,103.5749505283988,0.0010757441791924,0.0,0.0,0.0,0.0008252284114353,0.0,0.0,0.0,0.0,0.0006336575302092,0.0005378720895962,0.0008841732979664,0.0,0.0,0.0,0.0,0.0,0.0160356884494815,0.0006336575302092,0.0,0.0006336575302092,0.0,0.0,0.0151515151515151,0.0,0.0,0.0,0.0,0.0,0.0,0.0,0.0,0.0,0.0277777777777777,0.0,0.0,0.0,0.0004420866489832,0.0,0.0,0.0,0.0008841732979664,0.0,0.0013262599469496,0.0,0.0,0.0004420866489832,0.0627705627705627,0.0,0.0277777777777777,3.1236606305571817,0.0,0.0,0.0,0.0,0.0,0.0,0.0,0.0,0.0,0.0,0.0,0.0555555555555555,0.0155936018004983,0.0
PL,0.0,0.0006065196336680352,0.0,0.0,0.0,0.0,0.0,0.0,0.0851726421499929,0.6998270714746876,1.4545962989783892,0.0,0.0,0.0,0.0131209404810276,0.0,0.0,2.497937378002485,0.0,0.0702117907629462,0.0,0.0,0.0,0.0,0.0,0.0,0.0,0.525320338164727,0.0,0.0,0.0,0.0,0.0006395166114135609,0.0,1.2307937497053045,0.0,0.0,0.0,0.0,1.8070519422199318,0.0007824726134585,0.0,0.051411641001758504,0.0,0.9326687345766382,0.014218358105864401,0.0,0.0,0.0,0.0,0.0,0.0004910050847006,1.169494167383844,3.7745768097087216,0.0,0.4535368259184643,0.0,0.0001316309069369,0.0,0.0,0.0069768124229463,0.0191339221848182,0.0,0.0,5.680447741087304,0.0086580086580086,0.1008933168721344,0.0,0.0,0.0,2.3427568690662435,0.0,5.43268755383138,0.0,0.0019688738079532,0.0,0.0,0.0,0.0,0.0,0.0,0.0,0.0,0.0,0.2657168594036263,0.0,0.0,0.0,0.0,0.066176050150604,0.0,2.1728511584920733,0.0002947244326554,0.2665586277317169,0.7537439279821365,0.0,0.1204572981195199,0.0,0.0,0.0002947244326554,0.0,3.254568639089024,0.0,0.0,0.0247217741227706,0.8430485395762233,0.0024454585989541,0.0,0.0,0.0,0.0,0.0,0.0,0.8675976841590051,0.000191570881226,0.0,0.0,0.0,0.0053412558279191,0.0,0.0,0.0002947244326554,0.0,0.0,0.0367016160613223,0.0005867118076073,0.0075098805001404,0.0,0.0017492023606334,0.0,0.0047306081178679,0.0,0.0,0.0,0.0,0.0,0.0,0.0,0.0,0.0,0.0,0.0,0.0,0.0,0.0,0.0,0.0325474181750503,0.0486410129245674,0.0,0.0,0.0,0.0,0.0,0.0012857296306271,0.0,2.962485539060014,0.3850314962300088,0.0,0.0,0.0,0.08390415353672831,0.000191570881226,0.0,0.0081282259702537,0.0,0.0,0.0078147962240854,0.0010757441791924,207.7085141151834,0.0,0.0,0.0,0.2812955679155431,0.0,0.0,9.849305623953512e-05,0.0,0.1494794231661268,0.0484326522943631,0.4261866191674633,0.0,0.0006118921437517,0.0,0.0,0.0,1.0492548013559404,0.0460446873831139,0.0,0.7129220319132334,0.0,0.19468297714608468,0.0,0.0,0.0,0.0,0.0,0.0,0.0,0.0,0.0,0.0,0.0,0.0,0.0,0.0,0.0698606094197636,0.0,0.0,0.0,0.0005894488653109,0.0,0.5993398873301348,0.0,0.0,0.5099534650559953,0.0,0.0822540982623909,0.0002688517552082,41.029882325809034,0.0021505376344086,0.0,0.0,0.0,0.0,0.0,0.0005238328204872,0.0,0.0,0.0,0.0,0.0514052059857773,0.0002947244326554,0.0
PM,0.0,0.0,0.0,0.0,0.0,0.0,0.0,0.0,0.0,0.0,0.0,0.0,0.0,0.0,0.0,0.0,0.0,0.0,0.0,0.0,0.0,0.0,0.0,0.0,0.0,0.0,0.0,0.0,0.0,0.0,0.0,0.0,0.0,0.0,0.0,0.0,0.0,0.0,0.0,0.0,0.0,0.0,0.0,0.0,0.0,0.0,0.0,0.0,0.0,0.0,0.0,0.0,0.0,0.0,0.0,0.0,0.0,0.0,0.0,0.0,0.0,0.0,0.0,0.0,0.0,0.0,0.0,0.0,0.0,0.0,0.0,0.0,0.0,0.0,0.0,0.0,0.0,0.0,0.0,0.0,0.0,0.0,0.0,0.0,0.0,0.0,0.0,0.0,0.0,0.0,0.0,0.0,0.0,0.0,0.0,0.0,0.0,0.0,0.0,0.0,0.0,0.0,0.0,0.0,0.0,0.0,0.0,0.0,0.0,0.0,0.0,0.0,0.0,0.0,0.0,0.0,0.0,0.0,0.0,0.0,0.0,0.0,0.0,0.0,0.0,0.0,0.0,0.0,0.0,0.0,0.0,0.0,0.0,0.0,0.0,0.0,0.0,0.0,0.0,0.0,0.0,0.0,0.0,0.0,0.0,0.0,0.0,0.0,0.0,0.0,0.0,0.0,0.0,0.0,0.0,0.0,0.0,0.0,0.0,0.0,0.0,0.0,0.0,0.0,0.0,0.0,0.0,0.0,0.0,0.0,0.0,0.0,0.0,0.0,0.0,0.0,0.0,0.0,0.0,0.0,0.0,0.0,0.0,0.0,0.0,0.0,0.0,0.0,0.0,0.0,0.0,0.0,0.0,0.0,0.0,0.0,0.0,0.0,0.0,0.0,0.0,0.0,0.0,0.0,0.0,0.0,0.0,0.0,0.0,0.0,0.0,0.0,0.0,0.0,0.0,0.0,0.0,0.0,0.0,0.0,0.0,0.0,0.0,0.0,0.0,0.0,0.0,0.0,0.0,0.0,0.0,0.0,0.0
PN,0.0,0.0,0.0,0.0,0.0,0.0,0.0,0.0,0.0,0.0,0.0,0.0,0.0,0.0,0.0,0.0,0.0,0.0,0.0,0.0,0.0,0.0,0.0,0.0,0.0,0.0,0.0,0.0,0.0,0.0,0.0,0.0,0.0,0.0,0.0,0.0,0.0,0.0,0.0,0.0,0.0,0.0,0.0,0.0,0.0,0.0,0.0,0.0,0.0,0.0,0.0,0.0,0.0,0.0,0.0,0.0,0.0,0.0,0.0,0.0,0.0,0.0,0.0,0.0,0.0,0.0,0.0,0.0,0.0,0.0,0.0,0.0,0.0,0.0,0.0,0.0,0.0,0.0,0.0,0.0,0.0,0.0,0.0,0.0,0.0,0.0,0.0,0.0,0.0,0.0,0.0,0.0,0.0,0.0,0.0,0.0,0.0,0.0,0.0,0.0,0.0,0.0,0.0,0.0,0.0,0.0,0.0,0.0,0.0,0.0,0.0,0.0,0.0,0.0,0.0,0.0,0.0,0.0,0.0,0.0,0.0,0.0,0.0,0.0,0.0,0.0,0.0,0.0,0.0,0.0,0.0,0.0,0.0,0.0,0.0,0.0,0.0,0.0,0.0,0.0,0.0,0.0,0.0,0.0,0.0,0.0,0.0,0.0,0.0,0.0,0.0,0.0,0.0,0.0,0.0,0.0,0.0,0.0,0.0,0.0,0.0,0.0,0.0,0.0,0.0,0.0,0.0,0.0,0.0,0.0,0.0,0.0,0.0,0.0,0.0,0.0,0.0,0.0,0.0,0.0,0.0,0.0,0.0,0.0,0.0,0.0,0.0,0.0,0.0,0.0,0.0,0.0,0.0,0.0,0.0,0.0,0.0,0.0,0.0,0.0,0.0,0.0,0.0,0.0,0.0,0.0,0.0,0.0,0.0,0.0,0.0,0.0,0.0,0.0,0.0,0.0,0.0,0.0,0.0,0.0,0.0,0.0,0.0,0.0,0.0,0.0,0.0,0.0,0.0,0.0,0.0,0.0,0.0
PS,0.0,0.0,0.0,0.0,0.0,0.0,0.0,0.0,0.0,0.0,0.0,0.0,0.0,0.0,0.0,0.0,0.0,0.0,0.0,0.0,0.0,0.0,0.0,0.0,0.0,0.0,0.0,0.0,0.0,0.0,0.0,0.0,0.0,0.0,0.0,0.0,0.0,0.0,0.0,0.0,0.0,0.0,0.0,0.0,0.0,0.0,0.0,0.0,0.0,0.0,0.0,0.0,0.0,0.0,0.0,0.0,0.0,0.0,0.0,0.0,0.0,0.1333333333333333,0.0,0.0,0.0,0.0,0.0,0.0,0.0,0.0,0.0,0.0,0.1333333333333333,0.0,0.0,0.0,0.0,0.0,0.0,0.0,0.0,0.0,0.0,0.0,0.0,0.0,0.0,0.0,0.0,0.0,0.0,0.0,0.0,0.0,0.0,0.0,0.0,0.0,0.0,0.0,0.0,0.0666666666666666,0.0,0.0,0.3333333333333333,0.0,0.0,0.0,0.0,0.0,0.0,0.0,0.0,0.0,0.0,0.0,0.0,0.0,0.0,0.0,0.0,0.0,0.0,0.0,0.0,0.0,0.0,0.0,0.0,0.0,0.0,0.0,0.0,0.0,0.0,0.0,0.0,0.0,0.0,0.0,0.0,0.0,0.0,0.0,0.0,0.0,0.0,0.0,0.0,0.0,0.0,0.0,0.0,0.0,0.0,0.0,0.0,0.0,0.0,0.0,0.0,0.0,0.0,0.0,0.0,0.0,0.0,0.0,0.0,0.0,0.0,1.0,0.0,0.0,0.0,0.0,0.0,0.0,0.0,0.0,0.0,0.0,0.0,0.0,0.0,0.0,0.0,0.0,0.0,0.0,0.3333333333333333,0.0,0.0,0.0,0.0,0.0,0.0,0.0,0.0,0.0,0.0,0.0,0.0,0.0,0.0,0.0,0.0,0.0,0.0,0.0,0.0,0.0,0.0,0.0,0.0,0.0,0.0,0.0,0.0,0.0,0.0,0.0,0.0,0.0,0.0,0.0,0.0,0.0,0.0,0.0,0.0,0.0,0.0
PT,0.0,0.0020058213872256,0.0,0.0,0.0,0.0,0.0,0.0,0.2313209612460991,0.2223768659679446,0.2866648102910015,0.0,0.0,0.0,0.0088047632058114,0.0,0.0040994211780728,3.237937984108079,0.0,0.0943944812409153,0.0,0.0,0.0,0.0,0.0,0.0,0.0,0.31125997951922263,0.0,0.0,0.0,0.0,0.0001003680160588,0.0,0.3177338832877534,0.0,0.001532175689479,0.0,0.0,0.4233535991151804,0.0,0.0,0.1772390377930464,0.0007660878447395,0.6040438312479443,0.029600103938192103,0.0007660878447395,0.0108927675882963,0.0,0.0,0.0,0.0256922810661128,0.1386329243445277,1.0800172061217688,0.0,0.4927798149218875,0.0,0.0009854726896344,0.0007660878447395,0.1,0.5230942327785744,0.0009985189938675,0.0,0.0,7.697086122427587,0.0,0.7108523118933344,0.0,0.0,0.0,1.6588566048483244,0.0,2.7882609183706357,0.0,0.001725122939012,0.0,0.0,0.0007660878447395,0.0,0.0,0.0,0.0,0.0,0.0,0.2891177821425746,0.0007660878447395,0.0,0.0,0.0,0.029633422521287103,0.0,0.1823546737134502,0.0016795379058067,0.4064598881284892,0.5476157944111879,0.0,0.030637069891577197,0.0,0.0,0.0001473622163277,0.0010711984473329,1.8243829521866095,0.0,0.0,0.0143190081041049,0.5412292742092171,0.0050941851997705,0.0007660878447395,0.0,0.0,0.0,0.0,0.0,0.3862966524093907,0.0003831417624521,0.0,0.004326923076923,0.0,0.0205888042553895,0.0,0.0,0.0001473622163277,0.0,0.0,0.041520146294714504,0.0004807692307692,0.0057210217915740005,0.0,0.0022014207742685,0.0,0.0,0.0003807348181991,0.0,0.0,0.0,0.0,0.0,0.0,0.0,0.0,0.0,0.0,0.0,0.0,0.0,0.0,0.1795353399657513,0.080767537272457,0.0,0.0,0.0,0.0,0.0,0.0028877123995295,0.0002438667512071,0.9354255240579163,0.23860216117594,0.001532175689479,0.0,0.0,0.0206163928791602,0.0003831417624521,0.0005120327700972,0.026304658009674298,0.0,0.0,0.013624338583850499,0.0008252284114353,0.2812955679155431,0.0,0.0,0.0,108.32023419670153,0.0,0.0,0.0103939722249581,0.0,0.2771647828599603,0.038779132354049894,0.0748832445187835,0.0,0.0119892892345947,0.0,0.0,0.0007660878447395,1.7306734910646742,0.0276027151260066,0.0,0.0290216438230922,0.0,0.0251256861031666,0.0,0.0,0.0,0.0,0.0,0.0,0.0,0.0,0.0,0.0,0.0,0.0,0.0,0.0,0.05439913752027,0.0,0.0,0.0,0.0002947244326554,0.0,0.261476857727357,0.0,0.0,0.2348686746993081,0.0,0.0109873393533406,0.00076826823798,16.630083808782963,0.0,0.0,0.0,0.0,0.0,0.0,0.0022318708577673003,0.0,0.0,0.0,0.0,0.0156657306193433,0.0001473622163277,0.0
PW,0.0,0.0,0.0,0.0,0.0,0.0,0.0,0.0,0.0,0.0,0.0,0.0,0.0,0.0,0.0,0.0,0.0,0.0,0.0,0.0,0.0,0.0,0.0,0.0,0.0,0.0,0.0,0.0,0.0,0.0,0.0,0.0,0.0,0.0,0.0,0.0,0.0,0.0,0.0,0.0,0.0,0.0,0.0,0.0,0.0,0.0,0.0,0.0,0.0,0.0,0.0,0.0,0.0,0.0,0.0,0.0,0.0,0.0,0.0,0.0,0.0,0.0,0.0,0.0,0.0,0.0,0.0,0.0,0.0,0.0,0.0,0.0,0.0,0.0,0.0,0.0,0.0,0.0,0.0,0.0,0.0,0.0,0.0,0.0,0.0,0.0,0.0,0.0,0.0,0.0,0.0,0.0,0.0,0.0,0.0,0.0,0.0,0.0,0.0,0.0,0.0,0.0,0.0,0.0,0.0,0.0,0.0,0.0,0.0,0.0,0.0,0.0,0.0,0.0,0.0,0.0,0.0,0.0,0.0,0.0,0.0,0.0,0.0,0.0,0.0,0.0,0.0,0.0,0.0,0.0,0.0,0.0,0.0,0.0,0.0,0.0,0.0,0.0,0.0,0.0,0.0,0.0,0.0,0.0,0.0,0.0,0.0,0.0,0.0,0.0,0.0,0.0,0.0,0.0,0.0,0.0,0.0,0.0,0.0,0.0,0.0,0.0,0.0,0.0,0.0,0.0,0.0,0.0,0.0,0.0,0.0,0.0,0.0,0.0,0.0,0.0,0.0,0.0,0.0,0.0,0.0,0.0,0.0,0.0,0.0,0.0,0.0,0.0,0.0,0.0,0.0,0.0,0.0,0.0,0.0,0.0,0.0,0.0,0.0,0.0,0.0,0.0,0.0,0.0,0.0,0.0,0.0,0.0,0.0,0.0,0.0,0.0,0.0,0.0,0.0,0.0,0.0,0.0,0.0,0.0,0.0,0.0,0.0,0.0,0.0,0.0,0.0,0.0,0.0,0.0,0.0,0.0,0.0
PY,0.0,0.0,0.0,0.0,0.0,0.0,0.0,0.0,0.0,0.0,0.0,0.0,0.0,0.0,0.0,0.0,0.0,0.0,0.0,0.0,0.0,0.0,0.0,0.0,0.0,0.0,0.0,0.0,0.0,0.0,0.0,0.0,0.0,0.0,0.0,0.0,0.0,0.0,0.0,0.0,0.0,0.0,0.0,0.0,0.0,0.0,0.0,0.0,0.0,0.0,0.0,0.0,0.0,0.0,0.0,0.0,0.0,0.0,0.0,0.0,0.0,0.0,0.0,0.0,0.0,0.0,0.0,0.0,0.0,0.0,0.0,0.0,0.0,0.0,0.0,0.0,0.0,0.0,0.0,0.0,0.0,0.0,0.0,0.0,0.0,0.0,0.0,0.0,0.0,0.0,0.0,0.0,0.0,0.0,0.0,0.0,0.0,0.0,0.0,0.0,0.0,0.0,0.0,0.0,0.0,0.0,0.0,0.0,0.0,0.0,0.0,0.0,0.0,0.0,0.0,0.0,0.0,0.0,0.0,0.0,0.0,0.0,0.0,0.0,0.0,0.0,0.0,0.0,0.0,0.0,0.0,0.0,0.0,0.0,0.0,0.0,0.0,0.0,0.0,0.0,0.0,0.0,0.0,0.0,0.0,0.0,0.0,0.0,0.0,0.0,0.0,0.0,0.0,0.0,0.0,0.0,0.0,0.0,0.0,0.0,0.0,0.0,0.0,0.0,0.0,0.0,0.0,0.0,0.0,0.0,0.0,0.0,0.0,0.0,0.0,0.0,0.0,0.0,0.0,0.0,0.0,0.0,0.0,0.0,0.0,0.0,0.0,0.0,0.0,0.0,0.0,0.0,0.0,0.0,0.0,0.0,0.0,0.0,0.0,0.0,0.0,0.0,0.0,0.0,0.0,0.0,0.0,0.0,0.0,0.0,0.0,0.0,0.0,0.0,0.0,0.0,0.0,0.0,0.0,0.0,0.0,0.0,0.0,0.0,0.0,0.0,0.0,0.0,0.0,0.0,0.0,0.0,0.0
QA,0.0,0.1429556359133824,0.0,0.0,0.0,0.0,0.0,0.0,0.003431826389572835,0.0,0.0,0.0,0.0,0.0,0.0,0.0,0.0,0.0002954791687186,0.0,0.0,0.0,0.0,0.0,0.0,0.0,0.0,0.0,0.0039242916707705,0.0,0.0,0.0,0.0,0.0,0.0,0.0,0.0,0.0,0.0,0.0,0.0,0.0,0.0,0.0033333333333333,0.0,0.0089320069601759,9.849305623953512e-05,0.0,0.0033333333333333,0.0,0.0,0.0,0.0,0.0,0.0006894513936767,0.0,0.1333333333333333,0.0,0.0,0.0,0.0,0.0,0.0445429375006839,0.0,0.0,0.0076515972290619,0.0,0.0033333333333333,0.0,0.0,0.0,0.0006894513936767,0.0,0.5010834236186349,0.0,0.0,0.0,0.0,0.0,0.0,0.0,0.0,0.0,0.0,0.0,0.0,0.0,0.0,0.0,0.0,0.0,0.0,9.849305623953512e-05,0.0,0.0,0.0,0.0,0.0004924652811976,0.0,0.0,0.0,0.0,0.3006894513936767,0.0,0.0,0.025654048611795,0.0,9.849305623953512e-05,0.0,0.0,0.0,0.0,0.0,0.0,0.0006894513936767,0.4,0.0,0.0,0.0,0.070196986112479,0.0,0.0,0.0,0.0,0.0,0.0,0.0,0.0,0.0,0.0,0.0,0.0,0.0,0.0,0.0,0.0,0.0,0.0,0.0,0.0,0.0,0.0,0.0,0.0,0.0,0.0,0.0,0.0002954791687186,0.3,0.0,0.0,0.0,0.0,0.0,0.0,0.0,0.0,0.0,0.0,0.0,0.0,0.3,0.0,0.0,0.0,0.0,0.0,0.0,0.0,9.849305623953512e-05,0.0,0.0,0.0,0.0103939722249581,0.0,0.0,10.3797002997003,0.0,0.0,0.0066666666666666,0.0,0.0,0.1209906369061298,0.0,0.0,0.0,0.0066666666666666,0.0,0.0,0.0,0.0,0.0,0.0,0.0,0.0,0.0,0.0,0.0,0.0,0.0,0.0,0.0,0.0,0.0,0.0,0.0,0.0003939722249581,0.0,0.0,0.0,0.0,0.0,0.001477395843593,0.0,0.0,0.0004924652811976,0.0,0.0,9.849305623953512e-05,1.9430484226258877,0.0,0.0,0.0,0.0,0.0,0.0,0.0,0.0,0.0,0.0,0.0,0.000196986112479,0.0,0.0
RE,0.0,0.0,0.0,0.0,0.0,0.0,0.0,0.0,0.0,0.0,0.0,0.0,0.0,0.0,0.0,0.0,0.0,0.0,0.0,0.0,0.0,0.0,0.0,0.0,0.0,0.0,0.0,0.0,0.0,0.0,0.0,0.0,0.0,0.0,0.0,0.0,0.0,0.0,0.0,0.0,0.0,0.0,0.0,0.0,0.0,0.0,0.0,0.0,0.0,0.0,0.0,0.0,0.0,0.0,0.0,0.0,0.0,0.0,0.0,0.0,0.0,0.0,0.0,0.0,0.0,0.0,0.0,0.0,0.0,0.0,2.0,0.0,0.0,0.0,0.0,0.0,0.0,0.0,0.0,0.0,0.0,0.0,0.0,0.0,0.0,0.0,0.0,0.0,0.0,0.0,0.0,0.0,0.0,0.0,0.0,0.0,0.0,0.0,0.0,0.0,0.0,0.0,0.0,0.0,0.0,0.0,0.0,0.0,0.0,0.0,0.0,0.0,0.0,0.0,0.0,0.0,0.0,0.0,0.0,0.0,0.0,0.0,0.0,0.0,0.0,0.0,0.0,0.0,0.0,0.0,0.0,0.0,0.0,0.0,0.0,0.0,0.0,0.0,0.0,0.0,0.0,0.0,0.0,0.0,0.0,0.0,0.0,0.0,0.0,0.0,0.0,0.0,0.0,0.0,0.0,0.0,0.0,0.0,0.0,0.0,0.0,0.0,0.0,0.0,0.0,0.0,0.0,0.0,0.0,0.0,0.0,0.0,0.0,0.0,0.0,0.0,2.0,0.0,0.0,0.0,0.0,0.0,0.0,0.0,0.0,0.0,0.0,0.0,0.0,0.0,0.0,0.0,0.0,0.0,0.0,0.0,0.0,0.0,0.0,0.0,0.0,0.0,0.0,0.0,0.0,0.0,0.0,0.0,0.0,0.0,0.0,0.0,0.0,0.0,0.0,0.0,0.0,0.0,0.0,0.0,0.0,0.0,0.0,0.0,0.0,0.0,0.0,0.0,0.0,0.0,0.0,0.0,0.0
RO,0.0,0.0012156364214205,0.0,0.0,0.0,0.0,0.0017050298380221,0.0,0.0698422408219613,0.1281415152182625,0.1383116742406058,0.0,0.0,0.0,0.1266699987023269,0.0,0.0,0.09520499033070781,0.0,0.0354566962834333,0.0,0.0,0.0,0.0,0.0,0.0,0.0,0.1966940655294524,0.0,0.0,0.0,0.0,0.0045977011494252,0.0,0.601292747889353,0.0,0.0,0.0,0.0,0.0841695398449782,0.0,0.0,0.0089074180126063,0.0,0.3257808351581005,0.011910550921879,0.0,0.0010240655401945,0.0,0.0,0.0,0.0,0.1959145892996135,0.30650291486520376,0.0,0.5316775236075237,0.0,4.387696897898293e-05,0.0,0.0,0.1753857186722811,0.0102694025353006,0.0,0.0,2.071800561931162,0.0,0.0496427156785958,0.0,0.0,0.0,0.5593561938639604,0.0,0.2454795070003925,0.0,0.0411374081871696,0.0,0.0,0.0,0.0,0.0,0.0,0.0,0.0,0.0,0.1707653871890198,0.0,0.0,0.0,0.0,0.0588245103937357,0.0,0.2150972019983649,0.0001473622163277,0.0304959629352441,0.14737766614334652,0.0,0.0839905151143424,0.0,0.0,0.0001473622163277,0.0,1.9277626835146182,0.0,0.0,0.0009615384615384,0.2899563481090574,6.324086499486133e-05,0.0,0.0,0.0,0.0,0.0,0.0,0.2288091959364834,0.0097153804050355,0.0,0.0004807692307692,0.0,0.004220710842649401,0.0,0.0,0.0001473622163277,0.0,0.0,0.0119142188389837,0.0004807692307692,0.013555945015197801,0.0,0.0004096229034507,0.0,0.0371799628942486,0.0006734006734006,0.0,0.0,0.0,0.0,0.0,0.0,0.0,0.0,0.0,0.0,0.0,0.0,0.0,0.0,0.0162154344598167,0.0291737582367666,0.0,0.0,0.0,0.0,0.0,0.0005894488653109,0.0,0.062322313802927395,0.0102505718921883,0.0,0.0,0.0,0.0301340391801701,0.000191570881226,0.0010240655401945,0.0066969154104383,0.0,0.0,0.0097954988908397,0.0006336575302092,0.1494794231661268,0.0,0.0,0.0,0.2771647828599603,0.0,0.0,0.0,0.0,39.05563574188217,0.1455990240195991,0.2797432830475461,0.0,0.0006008440463208,0.0,0.0,0.0,0.3880203815266709,0.047922176888041505,0.0,0.0038417768888257997,0.0,0.0119520497181479,0.0,0.0,0.0,0.0,0.0,0.0,0.0,0.0,0.0,0.0,0.0,0.0,0.0,0.0,0.0662638292373845,0.0,0.0,0.0,0.0002947244326554,0.0,0.3819790961374243,0.0,0.0,0.1165747093436561,0.0,0.0179407228035933,8.260476101073972e-05,3.6360679172529826,0.0,0.0,0.0,0.0,0.0,0.0,0.0100946449144836,0.0,0.0,0.0,0.0,0.0230913326554959,0.0001473622163277,0.0
RS,0.0,0.002621699607480827,0.0,0.0,0.0,0.0,0.0,0.0,0.0361885460559917,0.2592017823894438,0.0650069507831164,0.0,0.0,0.0,0.3738600998981329,0.0,0.0,0.0538065965599866,0.0,0.0633077737914858,0.0,0.0,0.0,0.0,0.0,0.0,0.0,0.0764278730473345,0.0,0.0,0.0,0.0,0.0068965517241379,0.0,0.0505059479430632,0.0,0.0,0.0,0.0,0.0135500547778218,0.0,0.0,0.0269807666410167,0.0,0.2869224623532668,0.005011649603008801,0.0,0.009476267383454,0.0,0.0,0.0,0.0074901434372599,0.09423550737847,0.2701868314529699,0.0,0.015676583337659,0.0,0.0,0.0,0.0,0.0336225480718284,0.0004109078087506,0.0,0.0,0.677965819606043,0.0,0.0366894755856173,0.0,0.0,0.0,1.2411064842761064,0.0,0.1283605808960134,0.0,0.015301097140373601,0.0,0.0,0.0,0.0,0.0,0.0,0.0,0.0,0.0,0.2240829771305738,0.0,0.0,0.0,0.0,0.0721386248301085,0.0,0.7915807564154113,0.0001473622163277,0.0417046153002198,0.16651556307811619,0.0,0.24794592553861372,0.0,0.0,0.0001473622163277,0.0,0.34099193125809923,0.0,0.0,0.0066666666666666,0.15968527089069662,2.9045844023817597e-05,0.0,0.0,0.0,0.0,0.0,0.0,0.4951811839973457,9.578544061302682e-05,0.0,0.0,0.0,0.0171171379439714,0.0,0.0,0.0001473622163277,0.0,0.0,0.0277917436269012,0.0,0.033218644308511895,0.0,0.0064640291900385,0.0,0.0363636363636363,0.0007614696363982,0.0,0.0,0.0,0.0,0.0,0.0,0.0,0.0,0.0,0.0,0.0,0.0,0.0,0.0,0.0105437720152502,1.0379794603746386,0.0,0.0,0.0,0.0,0.0,0.0005894488653109,0.0,0.0482641496824886,0.0249466770723179,0.0,0.0,0.0,0.0090167655783623,0.0027893881342157,0.0020481310803891,0.0079133305424304,0.0,0.0,0.0370477510116728,0.0005378720895962,0.0484326522943631,0.0,0.0,0.0,0.038779132354049894,0.0,0.0,0.0066666666666666,0.0,0.1455990240195991,21.03949379615473,0.2732202476719804,0.0,0.011176707817661401,0.0,0.0,0.0,0.0673205350318002,0.0454044888603979,0.0,0.0085344936619654,0.0,0.0139130852459139,0.0,0.0,0.0,0.0,0.0,0.0,0.0,0.0,0.0,0.0,0.0,0.0,0.0,0.0,0.1278109208947533,0.0,0.0,0.0,0.008359240561687601,0.0,0.2494592231761186,0.0,0.0,0.21616551554520708,0.0,0.0350136078790753,5.809168804763519e-05,1.7677324758875592,0.0,0.0,0.0,0.0,0.0,0.0,0.0029761904761904,0.0,0.0,0.0,0.0,0.0129204847330814,0.0001473622163277,0.0
RU,0.0,0.0,0.0,0.0,0.0,0.0,0.0,0.0,0.033620504158714204,1.1507838813790237,0.2964256292572838,0.0,0.0,0.0,0.0163976514957638,0.0,0.0,0.2474538266602272,0.0,0.0496181143042317,0.0,0.0,0.0,0.0,0.0,0.0,0.0,0.3369806710169402,0.0,0.0,0.0,0.0,0.0527546131939251,0.0,0.4726294572713149,0.0,0.0,0.0,0.0,1.0940985832183168,0.0,0.0,0.037038287526115196,0.0,1.2082548335844066,0.0074953287087048005,0.0,0.0005711022272986,0.0,0.0,0.0,0.0,0.35088454231409927,0.8384405942296406,0.0,0.1230380819585453,0.0,4.387696897898293e-05,0.0,0.0,0.0473561216576668,0.000776155362697,0.0,0.0,0.9111326353863798,0.0,0.0357421482339838,0.0,0.0,0.0,2.793369419843251,0.0,0.8199125957956949,0.0,0.256895626451545,0.0,0.0,0.0,0.0,0.0,0.0,0.0,0.0,0.0,0.0767341567782953,0.0,0.0,0.0,0.0,0.0564888177860062,0.0,0.35513005344734166,0.0002947244326554,0.0402709083056315,0.38691383578812566,0.0,1.7226508147392428,0.0,0.0,0.0002947244326554,0.0,1.0325149071522721,0.0,0.0,0.0006491398896462,0.4715014493158382,4.387696897898293e-05,0.0,0.0,0.0,0.0,0.0,0.0,1.0822082628050773,0.0,0.0,1.6666666666666665,0.0,0.0046813979541623,0.0,0.0,0.0002947244326554,0.0,0.0,0.012209639145236699,0.0086864853468269,0.0252840902064638,0.0,0.0042864208339325,0.0,0.38095238095238093,0.0005711022272986,0.0,0.0,0.0,0.0,0.0,0.0,0.0,0.0,0.0,0.0,0.0,0.0,0.0,0.0,0.0185678377418596,0.10962861677451499,0.0,0.0,0.0,0.0,0.0,0.0011788977306218,0.0,0.1554736617866837,0.0454954180573671,0.0,0.0,0.0,0.0305218093195555,0.002020202020202,0.0,0.005635837928233,0.0,0.0,0.042484652650208996,0.0008841732979664,0.4261866191674633,0.0,0.0,0.0,0.0748832445187835,0.0,0.0,0.0,0.0,0.2797432830475461,0.2732202476719804,227.53654652878134,0.0,0.0042324495145024,0.0,0.0,0.0,11.855575341619598,0.0638291011467431,0.0,0.0025566579511498,0.0,0.011752786158568,0.0,0.0,0.0,0.0,0.0,0.0,0.0,0.0,0.0,0.0,0.0,0.0,0.0,0.0,0.1271189407367641,0.0,0.0,0.0,0.004621706929827,0.0,0.5379439297840904,0.0,0.0,0.571890983674574,0.0,1.2561926699983357,4.387696897898293e-05,35.08099678081247,0.0,0.0,0.0,0.0,0.0,0.0,0.021340142656513197,0.0,0.0,0.0,0.0,0.0855299420058357,0.0002947244326554,0.0
RW,0.0,0.0,0.0,0.0,0.0,0.0,0.0,0.0,0.0,0.0,0.0,0.0,0.0,0.0,0.0,0.0,0.0,1.0,0.6666666666666666,0.0,0.0,0.0,0.0,0.0,0.0,0.0,0.0,0.0,0.0,0.0,0.0,0.0,0.0,0.0,0.0,0.0,0.0,0.0,0.0,0.0,0.0,0.0,0.0,0.0,0.0,0.0,0.0,0.0,0.0,0.0,0.0,0.0,0.0,0.0,0.0,0.0,0.0,0.0,0.0,0.0,0.0,0.0,0.0,0.0,0.0,0.0,0.0,0.0,0.0,0.0,0.0,0.0,0.0,0.0,0.0,0.0,0.0,0.0,0.0,0.0,0.0,0.0,0.0,0.0,0.0,0.0,0.0,0.0,0.0,0.0,0.0,0.0,0.0,0.0,0.0,0.0,0.0,0.0,0.0,0.0,0.0,0.0,0.0,0.0,0.0,0.0,0.0,0.0,0.0,0.0,0.0,0.0,0.0,0.0,0.0,0.0,0.0,0.0,0.0,0.0,0.0,0.0,0.0,0.0,0.0,0.0,0.0,0.0,0.0,0.0,0.0,0.0,0.0,0.0,0.0,0.0,0.0,0.0,0.0,0.0,0.0,0.0,0.0,0.0,0.0,0.0,0.0,0.0,0.0,0.0,0.0,0.0,0.0,0.0,0.0,0.0,0.0,0.0,0.0,0.0,0.0,0.0,0.0,0.0,0.0,0.0,0.0,0.0,0.0,0.0,0.0,0.0,0.0,0.0,0.0,0.0,0.0,0.0,0.0,0.0,3.3666666666666663,0.3333333333333333,0.0,0.0,0.0,0.0,0.0,0.0,0.0,0.0,0.0,0.0,0.0,0.0,0.0,0.0,0.0,0.0,0.0,0.0,0.0,0.0,0.0,0.0,0.0,0.0,0.0,0.0,0.0,0.0,0.0,0.0,0.0,0.0,0.0,0.0,0.0,0.0,1.1,0.0,0.0,0.0,0.0,0.0,0.0,0.0,0.0,0.0,0.0,0.0,0.0,0.0,0.0
SA,0.0,0.3406956179154586,0.0,0.0,0.0,0.0,0.0,0.0,0.0048234568251233,0.0015973937047805,0.018546662952816803,0.0,0.0,0.0,0.0,0.0,0.0,0.1708797085577432,0.0,0.0001156604210039,0.0,0.0,0.0,0.0,0.0,0.0,0.0,0.0195790836890952,0.0,0.0,0.0,0.0,0.0,0.0,0.009788753535053499,0.0,0.0,0.0,0.0,0.05291357928016,0.0,0.0,0.0076518426379866,0.0,0.0185251901119654,0.0012682127064404,0.0,0.0033333333333333,0.0,0.0,0.0,0.0,0.0034128832160206,0.2586454966439566,0.0,0.3358638256679875,0.0,0.0,0.0,0.0,0.0009479954717259,6.4325202184357115,0.0,0.0,0.0698069164236367,0.0,0.0083150128491822,0.0,0.0,0.0,0.036330515058780904,0.0,3.072558734625404,0.0,0.0,0.0,0.0,0.0,0.0,0.0,0.0,0.0,0.0,0.0,0.0021402735077093,0.0,0.0,0.0,0.0,0.0005090514516884,0.0,0.0014163359824898999,2.0,0.0009479954717259,0.0044092720392655,0.0,0.013787952452597799,0.0,0.0,0.0,0.0,0.1065501076621345,0.0,0.0,0.6041075200230128,0.0189400066214052,0.000196986112479,0.0,0.0,0.0,0.0,0.0,0.0,0.0041002309078208,0.0,0.0,0.0,0.0,0.2964706865523174,0.0,0.0,0.0,0.0,0.0,0.0051139190425783,0.0,0.002016129032258,0.0,0.0573483656390815,0.0,0.0,0.0,0.0,0.0,0.0,0.0,0.0,0.0,0.0,0.0,0.0,0.0,0.0,0.0,0.0,0.0,0.0008298498806765,1.0,0.0,0.0,0.0,0.0,0.0,0.0,0.0,0.0127563182721293,0.0008503401360544,0.0,0.0,0.0,0.0006095615875941,0.0,0.0,0.002016129032258,0.0,0.0,0.0004777830864787,0.0,0.0006118921437517,0.0,0.0,0.0,0.0119892892345947,0.0,0.0,0.1209906369061298,0.0,0.0006008440463208,0.011176707817661401,0.0042324495145024,0.3333333333333333,53.804272762433015,0.0,0.0,0.0,0.0111493122331015,9.179259463242805e-05,0.0,0.0004777830864787,0.0,0.0007479429949276999,0.0,0.0,0.0,0.0,0.0,0.0,0.0,0.0,0.0,0.0,0.0,0.0,0.0,0.0,0.001265727536395,0.0,0.0,0.0,0.0040322580645161,0.0,0.0716914777446454,0.0,0.0,0.0021988937613602,0.0,0.0,0.000196986112479,4.1658908229846325,0.0,0.0,0.0,0.0,0.0,0.0,0.0,0.0,0.0,0.0,0.0,0.0031341764257723998,0.0,0.0
SB,0.0,0.0,0.0,0.0,0.0,0.0,0.0,0.0,0.0,0.0,0.0,0.0,0.0,0.0,0.0,0.0,0.0,0.0,0.0,0.0,0.0,0.0,0.0,0.0,0.0,0.0,0.0,0.0,0.0,0.0,0.0,0.0,0.0,0.0,0.0,0.0,0.0,0.0,0.0,0.0,0.0,0.0,0.0,0.0,0.0,0.0,0.0,0.0,0.0,0.0,0.0,0.0,0.0,0.0,0.0,0.0,0.0,0.0,0.0,0.0,0.0,0.0,0.0,0.0,0.0,0.0,0.0,0.0,0.0,0.0,0.0,0.0,0.0,0.0,0.0,0.0,0.0,0.0,0.0,0.0,0.0,0.0,0.0,0.0,0.0,0.0,0.0,0.0,0.0,0.0,0.0,0.0,0.0,0.0,0.0,0.0,0.0,0.0,0.0,0.0,0.0,0.0,0.0,0.0,0.0,0.0,0.0,0.0,0.0,0.0,0.0,0.0,0.0,0.0,0.0,0.0,0.0,0.0,0.0,0.0,0.0,0.0,0.0,0.0,0.0,0.0,0.0,0.0,0.0,0.0,0.0,0.0,0.0,0.0,0.0,0.0,0.0,0.0,0.0,0.0,0.0,0.0,0.0,0.0,0.0,0.0,0.0,0.0,0.0,0.0,0.0,0.0,0.0,0.0,0.0,0.0,0.0,0.0,0.0,0.0,0.0,0.0,0.0,0.0,0.0,0.0,0.0,0.0,0.0,0.0,0.0,0.0,0.0,0.0,0.0,0.0,0.0,0.0,0.0,0.0,0.0,0.0,0.0,0.0,0.0,0.0,0.0,0.0,0.0,0.0,0.0,0.0,0.0,0.0,0.0,0.0,0.0,0.0,0.0,0.0,0.0,0.0,0.0,0.0,0.0,0.0,0.0,0.0,0.0,0.0,0.0,0.0,0.0,0.0,0.0,0.0,0.0,0.0,0.0,0.0,0.0,0.0,0.0,0.0,0.0,0.0,0.0,0.0,0.0,0.0,0.0,0.0,0.0
SC,0.0,0.0,0.0,0.0,0.0,0.0,0.0,0.0,0.0,0.0,0.0,0.0,0.0,0.0,0.0,0.0,0.0,0.0,0.0,0.0,0.0,0.0,0.0,0.0,0.0,0.0,0.0,0.0,0.0,0.0,0.0,0.0,0.0,0.0,0.0,0.0,0.0,0.0,0.0,0.0,0.0,0.0,0.0,0.0,0.0,0.0,0.0,0.0,0.0,0.0,0.0,0.0,0.0,0.0,0.0,0.0,0.0,0.0,0.0,0.0,0.0,0.0,0.0,0.0,0.0,0.0,0.0,0.0,0.0,0.0,0.0,0.0,0.1666666666666666,0.0,0.0,0.0,0.0,0.0,0.0,0.0,0.0,0.0,0.0,0.0,0.0,0.0,0.0,0.0,0.0,0.0,0.0,0.0,0.0,0.0,0.0,0.0,0.0,0.0,0.0,0.0,0.0,0.0,0.0,0.0,0.0,0.0,0.0,0.0,0.0,0.0,0.0,0.0,0.0,0.0,0.0,0.0,0.0,0.0,0.0,0.0,0.0,0.0,0.0,0.0,0.0,0.0,0.0,0.0,0.0,0.0,0.0,0.0,0.0,0.0,0.0,0.0,0.0,0.0,0.0,0.0,0.0,0.0,0.0,0.0,0.0,0.0,0.0,0.0,0.0,0.0,0.0,0.0,0.0,0.0,0.0,0.0,0.0,0.0,0.0,0.0,0.0,0.0,0.0,0.0,0.0,0.0,0.0,0.0,0.0,0.0,0.0,0.0,0.0,0.0,0.0,0.0,0.0,0.0,0.0,0.0,0.0,0.0,0.0,0.5,0.0,0.1666666666666666,0.0,0.0,0.0,0.0,0.0,0.0,0.0,0.0,0.0,0.0,0.0,0.0,0.0,0.0,0.0,0.0,0.0,0.0,0.0,0.0,0.0,0.0,0.0,0.0,0.0,0.0,0.0,0.0,0.0,0.0,0.0,0.0,0.1666666666666666,0.0,0.0,0.0,0.0,0.0,0.0,0.0,0.0,0.0,0.0,0.0,0.0,0.0,0.0
SD,0.0,0.0,0.0,0.0,0.0,0.0,0.0,0.0,0.0002553626149131,0.0,0.0,0.0,0.0,0.0,0.0,0.0,0.0002553626149131,0.0002553626149131,0.0,0.0002553626149131,0.0,0.0,0.0,0.0,0.0,0.0,0.0,0.0005107252298263,0.0,0.0,0.0,0.0,0.0,0.0,0.0002553626149131,0.0,0.0005107252298263,0.0,0.0,0.0005107252298263,0.0,0.0,0.0007660878447395,0.0002553626149131,0.0,0.0007660878447395,0.0002553626149131,0.0,0.0,0.0,0.0,0.0,0.0,0.0,0.0,0.0,0.0,0.0002553626149131,0.0002553626149131,0.0,0.0,0.0,0.0,0.0,0.0028089887640449,0.0,0.0,0.0,0.0,0.0,0.0002553626149131,0.0,0.0002553626149131,0.0,0.0,0.0,0.0,0.0002553626149131,0.0,0.0,0.0,0.0,0.0,0.0,0.0002553626149131,0.0002553626149131,0.0,0.0,0.0,0.0,0.0,0.0,0.0005107252298263,0.0,0.0002553626149131,0.0,0.0002553626149131,0.0,0.0,0.0,0.0002553626149131,0.0,0.0,0.0,0.0002553626149131,0.0025536261491317,0.0002553626149131,0.0002553626149131,0.0,0.0,0.0,0.0,0.0,0.0007660878447395,0.0,0.0,0.0,0.0,0.0,0.0,0.0,0.0,0.0,0.0,0.0002553626149131,0.0,0.0002553626149131,0.0,0.0,0.0,0.0,0.0,0.0,0.0,0.0,0.0,0.0,0.0,0.0,0.0,0.0,0.0,0.0,0.0,0.0,0.0,0.0005107252298263,0.0002553626149131,0.0,0.0,0.0,0.0,0.0,0.0007660878447395,0.0,0.0,0.0,0.0005107252298263,0.0,0.0,0.0,0.0,0.0,0.0005107252298263,0.0,0.0,0.0,0.0,0.0,0.0,0.0,0.0,0.0007660878447395,0.0,0.0,0.0,0.0,0.0,0.0,0.0,0.0,0.0,0.0,0.0,4.022471910112359,0.0002553626149131,0.0002553626149131,0.0,0.0,0.0,0.0,0.0,0.0,0.0,0.0,0.0,0.0,0.0,0.0,0.0,0.0,0.0,0.0,0.0,0.0,0.0,0.0,0.0,0.0,0.0,0.0,0.0002553626149131,0.0,0.0,0.0002553626149131,0.0,0.0,0.0,3.0022982635342186,0.0,0.0,0.0,0.0,0.0,0.0,0.0002553626149131,0.0,0.0,0.0,0.0,0.0002553626149131,0.0,0.0
SE,0.0,1.0009493670886076,0.0,0.0,0.0,0.0,0.0017050298380221,0.0,0.0650409022390552,1.2608255099388583,6.151512633322723,0.0,0.0,0.0,0.0074636449680831,0.0005096839959225,0.0154068777664282,4.543181990173615,0.0,0.0043606649337396,0.0,0.0,0.0,0.0,0.0,0.0,0.0,0.3443926801172932,0.0,0.0,0.0,0.0,0.0001003680160588,0.0,3.076541045773803,0.0,0.0156622403813414,0.0,0.0,3.39157289427429,0.0,0.0,0.0577013237673193,0.0002553626149131,0.5892147201872013,0.0384825045890817,0.0002553626149131,0.0066666666666666,0.0,0.0,0.0,0.0,0.414937371993739,10.328521288945927,0.0,17.01208452923546,0.0,0.0002553626149131,0.0002553626149131,0.0,0.7473094945908537,0.0411096726454465,0.0,0.0,4.166181773624773,0.3,7.421797959383008,0.0,0.0,0.0,4.864592026782756,0.0,13.002205462857647,0.0,0.0003476487022624,0.0,0.0,0.0154068777664282,0.0,0.0,0.0,0.0,0.0,0.0,1.2311048397835291,0.0002553626149131,0.0,0.0,0.0,0.0382218861964963,0.0,0.1044213256978897,0.0008054496624818,0.7258150423311462,0.4123827116634138,0.0,36.05406304961738,0.0,0.0,0.0002947244326554,0.4123942325442533,5.369259294726387,0.0,0.0005096839959225,0.0077273684571721,2.20292462996684,0.0007940924548595176,0.0002553626149131,0.0,0.0,0.0,0.0,0.0,0.8325911799827382,0.0,0.0,0.0,0.0,0.0091824079384769,0.0,0.0,0.0002947244326554,0.0,0.0,0.6935904523116585,0.0193487331698713,0.1719336253510764,0.0,0.0021934586098706,0.0,0.0022148394241417,0.0,0.0,0.0666666666666666,0.0,0.0,0.0,0.0,0.0,0.0,0.0,0.0,0.0,0.0,0.0,0.0,0.026566944176599598,0.5240779370980946,0.0,0.0,0.0,0.0,0.0,0.0039837215590515,9.754670048285616e-05,10.303869480807995,16.920106384175345,0.0156622403813414,0.0,0.0,0.0321466556935637,0.0,0.0357142857142857,0.0035316252823417004,0.0,0.0,0.005173410769835201,0.0160356884494815,1.0492548013559404,0.0,0.0,0.0,1.7306734910646742,0.0,0.0,0.0066666666666666,0.0,0.3880203815266709,0.0673205350318002,11.855575341619598,0.0,0.0111493122331015,0.0,0.1666666666666666,0.0002553626149131,799.1998730497743,0.14129400943061798,0.0,0.1079624002305697,0.0,0.0121351245842029,0.0151515151515151,0.0,0.0,0.0,0.0,0.0,0.0,0.0,0.0,0.0,0.0,0.0,0.0,0.0,0.0537917708838614,0.0,0.0,0.0,0.0005894488653109,0.0,0.2277529780349776,0.0,0.0,0.0962076794996443,0.0429292929292928,0.0205949461821743,5.809168804763519e-05,38.637939247554804,0.0021505376344086,0.0,0.0,0.0,0.0,0.0,0.0002553626149131,0.0,0.0,0.0,0.0,0.025122783114724198,0.0154462395841705,0.0
SG,0.0,0.000191570881226,0.0,0.0,0.0,0.0,0.0,0.0,0.0107898028966583,0.0636625451553153,2.5570271991760944,0.0,0.0,0.0,0.0141521842522991,0.0,0.0002553626149131,0.9698421915039177,0.0,0.0021045501981493,0.0,0.0,0.0,0.0,0.0,0.0,0.0,0.1246406607893147,0.0,0.0,0.0,0.0,0.0,0.0,1.7998588868735623,0.0,0.0005107252298263,0.0,0.0,0.8458577802777335,0.0,0.0,0.0227954709535458,0.0002553626149131,4.262968210925669,0.004979637150594201,0.0002553626149131,0.0001903674090995,0.0,0.0,0.0,0.0,0.044551900391893495,1.5035077048536687,0.0,0.0501121522748503,0.0,0.00029923958389208293,0.0002553626149131,0.0,0.0024712896347135,0.10743758157551249,0.0,0.0,1.4035014004582695,0.0,0.0166448763365116,0.0,0.0,0.0,0.5591886588414668,0.0,1.0504562223783394,0.0,0.00044816158636920003,0.0,0.0,0.0002553626149131,0.0,0.0,0.0,0.0,0.0,0.0,0.0810614947692737,0.0002553626149131,0.0,0.0,0.0,0.0098572368743468,0.0,0.031200692845834502,1.0641501509382176,0.0323522908526816,0.1139809756274698,0.0,3.0512365395535332,0.0,0.0,0.0001473622163277,0.0009541746344798,0.48007991580406983,0.0,0.0,0.0008048131643636,5.769761658362806,0.0087830243620881,0.0002553626149131,0.0,0.0,0.0,0.0,0.0,4.651835148254301,0.000191570881226,0.0,0.0,0.0,0.0003831417624521,0.0,0.0,0.0001473622163277,0.0,0.0,0.0037611832413847997,0.0012195121951218,0.0014679659966291999,0.0,0.0013594558436584,0.0,0.0080627033422064,0.0001903674090995,0.0,0.0,0.0,0.0,0.0,0.0,0.0,0.0,0.0,0.0,0.0,0.0,0.0,0.0,0.025880422858274302,1.8052621283875934,0.0,0.0,0.0,0.0,0.0,0.0016760324100664001,9.754670048285616e-05,0.2763066891283388,0.0352444916937806,0.0005107252298263,0.0,0.0,1.0295823567894355,0.000191570881226,0.0,0.0395932132537548,0.0,0.0,0.012029874008349,0.0006336575302092,0.0460446873831139,0.0,0.0,0.0,0.0276027151260066,0.0,0.0,0.0,0.0,0.047922176888041505,0.0454044888603979,0.0638291011467431,0.0,9.179259463242805e-05,0.0,0.0,0.0002553626149131,0.14129400943061798,265.8635979322838,0.0,0.0011698278590943,0.0,0.0010777401535058,0.0,0.0,0.0,0.0,0.0,0.0,0.0,0.0,0.0,0.0,0.0,0.0,0.0,0.0,0.711629092759515,0.0,0.0,0.0,0.0002947244326554,0.0,0.1801658820708053,0.0,0.0,2.904748216471768,0.0,0.0084921612288155,4.387696897898293e-05,30.487353895029898,0.0,0.0,0.0,0.0,0.0,0.0,0.000866079451629483,0.0,0.0,0.0,0.0,0.015492040914263901,0.0001473622163277,0.0
SH,0.0,0.0,0.0,0.0,0.0,0.0,0.0,0.0,0.0,0.0,0.0,0.0,0.0,0.0,0.0,0.0,0.0,0.0,0.0,0.0,0.0,0.0,0.0,0.0,0.0,0.0,0.0,0.0,0.0,0.0,0.0,0.0,0.0,0.0,0.0,0.0,0.0,0.0,0.0,0.0,0.0,0.0,0.0,0.0,0.0,0.0,0.0,0.0,0.0,0.0,0.0,0.0,0.0,0.0,0.0,0.0,0.0,0.0,0.0,0.0,0.0,0.0,0.0,0.0,0.0,0.0,0.0,0.0,0.0,0.0,0.0,0.0,0.0,0.0,0.0,0.0,0.0,0.0,0.0,0.0,0.0,0.0,0.0,0.0,0.0,0.0,0.0,0.0,0.0,0.0,0.0,0.0,0.0,0.0,0.0,0.0,0.0,0.0,0.0,0.0,0.0,0.0,0.0,0.0,0.0,0.0,0.0,0.0,0.0,0.0,0.0,0.0,0.0,0.0,0.0,0.0,0.0,0.0,0.0,0.0,0.0,0.0,0.0,0.0,0.0,0.0,0.0,0.0,0.0,0.0,0.0,0.0,0.0,0.0,0.0,0.0,0.0,0.0,0.0,0.0,0.0,0.0,0.0,0.0,0.0,0.0,0.0,0.0,0.0,0.0,0.0,0.0,0.0,0.0,0.0,0.0,0.0,0.0,0.0,0.0,0.0,0.0,0.0,0.0,0.0,0.0,0.0,0.0,0.0,0.0,0.0,0.0,0.0,0.0,0.0,0.0,0.0,0.0,0.0,0.0,0.0,0.0,0.0,0.0,0.0,0.0,0.0,0.0,0.0,0.0,0.0,0.0,0.0,0.0,0.0,0.0,0.0,0.0,0.0,0.0,0.0,0.0,0.0,0.0,0.0,0.0,0.0,0.0,0.0,0.0,0.0,0.0,0.0,0.0,0.0,0.0,0.0,0.0,0.0,0.0,0.0,0.0,0.0,0.0,0.0,0.0,0.0,0.0,0.0,0.0,0.0,0.0,0.0
SI,0.0,0.0009858096639072,0.0,0.0,0.0,0.0,0.0,0.0,0.014908382068260199,1.3887627528238198,0.0197796019384312,0.0,0.0,0.0,0.0001654025962713784,0.0,0.0,0.4998410035609957,0.0,0.0006178283407315,0.0,0.0,0.0,0.0,0.0,0.0,0.0,0.0200909403936878,0.0,0.0,0.0,0.0,0.0,0.0,0.0571117135470388,0.0,0.0,0.0,0.0,0.09447443752555479,0.0,0.0,0.0028619484503556,0.0,0.0133858086061306,0.0023039560563748998,0.0,0.0,0.0,0.0,0.0,0.1253461405330564,0.32110437644433554,0.2106121318866469,0.0,0.1268692900860262,0.0,0.0,0.0,0.0,0.0056564582442021,0.0003334522246871568,0.0,0.0,0.26363862117546677,0.0,0.0050448120055865,0.0,0.0,0.0,0.23754206104589431,0.0,0.3048159177542247,0.0,7.301935012778386e-05,0.0,0.0,0.0,0.0,0.0,0.0,0.0,0.0,0.0,0.165228934905832,0.0,0.0,0.0,0.0,0.0227929735696112,0.0,0.6913423163356299,0.0001473622163277,0.0216029451806132,0.011693646270796101,0.0,1.0073539827678444,0.0,0.0,0.0001473622163277,0.0,0.2617281707722759,0.0,0.0,0.0095238095238095,0.010164906455924098,9.681948007939197e-06,0.0,0.0,0.0,0.0,0.0,0.0,0.013717185124160598,0.000191570881226,0.0,0.0,0.0,0.0021329467180908,0.0,0.0,0.0001473622163277,0.0,0.0,0.0258410147690298,0.0,0.33412328889007387,0.0,0.0007802736087327,0.0,0.0,0.0,0.0,0.0,0.0,0.0,0.0,0.0,0.0,0.0,0.0,0.0,0.0,0.0,0.0,0.0,0.0019095184922691,0.0020296015160128,0.0,0.0,0.0,0.0,0.0,0.0005894488653109,0.0,0.5388664769669431,0.013940086367854099,0.0,0.0,0.0,0.0005345452437652352,0.000191570881226,0.0,0.002377697151495276,0.0,0.0,0.0031399015003897,0.0006336575302092,0.7129220319132334,0.0,0.0,0.0,0.0290216438230922,0.0,0.0,0.0,0.0,0.0038417768888257997,0.0085344936619654,0.0025566579511498,0.0,0.0004777830864787,0.0,0.0,0.0,0.1079624002305697,0.0011698278590943,0.0,41.91080143050785,0.0,0.0070560335015521,0.0,0.0,0.0,0.0,0.0,0.0,0.0,0.0,0.0,0.0,0.0,0.0,0.0,0.0,0.0050505091154828,0.0,0.0,0.0,0.0002947244326554,0.0,0.013699316027963801,0.0,0.0,0.0052019686790441,0.0,0.0005833016238411392,1.9363896015878397e-05,0.3784984728922811,0.0,0.0,0.0,0.0,0.0,0.0,0.0,0.0,0.0,0.0,0.0,0.0009846849598427999,0.0001473622163277,0.0
SJ,0.0,0.0,0.0,0.0,0.0,0.0,0.0,0.0,0.0,0.0,0.0,0.0,0.0,0.0,0.0,0.0,0.0,0.0,0.0,0.0,0.0,0.0,0.0,0.0,0.0,0.0,0.0,0.0,0.0,0.0,0.0,0.0,0.0,0.0,0.0,0.0,0.0,0.0,0.0,0.0,0.0,0.0,0.0,0.0,0.0,0.0,0.0,0.0,0.0,0.0,0.0,0.0,0.0,0.0,0.0,0.0,0.0,0.0,0.0,0.0,0.0,0.0,0.0,0.0,0.0,0.0,0.0,0.0,0.0,0.0,0.0,0.0,0.0,0.0,0.0,0.0,0.0,0.0,0.0,0.0,0.0,0.0,0.0,0.0,0.0,0.0,0.0,0.0,0.0,0.0,0.0,0.0,0.0,0.0,0.0,0.0,0.0,0.0,0.0,0.0,0.0,0.0,0.0,0.0,0.0,0.0,0.0,0.0,0.0,0.0,0.0,0.0,0.0,0.0,0.0,0.0,0.0,0.0,0.0,0.0,0.0,0.0,0.0,0.0,0.0,0.0,0.0,0.0,0.0,0.0,0.0,0.0,0.0,0.0,0.0,0.0,0.0,0.0,0.0,0.0,0.0,0.0,0.0,0.0,0.0,0.0,0.0,0.0,0.0,0.0,0.0,0.0,0.0,0.0,0.0,0.0,0.0,0.0,0.0,0.0,0.0,0.0,0.0,0.0,0.0,0.0,0.0,0.0,0.0,0.0,0.0,0.0,0.0,0.0,0.0,0.0,0.0,0.0,0.0,0.0,0.0,0.0,0.0,0.0,0.0,0.0,0.0,0.0,0.0,0.0,0.0,0.0,0.0,0.0,0.0,0.0,0.0,0.0,0.0,0.0,0.0,0.0,0.0,0.0,0.0,0.0,0.0,0.0,0.0,0.0,0.0,0.0,0.0,0.0,0.0,0.0,0.0,0.0,0.0,0.0,0.0,0.0,0.0,0.0,0.0,0.0,0.0,0.0,0.0,0.0,0.0,0.0,0.0
SK,0.0,0.0002388915432393,0.0,0.0,0.0,0.0,0.0,0.0,0.0166880716676978,0.6864379196358094,0.0772284644182312,0.0,0.0,0.0,0.0046557928374729,0.0,0.1666666666666666,0.0744917200680695,0.0,0.006094363073608999,0.0,0.0,0.0,0.0,0.0,0.0,0.0,0.0647832809050468,0.0,0.0,0.0,0.0,0.0022988505747126,0.0,0.0624571464765248,0.0,0.0,0.0,0.0,0.0202298247465686,0.0,0.0,0.000842116282084553,0.0,0.0932837398598719,0.0015810416687543,0.0,0.0,0.0,0.0,0.0,0.0001448645516442,0.2836278854777301,1.083767347247403,0.0,0.0552154475149088,0.0,0.0,0.0,0.0,0.0074890601153766,0.0001161833760952,0.0,0.0,0.4122023962730509,0.0,0.0117229880600678,0.0,0.0,0.0,0.44213493752693755,0.0,0.087725834042654,0.0,0.0,0.0,0.0,0.0,0.0,0.0,0.0,0.0,0.0,0.0,0.0199445957364081,0.0,0.0,0.0,0.0,0.021150454907100498,0.0,0.0148606347225567,0.0,0.0074114267242719,0.029831866863438798,0.0,0.018303875239735798,0.0,0.0,0.0,0.0,0.3911480098886544,0.0,0.0,0.33494401168451793,0.0631997729565654,2.9045844023817597e-05,0.0,0.0,0.0,0.0,0.0,0.0,0.0952644860452266,0.0,0.0,0.0,0.0,0.0024430134019066,0.0,0.0,0.0,0.0,0.0,0.037721349706980295,0.0004807692307692,0.005585005006656299,0.0,0.3335955940204563,0.0,0.0,0.0,0.0,0.0,0.0,0.0,0.0,0.0,0.0,0.0,0.0,0.0,0.0,0.0,0.0,0.0,0.0095216810340596,0.0013041377908481,0.0,0.0,0.0,0.0,0.0,0.0,0.0,0.2763506774768044,0.0177072195401872,0.0,0.0,0.0,0.029455573800805,0.0,0.0,0.0035650623885918,0.0,0.0,0.0024055435008937002,0.0,0.19468297714608468,0.0,0.0,0.3333333333333333,0.0251256861031666,0.0,0.0,0.0,0.0,0.0119520497181479,0.0139130852459139,0.011752786158568,0.0,0.0007479429949276999,0.0,0.0,0.0,0.0121351245842029,0.0010777401535058,0.0,0.0070560335015521,0.0,18.769029786097786,0.0,0.0,0.0,0.0,0.0,0.0,0.0,0.0,0.0,0.0,0.0,0.0,0.0,0.0,0.0106015371637708,0.0,0.0,0.0,0.0,0.0,0.1593075384727762,0.0,0.0,0.052990189826510395,0.0,0.0063235063028345,0.1667247583547143,3.9862241066532116,0.0,0.0,0.0,0.0,0.0,0.0,0.0009615384615384,0.0,0.0,0.0,0.0,0.0048780428505625,0.0,0.0
SL,0.0,0.0,0.0,0.0,0.0,0.0,0.0,0.0,0.0,0.0,0.0,0.0,0.0,0.0,0.0,0.0,0.0151515151515151,0.0,0.0,0.0,0.0,0.0,0.0,0.0,0.0,0.0,0.0,0.0,0.0,0.0,0.0,0.0,0.0,0.0,0.0,0.0,0.0151515151515151,0.0,0.0,0.0,0.0,0.0,0.0,0.0,0.0,0.0,0.0,0.0,0.0,0.0,0.0,0.0,0.0,0.0,0.0,0.0,0.0,0.0,0.0,0.0,0.0,0.0,0.0,0.0,0.0,0.0,0.0,0.0,0.0,0.0,0.0,0.0,0.0151515151515151,0.0,0.0,0.0,0.0,0.0151515151515151,0.0,0.0,0.0,0.0,0.0,0.0,0.0,0.0,0.0,0.0,0.0,0.0,0.0,0.0,0.0,0.0,0.0,0.0,0.0,0.0,0.0,0.0,0.0,0.0,0.0,0.0,0.0,0.0,0.0,0.0,0.0,0.0,0.0,0.0,0.0,0.0151515151515151,0.0,0.0,0.0,0.0,0.0,0.0,0.0,0.0,0.0,0.0,0.0,0.0,0.0,0.0,0.0,0.0,0.0,0.0,0.0,0.0,0.0,0.0,0.0,0.0,0.0,0.0,0.0,0.0,0.0,0.0,0.0,0.0,0.0,0.0,0.0,0.0,0.0,0.0,0.0,0.0,0.0,0.0,0.0,0.0151515151515151,0.0,0.0,0.0,0.0,0.0,0.0,0.0,0.0,0.0,0.0151515151515151,0.0,0.0,0.0,0.0,0.0,0.0,0.0,0.0,0.0,0.0,0.0,0.0,0.0,0.0,0.0,0.0,0.0,0.0151515151515151,0.0,0.0,0.0,0.0,0.0,0.5666666666666667,0.0,0.0,0.0,0.0,0.0,0.0,0.0,0.0,0.0,0.0,0.0,0.0,0.0,0.0,0.0,0.0,0.0,0.0,0.0,0.0,0.0,0.0,0.0,0.0151515151515151,0.0,0.0,0.4151515151515151,0.0,0.0,0.0,0.0,0.0,0.0,0.0,0.0,0.0,0.0,0.0,0.0,0.0151515151515151,0.0
SM,0.0,0.0,0.0,0.0,0.0,0.0,0.0,0.0,0.0,0.0,0.0,0.0,0.0,0.0,0.0,0.0,0.0,0.0,0.0,0.0,0.0,0.0,0.0,0.0,0.0,0.0,0.0,0.0,0.0,0.0,0.0,0.0,0.0,0.0,0.0,0.0,0.0,0.0,0.0,0.0,0.0,0.0,0.0,0.0,0.0,0.0,0.0,0.0,0.0,0.0,0.0,0.0,0.0,0.0,0.0,0.0,0.0,0.0,0.0,0.0,0.0,0.0,0.0,0.0,0.0,0.0,0.0,0.0,0.0,0.0,0.0,0.0,0.0,0.0,0.0,0.0,0.0,0.0,0.0,0.0,0.0,0.0,0.0,0.0,0.0,0.0,0.0,0.0,0.0,0.0,0.0,0.0,0.0,0.0,0.0,0.0,0.0,0.0,0.0,0.0,0.0,0.0,0.0,0.0,0.0,0.0,0.0,0.0,0.0,0.0,0.0,0.0,0.0,0.0,0.0,0.0,0.0,0.0,0.0,0.0,0.0,0.0,0.0,0.0,0.0,0.0,0.0,0.0,0.0,0.0,0.0,0.0,0.0,0.0,0.0,0.0,0.0,0.0,0.0,0.0,0.0,0.0,0.0,0.0,0.0,0.0,0.0,0.0,0.0,0.0,0.0,0.0,0.0,0.0,0.0,0.0,0.0,0.0,0.0,0.0,0.0,0.0,0.0,0.0,0.0,0.0,0.0,0.0,0.0,0.0,0.0,0.0,0.0,0.0,0.0,0.0,0.0,0.0,0.0,0.0,0.0,0.0,0.0,0.0,0.0,0.0,0.0,0.0,0.0,0.0,0.0,0.0,0.0,0.0,0.0,0.0,0.0,0.0,0.0,0.0,0.0,0.0,0.0,0.0,0.0,0.0,0.0,0.0,0.0,0.0,0.0,0.0,0.0,0.0,0.0,0.0,0.0,0.0,0.0,0.0,0.0,0.0,0.0,0.0,0.0,0.0,0.0,0.0,0.0,0.0,0.0,0.0,0.0
SN,0.0,0.0666666666666666,0.0,0.0,0.0,0.0,0.0,0.0,0.0,0.0,0.0,0.0,0.0,0.0,0.0,0.0,0.0,0.0,0.0666666666666666,0.0,0.0,0.0,0.0,0.0,0.0,0.0,0.0,0.0,0.0,0.0,0.0,0.0,0.0,0.0,0.0,0.0,0.4666666666666666,0.0,0.0,0.0666666666666666,1.2333333333333334,0.0,0.0,0.0,0.0666666666666666,0.0,0.0,0.0,0.0,0.0,0.0,0.0,0.0,0.0,0.0,0.0,0.0,0.0,0.0,0.0,0.0,0.0,0.0,0.0,0.0,0.0,0.0,0.0,0.0,0.0,0.0666666666666666,0.0,0.0666666666666666,0.0,0.0,0.0,0.0,0.0,0.0,0.0,0.0,0.0,0.0,0.0,0.0,0.0,0.0,0.0,0.0,0.0,0.0,0.0,0.0,0.0,0.0,0.0,0.0,0.0,0.0,0.0666666666666666,0.0,0.0,0.0,0.0,0.0,0.0,0.0,0.0,0.0,0.0,0.0,0.0,0.0,0.0,0.0,0.0,0.0,0.0,0.0,0.0,0.0,0.0,0.0,0.0,0.0,0.0,0.0,0.0,0.0,0.0,0.0,0.0,0.0,0.0,0.0,0.0,0.0,0.0,0.0,0.0,0.0,0.0,0.0,0.0,0.0,0.0,0.0,0.0,0.0,0.0,0.0,0.0,0.0,0.0,0.0,0.0,0.0,0.0,0.0,0.0,0.0,0.0,0.0,0.0,0.0,0.0,0.0,0.0,0.0,0.0,0.0,0.0,0.0,0.0,0.0,0.0,0.0,0.0,0.0,0.0,0.0,0.0,0.0,0.0,0.0,0.0,0.0,0.0,0.0,0.0,0.0,0.0,0.0,4.166666666666667,0.0,0.0,0.0,0.0,0.0,0.0,0.0,0.0,0.0,0.0,0.0666666666666666,0.0,0.0,0.0,0.0,0.0,0.0,0.0,0.0,0.0,0.0,0.0,0.0,0.0,1.7333333333333334,0.0,0.0,0.0,0.0,0.0,0.0,0.0,0.0,0.0,0.0,0.0,0.2,0.0,0.0
SO,0.0,0.0,0.0,0.0,0.0,0.0,0.0,0.0,0.0,0.0,0.0,0.0,0.0,0.0,0.0,0.0,0.0,0.0,0.0,0.0,0.0,0.0,0.0,0.0,0.0,0.0,0.0,0.0,0.0,0.0,0.0,0.0,0.0,0.0,0.0,0.0,0.0,0.0,0.0,0.0,0.0,0.0,0.0,0.0,0.0,0.0,0.0,0.0,0.0,0.0,0.0,0.0,0.0,0.0,0.0,0.0,0.0,0.0,0.0,0.0,0.0,0.0,0.0,0.0,0.0,0.0,0.0,0.0,0.0,0.0,0.0,0.0,0.0,0.0,0.0,0.0,0.0,0.0,0.0,0.0,0.0,0.0,0.0,0.0,0.0,0.0,0.0,0.0,0.0,0.0,0.0,0.0,0.0,0.0,0.0,0.0,0.0,0.0,0.0,0.0,0.0,0.0,0.0,0.0,0.0,0.0,0.0,0.0,0.0,0.0,0.0,0.0,0.0,0.0,0.0,0.0,0.0,0.0,0.0,0.0,0.0,0.0,0.0,0.0,0.0,0.0,0.0,0.0,0.0,0.0,0.0,0.0,0.0,0.0,0.0,0.0,0.0,0.0,0.0,0.0,0.0,0.0,0.0,0.0,0.0,0.0,0.0,0.0,0.0,0.0,0.0,0.0,0.0,0.0,0.0,0.0,0.0,0.0,0.0,0.0,0.0,0.0,0.0,0.0,0.0,0.0,0.0,0.0,0.0,0.0,0.0,0.0,0.0,0.0,0.0,0.0,0.0,0.0,0.0,0.0,0.0,0.0,0.0,0.0,0.0,0.0,0.0,0.0,0.0,0.0,0.0,0.0,0.0,0.0,0.0,0.0,0.0,0.0,0.0,0.0,0.0,0.0,0.0,0.0,0.0,0.0,0.0,0.0,0.0,0.0,0.0,0.0,0.0,0.0,0.0,0.0,0.0,0.0,0.0,0.0,0.0,0.0,0.0,0.0,0.0,0.0,0.0,0.0,0.0,0.0,0.0,0.0,0.0
SR,0.0,0.0,0.0,0.0,0.0,0.0,0.0,0.0,0.0,0.0,0.0,0.0,0.0,0.0,0.0,0.0,0.0,0.0,0.0,0.0,0.0,0.0,0.0,0.0,0.0,0.0,0.0,0.0,0.0,0.0,0.0,0.0,0.0,0.0,0.0,0.0,0.0,0.0,0.0,0.0,0.0,0.0,0.0,0.0,0.0,0.0,0.0,0.0,0.0,0.0,0.0,0.0,0.0,0.0,0.0,0.0,0.0,0.0,0.0,0.0,0.0,0.0,0.0,0.0,0.0,0.0,0.0,0.0,0.0,0.0,0.0,0.0,0.0,0.0,0.0,0.0,0.0,0.0,0.0,0.0,0.0,0.0,0.0,0.0,0.0,0.0,0.0,0.0,0.0,0.0,0.0,0.0,0.0,0.0,0.0,0.0,0.0,0.0,0.0,0.0,0.0,0.0,0.0,0.0,0.0,0.0,0.0,0.0,0.0,0.0,0.0,0.0,0.0,0.0,0.0,0.0,0.0,0.0,0.0,0.0,0.0,0.0,0.0,0.0,0.0,0.0,0.0,0.0,0.0,0.0,0.0,0.0,0.0,0.0,0.0,0.0,0.0,0.0,0.0,0.0,0.0,0.0,0.0,0.0,0.0,0.0,0.0,0.0,0.0,0.0,0.0,0.0,0.0,0.0,0.0,0.0,0.0,0.0,0.0,0.0,0.0,0.0,0.0,0.0,0.0,0.0,0.0,0.0,0.0,0.0,0.0,0.0,0.0,0.0,0.0,0.0,0.0,0.0,0.0,0.0,0.0,0.0,0.0,0.0,0.0,0.0,0.0,0.0,0.0,0.0,0.0,0.0,0.0,0.0,0.0,0.0,0.0,0.0,0.0,0.0,0.0,0.0,0.0,0.0,0.0,0.0,0.0,0.0,0.0,0.0,0.0,0.0,0.0,0.0,0.0,0.0,0.0,0.0,0.0,0.0,0.0,0.0,0.0,0.0,0.0,0.0,0.0,0.0,0.0,0.0,0.0,0.0,0.0
SS,0.0,0.0,0.0,0.0,0.0,0.0,0.0,0.0,0.0,0.0,0.0,0.0,0.0,0.0,0.0,0.0,0.0,0.0,0.0,0.0,0.0,0.0,0.0,0.0,0.0,0.0,0.0,0.0,0.0,0.0,0.0,0.0,0.0,0.0,0.0,0.0,0.0,0.0,0.0,0.0,0.0,0.0,0.0,0.0,0.0,0.0,0.0,0.0,0.0,0.0,0.0,0.0,0.0,0.0,0.0,0.0,0.0,0.0,0.0,0.0,0.0,0.0,0.0,0.0,0.0,0.0,0.0,0.0,0.0,0.0,0.0,0.0,0.0,0.0,0.0,0.0,0.0,0.0,0.0,0.0,0.0,0.0,0.0,0.0,0.0,0.0,0.0,0.0,0.0,0.0,0.0,0.0,0.0,0.0,0.0,0.0,0.0,0.0,0.0,0.0,0.0,0.0,0.0,0.0,0.0,0.0,0.0,0.0,0.0,0.0,0.0,0.0,0.0,0.0,0.0,0.0,0.0,0.0,0.0,0.0,0.0,0.0,0.0,0.0,0.0,0.0,0.0,0.0,0.0,0.0,0.0,0.0,0.0,0.0,0.0,0.0,0.0,0.0,0.0,0.0,0.0,0.0,0.0,0.0,0.0,0.0,0.0,0.0,0.0,0.0,0.0,0.0,0.0,0.0,0.0,0.0,0.0,0.0,0.0,0.0,0.0,0.0,0.0,0.0,0.0,0.0,0.0,0.0,0.0,0.0,0.0,0.0,0.0,0.0,0.0,0.0,0.0,0.0,0.0,0.0,0.0,0.0,0.0,0.0,0.0,0.0,0.0,0.0,0.0,0.0,0.0,0.0,0.0,0.0,0.0,0.0,0.0,0.0,0.0,0.0,0.0,0.0,0.0,0.0,0.0,0.0,0.0,0.0,0.0,0.0,0.0,0.0,0.0,0.0,0.0,0.0,0.0,0.0,0.0,0.0,0.0,0.0,0.0,0.0,0.0,0.0,0.0,0.0,0.0,0.0,0.0,0.0,0.0
ST,0.0,0.0,0.0,0.0,0.0,0.0,0.0,0.0,0.0,0.0,0.0,0.0,0.0,0.0,0.0,0.0,0.0,0.0,0.0,0.0,0.0,0.0,0.0,0.0,0.0,0.0,0.0,0.0,0.0,0.0,0.0,0.0,0.0,0.0,0.0,0.0,0.0,0.0,0.0,0.0,0.0,0.0,0.0,0.0,0.0,0.0,0.0,0.0,0.0,0.0,0.0,0.0,0.0,0.0,0.0,0.0,0.0,0.0,0.0,0.0,0.0,0.0,0.0,0.0,0.0,0.0,0.0,0.0,0.0,0.0,0.0,0.0,0.0,0.0,0.0,0.0,0.0,0.0,0.0,0.0,0.0,0.0,0.0,0.0,0.0,0.0,0.0,0.0,0.0,0.0,0.0,0.0,0.0,0.0,0.0,0.0,0.0,0.0,0.0,0.0,0.0,0.0,0.0,0.0,0.0,0.0,0.0,0.0,0.0,0.0,0.0,0.0,0.0,0.0,0.0,0.0,0.0,0.0,0.0,0.0,0.0,0.0,0.0,0.0,0.0,0.0,0.0,0.0,0.0,0.0,0.0,0.0,0.0,0.0,0.0,0.0,0.0,0.0,0.0,0.0,0.0,0.0,0.0,0.0,0.0,0.0,0.0,0.0,0.0,0.0,0.0,0.0,0.0,0.0,0.0,0.0,0.0,0.0,0.0,0.0,0.0,0.0,0.0,0.0,0.0,0.0,0.0,0.0,0.0,0.0,0.0,0.0,0.0,0.0,0.0,0.0,0.0,0.0,0.0,0.0,0.0,0.0,0.0,0.0,0.0,0.0,0.0,0.0,0.0,0.0,0.0,0.0,0.0,0.0,0.0,0.0,0.0,0.0,0.0,0.0,0.0,0.0,0.0,0.0,0.0,0.0,0.0,0.0,0.0,0.0,0.0,0.0,0.0,0.0,0.0,0.0,0.0,0.0,0.0,0.0,0.0,0.0,0.0,0.0,0.0,0.0,0.0,0.0,0.0,0.0,0.0,0.0,0.0
SV,0.0,0.0,0.0,0.0,0.0,0.0,0.0,0.0,0.0,0.0,0.0,0.0,0.0,0.0,0.0,0.0,0.0,0.0,0.0,0.0,0.0,0.0,0.0,0.0,0.0,0.0,0.0,0.0,0.0,0.0,0.0,0.0,0.0,0.0,0.0,0.0,0.0,0.0,0.0,0.0,0.0,0.0,0.0,0.0,0.0,0.0,0.0,0.0,0.0,0.0,0.0,0.0,0.0,0.0,0.0,0.0,0.0,0.0,0.0,0.0,0.0,0.0,0.0,0.0,0.0,0.0,0.0,0.0,0.0,0.0,0.0,0.0,0.0,0.0,0.0,0.0,0.0,0.0,0.0,0.0,0.0,0.0,0.0,0.0,0.0,0.0,0.0,0.0,0.0,0.0,0.0,0.0,0.0,0.0,0.0,0.0,0.0,0.0,0.0,0.0,0.0,0.0,0.0,0.0,0.0,0.0,0.0,0.0,0.0,0.0,0.0,0.0,0.0,0.0,0.0,0.0,0.0,0.0,0.0,0.0,0.0,0.0,0.0,0.0,0.0,0.0,0.0,0.0,0.0,0.0,0.0,0.0,0.0,0.0,0.0,0.0,0.0,0.0,0.0,0.0,0.0,0.0,0.0,0.0,0.0,0.0,0.0,0.0,0.0,0.0,0.0,0.0,0.0,0.0,0.0,0.0,0.0,0.0,0.0,0.0,0.0,0.0,0.0,0.0,0.0,0.0,0.0,0.0,0.0,0.0,0.0,0.0,0.0,0.0,0.0,0.0,0.0,0.0,0.0,0.0,0.0,0.0,0.0,0.0,0.0,0.0,0.0,0.0,0.0,0.0,0.0,0.0,0.0,0.0,0.0,0.0,0.0,0.0,0.5,0.0,0.0,0.0,0.0,0.0,0.0,0.0,0.0,0.0,0.0,0.0,0.0,0.0,0.0,0.0,0.0,0.0,0.0,0.0,0.5,0.0,0.0,0.0,0.0,0.0,0.0,0.0,0.0,0.0,0.0,0.0,0.0,0.0,0.0
SX,0.0,0.0,0.0,0.0,0.0,0.0,0.0,0.0,0.0,0.0,0.0,0.0,0.0,0.0,0.0,0.0,0.0,0.0,0.0,0.0,0.0,0.0,0.0,0.0,0.0,0.0,0.0,0.0,0.0,0.0,0.0,0.0,0.0,0.0,0.0,0.0,0.0,0.0,0.0,0.0,0.0,0.0,0.0,0.0,0.0,0.0,0.0,0.0,0.0,0.0,0.0,0.0,0.0,0.0,0.0,0.0,0.0,0.0,0.0,0.0,0.0,0.0,0.0,0.0,0.0,0.0,0.0,0.0,0.0,0.0,0.0,0.0,0.0,0.0,0.0,0.0,0.0,0.0,0.0,0.0,0.0,0.0,0.0,0.0,0.0,0.0,0.0,0.0,0.0,0.0,0.0,0.0,0.0,0.0,0.0,0.0,0.0,0.0,0.0,0.0,0.0,0.0,0.0,0.0,0.0,0.0,0.0,0.0,0.0,0.0,0.0,0.0,0.0,0.0,0.0,0.0,0.0,0.0,0.0,0.0,0.0,0.0,0.0,0.0,0.0,0.0,0.0,0.0,0.0,0.0,0.0,0.0,0.0,0.0,0.0,0.0,0.0,0.0,0.0,0.0,0.0,0.0,0.0,0.0,0.0,0.0,0.0,0.0,0.0,0.0,0.0,0.0,0.0,0.0,0.0,0.0,0.0,0.0,0.0,0.0,0.0,0.0,0.0,0.0,0.0,0.0,0.0,0.0,0.0,0.0,0.0,0.0,0.0,0.0,0.0,0.0,0.0,0.0,0.0,0.0,0.0,0.0,0.0,0.0,0.0,0.0,0.0,0.0,0.0,0.0,0.0,0.0,0.0,0.0,0.0,0.0,0.0,0.0,0.0,0.0,0.0,0.0,0.0,0.0,0.0,0.0,0.0,0.0,0.0,0.0,0.0,0.0,0.0,0.0,0.0,0.0,0.0,0.0,0.0,0.0,0.0,0.0,0.0,0.0,0.0,0.0,0.0,0.0,0.0,0.0,0.0,0.0,0.0
SY,0.0,0.0,0.0,0.0,0.0,0.0,0.0,0.0,0.0,0.0,0.0,0.0,0.0,0.0,0.0,0.0,0.0,0.0,0.0,0.0,0.0,0.0,0.0,0.0,0.0,0.0,0.0,0.0,0.0,0.0,0.0,0.0,0.0,0.0,0.0,0.0,0.0,0.0,0.0,0.0,0.0,0.0,0.0,0.0,0.0,0.0,0.0,0.0,0.0,0.0,0.0,0.0,0.0,0.0,0.0,0.0,0.0,0.0,0.0,0.0,0.0,0.0,0.0,0.0,0.0,0.0,0.0,0.0,0.0,0.0,0.0,0.0,0.0,0.0,0.0,0.0,0.0,0.0,0.0,0.0,0.0,0.0,0.0,0.0,0.0,0.0,0.0,0.0,0.0,0.0,0.0,0.0,0.0,0.0,0.0,0.0,0.0,0.0,0.0,0.0,0.0,0.0,0.0,0.0,0.0,0.0,0.0,0.0,0.0,0.0,0.0,0.0,0.0,0.0,0.0,0.0,0.0,0.0,0.0,0.0,0.0,0.0,0.0,0.0,0.0,0.0,0.0,0.0,0.0,0.0,0.0,0.0,0.0,0.0,0.0,0.0,0.0,0.0,0.0,0.0,0.0,0.0,0.0,0.0,0.0,0.0,0.0,0.0,0.0,0.0,0.0,0.0,0.0,0.0,0.0,0.0,0.0,0.0,0.0,0.0,0.0,0.0,0.0,0.0,0.0,0.0,0.0,0.0,0.0,0.0,0.0,0.0,0.0,0.0,0.0,0.0,0.0,0.0,0.0,0.0,0.0,0.0,0.0,0.0,0.0,0.0,0.0,0.0,0.0,0.0,0.0,0.0,0.0,0.0,0.0,0.0,0.0,0.0,0.0,0.0,10.0,0.0,0.0,0.0,0.0,0.0,0.0,0.0,0.0,0.0,0.0,0.0,0.0,0.0,0.0,0.0,0.0,0.0,0.0,0.0,0.0,0.0,0.0,0.0,0.0,0.0,0.0,0.0,0.0,0.0,0.0,0.0,0.0
SZ,0.0,0.0,0.0,0.0,0.0,0.0,0.0,0.0,0.0,0.0,0.0,0.0,0.0,0.0,0.0,0.0,0.0,0.0,0.0,0.0,0.0,0.0,0.0,0.0,0.0,0.0,0.0,0.0,0.0,0.0,0.0,0.0,0.0,0.0,0.0,0.0,0.0,0.0,0.0,0.0277777777777777,0.0,0.0,0.0,0.0,0.0,0.0,0.0,0.0,0.0,0.0,0.0,0.0,0.0,0.0,0.0,0.0,0.0,0.0,0.0,0.0,0.0,0.0,0.0,0.0,0.0,0.0,0.0,0.0,0.0,0.0,0.0277777777777777,0.0,0.0,0.0,0.0,0.0,0.0,0.0,0.0,0.0,0.0,0.0,0.0,0.0,0.0,0.0,0.0,0.0,0.0,0.0,0.0,0.0,0.0,0.0,0.0,0.0,0.0,0.0,0.0,0.0,0.0,0.0,0.0,0.0,0.0,0.0,0.0,0.0,0.0,0.0,0.0,0.0,0.0,0.0,0.0,0.0,0.0,0.0,0.0,0.0,0.0,0.0,0.0,0.0,0.0,0.0,0.0,0.0,0.0,0.0,0.0,0.0,0.0,0.0,0.0,0.0,0.0,0.0,0.0,0.0,0.0,0.0,0.0,0.0,0.0,0.0,0.0,0.0,0.0,0.0,0.0,0.0,0.0,0.0,0.0,0.0,0.0,0.0,0.0,0.0,0.0,0.0,0.0,0.0,0.0,0.0,0.0,0.0277777777777777,0.0,0.0,0.0,0.0,0.0,0.0,0.0,0.0,0.0,0.0,0.0,0.0,0.0,0.0,0.0,0.0,0.0,0.0,0.0,0.0,0.0,0.0,0.0,0.0,0.0,0.0,0.0,0.0,0.0,0.0,0.0,0.0,0.0,0.6222222222222223,0.0,0.0,0.0,0.0,0.0,0.0,0.0,0.0,0.0,0.0,0.0,0.0,0.0,0.0,0.0,0.0277777777777777,0.4555555555555556,0.0,0.0,0.0,0.0,0.0,0.0,0.0,0.0,0.0,0.0,0.0,0.0555555555555555,0.0,0.0
TC,0.0,0.0,0.0,0.0,0.0,0.0,0.0,0.0,0.0,0.0,0.0,0.0,0.0,0.0,0.0,0.0,0.0,0.0,0.0,0.0,0.0,0.0,0.0,0.0,0.0,0.0,0.0,0.0,0.0,0.0,0.0,0.0,0.0,0.0,0.0,0.0,0.0,0.0,0.0,0.0,0.0,0.0,0.0,0.0,0.0,0.0,0.0,0.0,0.0,0.0,0.0,0.0,0.0,0.0,0.0,0.0,0.0,0.0,0.0,0.0,0.0,0.0,0.0,0.0,0.0,0.0,0.0,0.0,0.0,0.0,0.0,0.0,0.0,0.0,0.0,0.0,0.0,0.0,0.0,0.0,0.0,0.0,0.0,0.0,0.0,0.0,0.0,0.0,0.0,0.0,0.0,0.0,0.0,0.0,0.0,0.0,0.0,0.0,0.0,0.0,0.0,0.0,0.0,0.0,0.0,0.0,0.0,0.0,0.0,0.0,0.0,0.0,0.0,0.0,0.0,0.0,0.0,0.0,0.0,0.0,0.0,0.0,0.0,0.0,0.0,0.0,0.0,0.0,0.0,0.0,0.0,0.0,0.0,0.0,0.0,0.0,0.0,0.0,0.0,0.0,0.0,0.0,0.0,0.0,0.0,0.0,0.0,0.0,0.0,0.0,0.0,0.0,0.0,0.0,0.0,0.0,0.0,0.0,0.0,0.0,0.0,0.0,0.0,0.0,0.0,0.0,0.0,0.0,0.0,0.0,0.0,0.0,0.0,0.0,0.0,0.0,0.0,0.0,0.0,0.0,0.0,0.0,0.0,0.0,0.0,0.0,0.0,0.0,0.0,0.0,0.0,0.0,0.0,0.0,0.0,0.0,0.0,0.0,0.0,0.0,0.0,0.0,0.0,0.0,0.0,0.0,0.0,0.0,0.0,0.0,0.0,0.0,0.0,0.0,0.0,0.0,0.0,0.0,0.0,0.0,0.0,0.0,0.0,0.0,0.0,0.0,0.0,0.0,0.0,0.0,0.0,0.0,0.0
TD,0.0,0.0,0.0,0.0,0.0,0.0,0.0,0.0,0.0,0.0,0.0,0.0,0.0,0.0,0.0,0.0,0.0,0.0,0.0,0.0,0.0,0.0,0.0,0.0,0.0,0.0,0.0,0.0,0.0,0.0,0.0,0.0,0.0,0.0,0.0,0.0,0.0,0.0,0.0,0.0,0.0,0.0,0.0,0.0,0.0,0.0,0.0,0.0,0.0,0.0,0.0,0.0,0.0,0.0,0.0,0.0,0.0,0.0,0.0,0.0,0.0,0.0,0.0,0.0,0.0,0.0,0.0,0.0,0.0,0.0,0.0,0.0,0.0,0.0,0.0,0.0,0.0,0.0,0.0,0.0,0.0,0.0,0.0,0.0,0.0,0.0,0.0,0.0,0.0,0.0,0.0,0.0,0.0,0.0,0.0,0.0,0.0,0.0,0.0,0.0,0.0,0.0,0.0,0.0,0.0,0.0,0.0,0.0,0.0,0.0,0.0,0.0,0.0,0.0,0.0,0.0,0.0,0.0,0.0,0.0,0.0,0.0,0.0,0.0,0.0,0.0,0.0,0.0,0.0,0.0,0.0,0.0,0.0,0.0,0.0,0.0,0.0,0.0,0.0,0.0,0.0,0.0,0.0,0.0,0.0,0.0,0.0,0.0,0.0,0.0,0.0,0.0,0.0,0.0,0.0,0.0,0.0,0.0,0.0,0.0,0.0,0.0,0.0,0.0,0.0,0.0,0.0,0.0,0.0,0.0,0.0,0.0,0.0,0.0,0.0,0.0,0.0,0.0,0.0,0.0,0.0,0.0,0.0,0.0,0.0,0.0,0.0,0.0,0.0,0.0,0.0,0.0,0.0,0.0,0.0,0.0,0.0,0.0,0.0,0.0,0.0,0.0,0.0,0.0,0.0,0.0,0.0,0.0,0.0,0.0,0.0,0.0,0.0,0.0,0.0,0.0,0.0,0.0,0.0,0.0,0.0,0.0,0.0,0.0,0.0,0.0,0.0,0.0,0.0,0.0,0.0,0.0,0.0
TG,0.0,0.0,0.0,0.0,0.0,0.0,0.0,0.0,0.0,0.0,0.0,0.0,0.0,0.0,0.0,0.0,0.0,0.0,0.0666666666666666,0.0,0.0,0.0,0.0,0.0,0.0,0.0,0.0,0.0,0.0,0.0,0.0,0.0,0.0,0.0,0.0,0.0,0.1333333333333333,0.0,0.0,0.0,0.2095238095238094,0.0,0.0,0.0,0.0,0.0,0.0,0.0,0.0,0.0,0.0,0.0,0.0,0.0,0.0,0.0,0.0,0.0,0.0,0.0,0.0,0.0,0.0,0.0,0.0,0.0,0.0,0.0,0.0,0.0,0.4285714285714285,0.0,0.0,0.0,0.0,0.0,0.0,0.0,0.0,0.0,0.0,0.0,0.0,0.0,0.0,0.0,0.0,0.0,0.0,0.0,0.0,0.0,0.0,0.0,0.0,0.0,0.0,0.0,0.0,0.0,0.0,0.0,0.0,0.0,0.0,0.0,0.0,0.0,0.0,0.0,0.0,0.0,0.0,0.0,0.0,0.0,0.0,0.0,0.0,0.0,0.0,0.0,0.0,0.0,0.0,0.0,0.0,0.0,0.0,0.0,0.0,0.0,0.0,0.0,0.0,0.0,0.0,0.0,0.0,0.0,0.0,0.0,0.0,0.0,0.0,0.0,0.0,0.0,0.0,0.0,0.0,0.0,0.0,0.0,0.0,0.0,0.0,0.0,0.0,0.0,0.0,0.0,0.0,0.0,0.0,0.0,0.0,0.0,0.0,0.0,0.0,0.0,0.0,0.0,0.0,0.0,0.0,0.0,0.0,0.0,0.0,0.0,0.0,0.0,0.0,0.0,0.0,0.0,0.0,0.0,0.0,0.0,0.0,0.0666666666666666,0.0,0.0,0.0,0.0,0.0,0.0,0.0,0.0,0.0,0.0,1.0476190476190474,0.0,0.0,0.0,0.0,0.0,0.0,0.0,0.0,0.0,0.0,0.0,0.0,0.0,0.0,0.0,0.0,0.0,0.0,0.0,0.0,0.0,0.0,0.0,0.0,0.0,0.0,0.0,0.0
TH,0.0,0.0008717553114368,0.0,0.0,0.0,0.0,0.0,0.0,0.054058972046514206,0.0363987311396591,0.2456570144256931,0.0,0.0,0.0,0.0098924921729396,0.0,0.0,0.0933205843596306,0.0,0.0168016906335147,0.0,0.0,0.0,0.0,0.0,0.0,0.0,0.2545279729033377,0.0,0.0,0.0,0.0,0.0001003680160588,0.0,1.1599453488481783,0.0,0.0,0.0,0.0,0.037822573014140604,0.0,0.0,0.052773001871739,0.0,2.4388923364863837,0.015458050326927101,0.0,0.0,0.0,0.0,0.0,0.0,0.0598399952977759,0.2811339462701069,0.0,0.0770038609124261,0.0,0.0001316309069369,0.0,0.0,0.0417019577629771,0.0013649995258670999,0.0,0.0,0.6310832193959752,0.0,0.0086443598598953,0.0,0.0,0.0,0.5021544561662115,0.0,0.7340134781883154,0.0,0.0050433739011023,0.0,0.0,0.0,0.0,0.0,0.0,0.0,0.0,0.0,0.16281328620183222,0.0,0.0,0.0,0.0,0.0081272430440371,0.0,0.1110007406554388,2.0001473622163273,0.0212566659714171,0.1098732646388246,0.0,0.6525810762834101,0.0,0.0,0.0001473622163277,0.0,0.41435364490094706,0.0,0.0,0.002317049148035,1.7528732969543186,0.0045971575251108,0.0,0.0,0.0,0.0,0.0,0.0,3.024249544068817,0.0,0.0,0.0,0.0,0.0041443706324294,0.0,0.0,0.0001473622163277,0.0,0.0,0.0106824117489969,0.0,0.0780610114588413,0.0,0.0025217742552762,0.0,0.0048339335734293,0.0,0.0,0.0,0.0,0.0,0.0,0.0,0.0,0.0,0.0,0.0,0.0,0.0,0.0,0.0,0.0602294789891355,1.423482670180908,0.0,0.0,0.0,0.0,0.0,0.0010167764653322,0.0,0.0539585065164586,0.0186829361698348,0.0,0.0,0.0,0.0601844142759939,0.002020202020202,0.0,0.0255796583159217,0.0,0.0,0.22547126345857432,0.0004420866489832,0.0698606094197636,0.0,0.0,0.0,0.05439913752027,0.0,0.0,0.0003939722249581,0.0,0.0662638292373845,0.1278109208947533,0.1271189407367641,0.0,0.001265727536395,0.0,0.0,0.0,0.0537917708838614,0.711629092759515,0.0,0.0050505091154828,0.0,0.0106015371637708,0.0,0.0,0.0,0.0,0.0,0.0,0.0,0.0,0.0,0.0,0.0,0.0,0.0,0.0,115.82756982032497,0.0,0.0,0.0,0.0034659717899493,0.0,0.4821893276938325,0.0,0.0,0.9350575022011894,0.0,0.0506279613209333,0.0005836948199427,7.2476943995750425,0.0,0.0,0.0,0.0,0.0,0.0,0.012674847823286501,0.0,0.0,0.0,0.0,0.0746121899742139,0.0001473622163277,0.0
TJ,0.0,0.0,0.0,0.0,0.0,0.0,0.0,0.0,0.0,0.0,0.0,0.0,0.0,0.0,0.0,0.0,0.0,0.0,0.0,0.0,0.0,0.0,0.0,0.0,0.0,0.0,0.0,0.0,0.0,0.0,0.0,0.0,0.0,0.0,0.0,0.0,0.0,0.0,0.0,0.0,0.0,0.0,0.0,0.0,0.0,0.0,0.0,0.0,0.0,0.0,0.0,0.0,0.0,0.0,0.0,0.0,0.0,0.0,0.0,0.0,0.0,0.0,0.0,0.0,0.0,0.0,0.0,0.0,0.0,0.0,0.0,0.0,0.0,0.0,0.0,0.0,0.0,0.0,0.0,0.0,0.0,0.0,0.0,0.0,0.0,0.0,0.0,0.0,0.0,0.0,0.0,0.0,0.0,0.0,0.0,0.0,0.0,0.0,0.0,0.0,0.0,0.0,0.0,0.0,0.0,0.0,0.0,0.0,0.0,0.0,0.0,0.0,0.0,0.0,0.0,0.0,0.0,0.0,0.0,0.0,0.0,0.0,0.0,0.0,0.0,0.0,0.0,0.0,0.0,0.0,0.0,0.0,0.0,0.0,0.0,0.0,0.0,0.0,0.0,0.0,0.0,0.0,0.0,0.0,0.0,0.0,0.0,0.0,0.0,0.0,0.0,0.0,0.0,0.0,0.0,0.0,0.0,0.0,0.0,0.0,0.0,0.0,0.0,0.0,0.0,0.0,0.0,0.0,0.0,0.0,0.0,0.0,0.0,0.0,0.0,0.0,0.0,0.0,0.0,0.0,0.0,0.0,0.0,0.0,0.0,0.0,0.0,0.0,0.0,0.0,0.0,0.0,0.0,0.0,0.0,0.0,0.0,0.0,0.0,0.0,0.0,0.0,0.0,0.0,0.0,0.0,0.0,0.0,0.0,0.0,0.0,0.0,0.0,0.0,0.0,0.0,0.0,0.0,0.0,0.0,0.0,0.0,0.0,0.0,0.0,0.0,0.0,0.0,0.0,0.0,0.0,0.0,0.0
TL,0.0,0.0,0.0,0.0,0.0,0.0,0.0,0.0,0.0,0.0,0.0,0.0,0.0,0.0,0.0,0.0,0.0,0.0,0.0,0.0,0.0,0.0,0.0,0.0,0.0,0.0,0.0,0.0,0.0,0.0,0.0,0.0,0.0,0.0,0.0,0.0,0.0,0.0,0.0,0.0,0.0,0.0,0.0,0.0,0.0,0.0,0.0,0.0,0.0,0.0,0.0,0.0,0.0,0.0,0.0,0.0,0.0,0.0,0.0,0.0,0.0,0.0,0.0,0.0,0.0,0.0,0.0,0.0,0.0,0.0,0.0,0.0,0.0,0.0,0.0,0.0,0.0,0.0,0.0,0.0,0.0,0.0,0.0,0.0,0.0,0.0,0.0,0.0,0.0,0.0,0.0,0.0,0.0,0.0,0.0,0.0,0.0,0.0,0.0,0.0,0.0,0.0,0.0,0.0,0.0,0.0,0.0,0.0,0.0,0.0,0.0,0.0,0.0,0.0,0.0,0.0,0.0,0.0,0.0,0.0,0.0,0.0,0.0,0.0,0.0,0.0,0.0,0.0,0.0,0.0,0.0,0.0,0.0,0.0,0.0,0.0,0.0,0.0,0.0,0.0,0.0,0.0,0.0,0.0,0.0,0.0,0.0,0.0,0.0,0.0,0.0,0.0,0.0,0.0,0.0,0.0,0.0,0.0,0.0,0.0,0.0,0.0,0.0,0.0,0.0,0.0,0.0,0.0,0.0,0.0,0.0,0.0,0.0,0.0,0.0,0.0,0.0,0.0,0.0,0.0,0.0,0.0,0.0,0.0,0.0,0.0,0.0,0.0,0.0,0.0,0.0,0.0,0.0,0.0,0.0,0.0,0.0,0.0,0.0,0.0,0.0,0.0,0.0,0.0,0.0,0.0,0.0,0.0,0.0,0.0,0.0,0.0,0.0,0.0,0.0,0.0,0.0,0.0,0.0,0.0,0.0,0.0,0.0,0.0,0.0,0.0,0.0,0.0,0.0,0.0,0.0,0.0,0.0
TM,0.0,0.0,0.0,0.0,0.0,0.0,0.0,0.0,0.0,0.0,0.0,0.0,0.0,0.0,0.0,0.0,0.0,0.0,0.0,0.0,0.0,0.0,0.0,0.0,0.0,0.0,0.0,0.0,0.0,0.0,0.0,0.0,0.0,0.0,0.0,0.0,0.0,0.0,0.0,0.0,0.0,0.0,0.0,0.0,0.0,0.0,0.0,0.0,0.0,0.0,0.0,0.0,0.0,0.0,0.0,0.0,0.0,0.0,0.0,0.0,0.0,0.0,0.0,0.0,0.0,0.0,0.0,0.0,0.0,0.0,0.0,0.0,0.0,0.0,0.0,0.0,0.0,0.0,0.0,0.0,0.0,0.0,0.0,0.0,0.0,0.0,0.0,0.0,0.0,0.0,0.0,0.0,0.0,0.0,0.0,0.0,0.0,0.0,0.0,0.0,0.0,0.0,0.0,0.0,0.0,0.0,0.0,0.0,0.0,0.0,0.0,0.0,0.0,0.0,0.0,0.0,0.0,0.0,0.0,0.0,0.0,0.0,0.0,0.0,0.0,0.0,0.0,0.0,0.0,0.0,0.0,0.0,0.0,0.0,0.0,0.0,0.0,0.0,0.0,0.0,0.0,0.0,0.0,0.0,0.0,0.0,0.0,0.0,0.0,0.0,0.0,0.0,0.0,0.0,0.0,0.0,0.0,0.0,0.0,0.0,0.0,0.0,0.0,0.0,0.0,0.0,0.0,0.0,0.0,0.0,0.0,0.0,0.0,0.0,0.0,0.0,0.0,0.0,0.0,0.0,0.0,0.0,0.0,0.0,0.0,0.0,0.0,0.0,0.0,0.0,0.0,0.0,0.0,0.0,0.0,0.0,0.0,0.0,0.0,0.0,0.0,0.0,0.0,0.0,0.0,0.0,0.0,0.0,0.0,0.0,0.0,0.0,0.0,0.0,0.0,0.0,0.0,0.0,0.0,0.0,0.0,0.0,0.0,0.0,0.0,0.0,0.0,0.0,0.0,0.0,0.0,0.0,0.0
TN,0.0,0.0,0.0,0.0,0.0,0.0,0.0,0.0,0.0005894488653109,0.0002947244326554,0.0010570824524312,0.0,0.0,0.0,0.0,0.0,0.0,0.0005894488653109,0.0,0.0010570824524312,0.0,0.0,0.0,0.0,0.0,0.0,0.0,0.0002947244326554,0.0,0.0,0.0,0.0,0.0,0.0,1.0019412557503975,0.0,0.0,0.0,0.0,0.0040322580645161,0.0,0.0,0.0080645161290322,0.0,0.0005894488653109,0.0,0.0,0.0,0.0,0.0,0.0,0.0,0.0002947244326554,0.0127093856496034,0.0,0.0002947244326554,0.0,0.0,0.0,0.0,0.0002947244326554,0.0005894488653109,0.0,0.0,0.0011788977306218,0.0,0.0040322580645161,0.0,0.0,0.0,0.0026525198938992,0.0,0.0085042184306224,0.0,0.0,0.0,0.0,0.0,0.0,0.0,0.0,0.0,0.0,0.0,0.002408889337518,0.0,0.0,0.0,0.0,0.0005894488653109,0.0,0.0005894488653109,0.0002947244326554,0.0002947244326554,0.0002947244326554,0.0,0.0126862230588592,0.0,0.0,0.0002947244326554,0.0,0.019641329229502,0.0,0.0,0.0,0.0070537588580892,0.0,0.0,0.0,0.0,0.0,0.0,0.0,0.0049164313624825,0.0,0.0,0.0,0.0,0.0080645161290322,0.0,0.0,0.0002947244326554,0.0,0.0,0.008359240561687601,0.0,0.0043269824971715,0.0,0.0043269824971715,0.0,0.0,0.0,0.0,0.0,0.0,0.0,0.0,0.0,0.0,0.0,0.0,0.0,0.0,0.0,0.0,0.0,0.0002947244326554,0.0055801366948119,0.0,0.0,0.0,0.0,0.0,0.0011788977306218,0.0,0.0023577954612437,0.0002947244326554,0.0,0.0,0.0,0.0,0.0,0.0,0.0040322580645161,0.0,0.0,0.0002947244326554,0.0008841732979664,0.0005894488653109,0.0,0.0,0.0,0.0002947244326554,0.0,0.0,0.0,0.0,0.0002947244326554,0.008359240561687601,0.004621706929827,0.0,0.0040322580645161,0.0,0.0,0.0,0.0005894488653109,0.0002947244326554,0.0,0.0002947244326554,0.0,0.0,0.0,0.0,0.0,0.0,0.0,0.0,0.0,0.0,0.0,0.0,0.0,0.0,0.0,0.0,0.0034659717899493,0.0,0.0,0.0,10.202479088393993,0.0,0.0221025460729782,0.0,0.0,0.0034659717899493,0.0,0.0,0.0,0.0091679237629518,0.0,0.0,0.0,0.0,0.0,0.0,0.0,0.0,0.0,0.0,0.0,0.0040322580645161,1.0002947244326554,0.0
TO,0.0,0.0,0.0,0.0,0.0,0.0,0.0,0.0,0.0,0.0,0.0,0.0,0.0,0.0,0.0,0.0,0.0,0.0,0.0,0.0,0.0,0.0,0.0,0.0,0.0,0.0,0.0,0.0,0.0,0.0,0.0,0.0,0.0,0.0,0.0,0.0,0.0,0.0,0.0,0.0,0.0,0.0,0.0,0.0,0.0,0.0,0.0,0.0,0.0,0.0,0.0,0.0,0.0,0.0,0.0,0.0,0.0,0.0,0.0,0.0,0.0,0.0,0.0,0.0,0.0,0.0,0.0,0.0,0.0,0.0,0.0,0.0,0.0,0.0,0.0,0.0,0.0,0.0,0.0,0.0,0.0,0.0,0.0,0.0,0.0,0.0,0.0,0.0,0.0,0.0,0.0,0.0,0.0,0.0,0.0,0.0,0.0,0.0,0.0,0.0,0.0,0.0,0.0,0.0,0.0,0.0,0.0,0.0,0.0,0.0,0.0,0.0,0.0,0.0,0.0,0.0,0.0,0.0,0.0,0.0,0.0,0.0,0.0,0.0,0.0,0.0,0.0,0.0,0.0,0.0,0.0,0.0,0.0,0.0,0.0,0.0,0.0,0.0,0.0,0.0,0.0,0.0,0.0,0.0,0.0,0.0,0.0,0.0,0.0,0.0,0.0,0.0,0.0,0.0,0.0,0.0,0.0,0.0,0.0,0.0,0.0,0.0,0.0,0.0,0.0,0.0,0.0,0.0,0.0,0.0,0.0,0.0,0.0,0.0,0.0,0.0,0.0,0.0,0.0,0.0,0.0,0.0,0.0,0.0,0.0,0.0,0.0,0.0,0.0,0.0,0.0,0.0,0.0,0.0,0.0,0.0,0.0,0.0,0.0,0.0,0.0,0.0,0.0,0.0,0.0,0.0,0.0,0.0,0.0,0.0,0.0,0.0,0.0,0.0,0.0,0.0,0.0,0.0,0.0,0.0,0.0,0.0,0.0,0.0,0.0,0.0,0.0,0.0,0.0,0.0,0.0,0.0,0.0
TR,0.0,0.0057782998639921,0.0,0.0,0.0,0.0,0.0,0.0,0.2873324617955067,0.359560783277659,1.2684173202282132,0.0,0.0,0.0,0.0727320271855408,0.0,0.0002553626149131,0.6567060347792906,0.0,0.0544574114220456,0.0,0.0,0.0,0.0,0.0,0.0,0.0,0.9930250126503064,0.0,0.0,0.0,0.0,0.0187588206565837,0.0,0.857718845183812,0.0,0.0005107252298263,0.0,0.0,0.2378054447073364,0.0,0.0,0.1900619686836465,0.0002553626149131,3.872540053145517,0.0967832740064174,0.0002553626149131,0.0049168012543779,0.0,0.0,0.0,0.0146341463414634,0.5049598738607651,1.507395255088598,0.0,0.7483091777244887,0.0,0.0007380092736819,0.0002553626149131,0.0,0.029228101511422102,0.0591710905441264,0.0,0.0,4.750561710769899,0.0,0.1743193991953913,0.0,0.0,0.0,2.1959183663688626,0.0,3.0262713106010186,0.0,0.0606389816187342,0.0,0.0,0.0002553626149131,0.0,0.0,0.0,0.0,0.0,0.0,0.8902603403171492,0.0002553626149131,0.0,0.0,0.0,0.2152564402677365,0.0,0.48097626138479255,0.0009528118788095,0.1494123637967214,1.0449516773596301,0.0,0.3441852236116858,0.0,0.0,1.0004420866489832,0.0002553626149131,3.3393315058950535,0.0,0.0,0.0070119465699727,2.617273084036788,0.020814741339713002,0.0002553626149131,2.6666666666666665,0.0,0.0,0.0,0.0,2.1776418483809437,0.019047619047619,0.0,0.0,0.0,0.0296295430946367,0.0,0.0,0.0004420866489832,0.0,0.0,0.0696337004134886,0.0005737234652897,0.1375212789677788,0.0,0.3524096596319464,0.0,0.0072463768115942,0.0026793732104982,0.0,0.0,0.0,0.0,0.0,0.0,0.0,0.0,0.0,0.0,0.0,0.0,0.0,0.0,0.1122549345756239,0.24542563235754788,0.0,0.0,0.0,0.0,0.0,0.0029617620406936,0.0002438667512071,2.361957904334718,0.0976676445346185,0.0005107252298263,0.0,0.0,0.48449985867375317,0.0006734006734006,0.003584229390681,0.044963229550091396,0.0,0.0,0.1525610744416082,0.0013262599469496,0.5993398873301348,0.0,0.0,0.0,0.261476857727357,0.0,0.0,0.001477395843593,0.0,0.3819790961374243,0.2494592231761186,0.5379439297840904,0.0,0.0716914777446454,0.0,0.0,0.0002553626149131,0.2277529780349776,0.1801658820708053,0.0,0.013699316027963801,0.0,0.1593075384727762,0.0,0.0,0.0,0.0,0.0,0.0,0.0,0.0,0.0,0.0,0.0,0.0,0.0,0.0,0.4821893276938325,0.0,0.0,0.0,0.0221025460729782,0.0,700.3535125217992,0.0,0.0,1.148386954137501,0.0,0.2799617630022594,0.0021924092545523,28.061978423029366,0.0,0.0,0.0,0.0,0.0,0.0,0.0311988268006265,0.0,0.0,0.0,0.0,0.1739301955151059,0.0004420866489832,0.0
TT,0.0,0.0,0.0,0.0,0.0,0.0,0.0,0.0,0.0,0.0,0.0,0.0,0.0,0.0,0.0,0.0,0.0,0.0,0.0,0.0,0.0,0.0,0.0,0.0,0.0,0.0,0.0,0.0,0.0,0.0,0.0,0.0,0.0,0.0,0.0,0.0,0.0,0.0,0.0,0.0,0.0,0.0,0.0,0.0,0.0,0.0,0.0,0.0,0.0,0.0,0.0,0.0,0.0,0.0,0.0,0.0,0.0,0.0,0.0,0.0,0.0,0.0,0.0,0.0,0.0,0.0,0.0,0.0,0.0,0.0,0.0,0.0,0.0,0.0,0.0,0.0,0.0,0.0,0.0,0.0,0.0,0.0,0.0,0.0,0.0,0.0,0.0,0.0,0.0,0.0,0.0,0.0,0.0,0.0,0.0,0.0,0.0,0.0,0.0,0.0,0.0,0.0,0.0,0.0,0.0,0.0,0.0,0.0,0.0,0.0,0.0,0.0,0.0,0.0,0.0,0.0,0.0,0.0,0.0,0.0,0.0,0.0,0.0,0.0,0.0,0.0,0.0,0.0,0.0,0.0,0.0,0.0,0.0,0.0,0.0,0.0,0.0,0.0,0.0,0.0,0.0,0.0,0.0,0.0,0.0,0.0,0.0,0.0,0.0,0.0,0.0,0.0,0.0,0.0,0.0,0.0,0.0,0.0,0.0,0.0,0.0,0.0,0.0,0.0,0.0,0.0,0.0,0.0,0.0,0.0,0.0,0.0,0.0,0.0,0.0,0.0,0.0,0.0,0.0,0.0,0.0,0.0,0.0,0.0,0.0,0.0,0.0,0.0,0.0,0.0,0.0,0.0,0.0,0.0,0.0,0.0,0.0,0.0,0.0,0.0,0.0,0.0,0.0,0.0,0.0,0.0,0.0,0.0,0.0,0.0,0.0,0.0,0.0,0.0,0.0,0.0,0.0,0.0,0.0,0.0,0.0,0.0,0.0,0.0,0.0,0.0,0.0,0.0,0.0,0.0,0.0,0.0,0.0
TV,0.0,0.0,0.0,0.0,0.0,0.0,0.0,0.0,0.0,0.0,0.0,0.0,0.0,0.0,0.0,0.0,0.0,0.0,0.0,0.0,0.0,0.0,0.0,0.0,0.0,0.0,0.0,0.0,0.0,0.0,0.0,0.0,0.0,0.0,0.0,0.0,0.0,0.0,0.0,0.0,0.0,0.0,0.0,0.0,0.0,0.0,0.0,0.0,0.0,0.0,0.0,0.0,0.0,0.0,0.0,0.0,0.0,0.0,0.0,0.0,0.0,0.0,0.0,0.0,0.0,0.0,0.0,0.0,0.0,0.0,0.0,0.0,0.0,0.0,0.0,0.0,0.0,0.0,0.0,0.0,0.0,0.0,0.0,0.0,0.0,0.0,0.0,0.0,0.0,0.0,0.0,0.0,0.0,0.0,0.0,0.0,0.0,0.0,0.0,0.0,0.0,0.0,0.0,0.0,0.0,0.0,0.0,0.0,0.0,0.0,0.0,0.0,0.0,0.0,0.0,0.0,0.0,0.0,0.0,0.0,0.0,0.0,0.0,0.0,0.0,0.0,0.0,0.0,0.0,0.0,0.0,0.0,0.0,0.0,0.0,0.0,0.0,0.0,0.0,0.0,0.0,0.0,0.0,0.0,0.0,0.0,0.0,0.0,0.0,0.0,0.0,0.0,0.0,0.0,0.0,0.0,0.0,0.0,0.0,0.0,0.0,0.0,0.0,0.0,0.0,0.0,0.0,0.0,0.0,0.0,0.0,0.0,0.0,0.0,0.0,0.0,0.0,0.0,0.0,0.0,0.0,0.0,0.0,0.0,0.0,0.0,0.0,0.0,0.0,0.0,0.0,0.0,0.0,0.0,0.0,0.0,0.0,0.0,0.0,0.0,0.0,0.0,0.0,0.0,0.0,0.0,0.0,0.0,0.0,0.0,0.0,0.0,0.0,0.0,0.0,0.0,0.0,0.0,0.0,0.0,0.0,0.0,0.0,0.0,0.0,0.0,0.0,0.0,0.0,0.0,0.0,0.0,0.0
TW,0.0,0.0009702483676764,0.0,0.0,0.0,0.0,0.0,0.0,0.2426207548528308,0.277379335709826,4.531797520920499,0.0,0.0,0.0,0.0122339493991548,0.0,0.0002553626149131,0.9326572607312098,0.0,0.11123706812034229,0.0,0.0,0.0,0.0,0.0,0.0,0.0,1.0871110472185501,0.0,0.0,0.0,0.0,0.0014797692549448,0.0,1.5324478621041735,0.0,0.0005107252298263,0.0,0.0,3.235792196038042,0.001564945226917,0.0,0.1970154644522977,0.10025536261491311,17.673282382273108,0.055470446330075196,0.0002553626149131,0.0,0.0,0.0,0.0,0.0097560975609756,0.3533067163809158,2.067273748963154,0.0,0.39231645680680494,0.0,0.0005186244287869,0.0002553626149131,0.0,0.0184577242501272,0.011522558731588101,0.0,0.0,6.1296096583477295,0.0173160173160173,0.07601930234063789,0.0,0.0,0.0,4.840788216166708,0.0,5.696542321162486,0.0,0.0171759728342651,0.0,0.0,0.0002553626149131,0.0,0.0,0.0,0.0,0.0,0.0,0.3407994325081619,0.0002553626149131,0.0,0.0,0.0,0.0465450710620246,0.0,0.45465041846195997,1.0284358652239316,0.1445611650019803,1.187133842586921,0.0,0.46189311076976813,0.0,0.0,0.0001473622163277,0.0009541746344798,4.192134510031659,0.0,0.0,0.00995528710357,9.01281108057048,0.0058739652573187,0.0002553626149131,0.0,0.0,0.0,0.0,0.0,11.4331673555374,0.0095238095238095,0.0,0.0,0.0,0.0026496006638393,0.0,0.0,0.0001473622163277,0.0,0.0,0.0188856726452277,0.0021052707611867,0.013832784890661,0.0,0.003039389423068,0.0,0.0,0.0,0.0,0.0,0.0,0.0,0.0,0.0,0.0,0.0,0.0,0.0,0.0,0.0,0.0,0.0,0.2140030050138711,0.5464856828478005,0.0,0.0,0.0,0.0,0.0,0.1018896962100771,0.0004877335024142,0.4450467172173609,0.7854980113788644,0.0005107252298263,0.0,0.0,0.2516357903659883,0.0,0.0,0.0367634237952379,0.0,0.0,0.062528685328723,0.0004420866489832,0.5099534650559953,0.0,0.0,0.0,0.2348686746993081,0.0,0.0,0.0004924652811976,0.0,0.1165747093436561,0.21616551554520708,0.571890983674574,0.0,0.0021988937613602,0.0,0.0,0.0002553626149131,0.0962076794996443,2.904748216471768,0.0,0.0052019686790441,0.0,0.052990189826510395,0.0,0.0,0.0,0.0,0.0,0.0,0.0,0.0,0.0,0.0,0.0,0.0,0.0,0.0,0.9350575022011894,0.0,0.0,0.0,0.0034659717899493,0.0,1.148386954137501,0.0,0.0,899.2669207439574,0.1,0.07023221320330439,0.0009880938472621,96.28226445715791,0.0,0.0,0.0,0.0,0.0,0.0,0.024679690059604603,0.0,0.0,0.0,0.0,0.10714934269080861,0.10014736221632771,0.0
TZ,0.0,0.0,0.0,0.0,0.0,0.0,0.0,0.0,0.0,0.0,0.0,0.0,0.0,0.0,0.0,0.0,0.0627705627705627,0.0,0.0,0.0,0.0,0.0,0.0,0.0,0.0,0.0,0.0,0.0,0.0,0.0,0.0,0.0,0.0,0.0,2.333333333333333,0.0,0.0151515151515151,0.0,0.0,0.4476190476190476,0.1,0.0,0.0,0.1,1.0,0.0,0.0,0.0,0.0,0.0,0.0,0.0,0.0,0.0944444444444443,0.0,0.0,0.0,0.0,0.0,0.0,0.0,0.0,0.0,0.0,0.0277777777777777,0.0,0.0,0.0,0.0,0.0,0.3333333333333333,0.0,1.1794372294372293,0.0,0.0,0.0,0.0,0.0151515151515151,0.0,0.0,0.0,0.0,0.0,0.0,0.0,0.0,0.0,0.0,0.0,0.0,0.0,0.0,0.0,0.0,0.0,0.0,0.0476190476190476,0.0,0.0,0.0,0.0,0.0,0.0,0.0,0.0,0.0,0.1333333333333333,0.0,0.0,0.0,0.0,0.0,0.0,0.0151515151515151,0.0,0.0,0.0,0.0,0.0,0.0,0.0,0.0,0.0,0.0,0.0,0.0,0.0,0.0,0.0,0.0,0.0,0.0,0.0,0.0,0.0,0.0,0.0476190476190476,0.0,0.0,0.0,0.0,0.0,0.0,0.0,0.0,0.0666666666666666,0.0,0.0,0.0,0.0,0.0,0.0,0.0,0.1,0.0,1.0,0.0,0.0151515151515151,0.0,0.0,0.0,0.0,0.0,0.0,0.0,0.0,0.0,0.0627705627705627,0.0,0.0,0.0,0.0,0.0,0.0,0.0,0.0,0.0,0.0,0.0,0.0,0.0,0.0,0.0,0.0,0.0,0.0429292929292928,0.0,0.0,0.0,0.0,0.0,0.0151515151515151,0.0,0.0,0.0,0.0,0.0,0.0,0.0,0.0,0.0,0.0,0.0,0.0,0.0,0.0,0.0,0.0,0.0,0.0,0.0,0.0,0.0,0.0,0.1,13.850793650793653,0.0,0.6547619047619048,4.951659451659452,0.0,0.0,0.0,0.0,0.0,0.0,0.0,0.0,0.0,0.0,0.0,0.1,0.1151515151515151,0.0
UA,0.0,0.0,0.0,0.0,0.0,0.0,0.0,0.0,0.010002999032803401,0.0228716116211737,0.12358374029580141,0.0,0.0,0.0,0.0127798285834582,0.0,0.0,0.038028302895369695,0.0,0.0236756312067113,0.0,0.0,0.0,0.0,0.0,0.0,0.0,0.1442391633217331,0.0,0.0,0.0,0.0,0.0523505727898847,0.0,0.0570938741809727,0.0,0.0,0.0,0.0,0.055975026998595696,0.0,0.0,0.0261319789393639,0.0,1.318265498202658,0.034126262237207806,0.0,0.0,0.0,0.0,0.0,0.0,0.0511479129038271,0.08772639395114601,0.0,0.0688344123998431,0.0,0.0,0.0,0.0,0.0329627573544938,3.872779203175679e-05,0.0,0.0,0.26370373786972723,0.0,0.0205656596056366,0.0,0.0,0.0,0.2044138499448371,0.0,1.1081054144697808,0.0,0.0067697438654346995,0.0,0.0,0.0,0.0,0.0,0.0,0.0,0.0,0.0,0.0200897582315075,0.0,0.0,0.0,0.0,0.0201674952459083,0.0,0.10432937962210459,0.0,0.0103161370987137,0.0645502087363639,0.0,0.0241173638358693,0.0,0.0,0.0,0.0,0.1217767817988683,0.0,0.0,0.0,0.15495706112464952,9.681948007939197e-06,0.0,0.0,0.0,0.0,0.0,0.0,0.1958807088262829,0.0,0.0,0.0,0.0,0.0,0.0,0.0,0.0,0.0,0.0,0.0047836074617644,0.0,0.0303621919908396,0.0,0.0,0.0,0.0476190476190476,0.0,0.0,0.0,0.0,0.0,0.0,0.0,0.0,0.0,0.0,0.0,0.0,0.0,0.0,0.0,0.0105477822948816,0.0705426312526332,0.0,0.0,0.0,0.0,0.0,0.0,0.0,0.0100017898722751,0.0044567735275209,0.0,0.0,0.0,0.0034850927653498004,0.0026936026936026,0.0,0.0017913242981695,0.0,0.0,0.0275744238963101,0.0,0.0822540982623909,0.0,0.0,0.0,0.0109873393533406,0.0,0.0,0.0,0.0,0.0179407228035933,0.0350136078790753,1.2561926699983357,0.0,0.0,0.0,0.0,0.0,0.0205949461821743,0.0084921612288155,0.0,0.0005833016238411392,0.0,0.0063235063028345,0.0,0.0,0.0,0.0,0.0,0.0,0.0,0.0,0.0,0.0,0.0,0.0,0.0,0.0,0.0506279613209333,0.0,0.0,0.0,0.0,0.0,0.2799617630022594,0.0,0.0,0.07023221320330439,0.0,10.623913444992588,1.9363896015878397e-05,3.042162379795366,0.0,0.0,0.0,0.0,0.0,0.0,0.0013727983102626,0.0,0.0,0.0,0.0,0.0243583408526325,0.0,0.0
UG,0.0,9.849305623953512e-05,0.0,0.0,0.0,0.0,0.0,0.0,0.000175948640303,0.0002478142830322,0.0005679349731807,0.0,0.0,0.0,3.872779203175679e-05,0.0,0.5,0.0004942673058246,0.0,4.387696897898293e-05,0.0,0.0,0.0,0.0,0.0,0.0,0.0,0.0011008016225703,0.0,0.0,0.0,0.0,0.0,0.0,1.0668990334188573,0.0,0.0,0.0,0.0,0.3946380834046032,0.0,0.0,3.872779203175679e-05,0.0,0.0036696212306918,0.0001178569522554,0.0,0.0,0.0,0.0,0.0,0.0,0.0002723273559953,0.0015412448885202,0.0,8.775393795796587e-05,0.0,4.387696897898293e-05,0.0,0.0,0.0,0.000175948640303,0.0,0.0,0.0032927146937488,0.0,3.872779203175679e-05,0.0,0.0,0.0,0.0292790620624932,0.0,2.082966286461696,0.0,0.0,0.0,0.0,0.0,0.0,0.0,0.0,0.0,0.0,0.0,0.0004272385241223,0.0,0.0,0.0,0.0,7.745558406351357e-05,0.0,0.0003269434432558,0.0,0.0001355472721111,5.809168804763519e-05,0.0,0.0009687299512462,0.0,0.0,0.0,0.0,0.0013115616897309,0.0,0.0,9.849305623953512e-05,0.0001936389601587,0.5446061783656788,0.0,0.0,0.0,0.0,0.0,0.0,0.0014574073157365,0.0,0.0,0.0,0.0,0.000196986112479,0.0,0.0,0.0,0.0,0.0,0.0,0.0,1.9363896015878397e-05,0.0,0.0,0.0,0.0,0.0,0.0,0.0,0.0,0.0,0.0,0.0,0.0,0.0,0.0,0.0,0.0,0.0,0.0,0.0,0.0003587200337134,0.0001161833760952,0.0,0.0,0.0,0.0,0.0,0.0833333333333333,0.0,0.5000580916880476,0.0,0.0,0.0,0.0,8.775393795796587e-05,0.0,0.0,0.0,0.0,0.0,9.681948007939198e-05,0.0277777777777777,0.0002688517552082,0.0,0.0,0.0,0.00076826823798,0.0,0.0,9.849305623953512e-05,0.0,8.260476101073972e-05,5.809168804763519e-05,4.387696897898293e-05,0.0,0.000196986112479,0.0,0.0,0.0,5.809168804763519e-05,4.387696897898293e-05,0.0,1.9363896015878397e-05,0.0,0.1667247583547143,0.0,0.0,0.0,0.0,0.0,0.0,0.0,0.0,0.0,0.0,0.0277777777777777,0.0,0.0,0.0,0.0005836948199427,0.0,0.0,0.0,0.0,0.0,0.0021924092545523,0.0,0.0,0.0009880938472621,0.6547619047619048,1.9363896015878397e-05,20.831506425791304,8.292277178854878,0.0,0.0,0.0,0.0,0.0,0.0,4.387696897898293e-05,0.0,0.0,0.0,0.0,1.9742553217476477,0.0,0.1055555555555555
US,0.0,0.3957841542540153,0.0,0.0,0.0,0.0,0.6666666666666666,0.0,6.6785307516920565,17.90109471766042,169.49779342352434,0.0,0.0,0.0,1.5437718601584571,0.0715779293760945,1.248878350114305,91.08723467787765,0.0641025641025641,0.6675993947231937,0.0,0.0,0.0641025641025641,0.0,0.0,0.0,0.0,55.34583883163892,0.0,0.0,0.0,5.266666666666667,0.1268359580158013,0.0,231.0741024478936,0.0,0.0197480422199522,0.0,0.0,222.13270985440312,0.0062597809076682,0.0,3.081304062411168,0.6689649302008852,400.1531880517497,5.361021104336954,0.0022982635342185,0.0308460131906641,0.0,0.0,0.0,2.5150005880704827,14.181954739448038,253.1204463736413,0.0,95.9730886409763,0.0,0.8371672907818162,0.0022982635342185,0.3617216117216116,0.6124111314894627,76.95976083025673,0.0,0.0,232.45618587466788,2.317316017316017,10.79411622302263,0.0,0.0,0.0,287.1760227910189,0.1794871794871794,500.8000263477892,0.0,1.4546330718647227,0.0,0.0,4.777767239003194,0.0,0.1666666666666666,0.0,0.0,0.0,0.0,14.909385010529675,0.6689649302008852,0.0,0.0,2.0,6.209925292157045,0.2641025641025641,5.919296509590097,3.2435759384616416,17.684878212514327,86.63280812368099,0.0,71.85213366194628,0.0,0.0,0.267550839964633,1.913514004347127,202.60532658618314,0.0,0.0715779293760945,2.334168366970864,224.11746416405379,18.485547402346636,0.0022982635342185,0.0,0.0,0.0,0.0,0.0,147.21366245944057,0.1956212370005472,0.0,2.0009615384615382,0.0,2.779698365165002,0.0,0.0,0.0008841732979664,0.0,0.0,4.833160042629136,0.5555189966101334,0.2920716592082689,0.0,0.2247990041500948,0.0,1.8362385631398128,0.0031624064747993,0.0,0.0,0.0,1.0,0.0476190476190476,0.0,3.0,0.3391812865497076,0.0,0.0,0.0,0.0,0.0,3.0555555555555554,11.956912178903092,7.948116956697424,1.1,0.0641025641025641,0.0,0.3333333333333333,0.0,12.815790477936583,0.0009266936545871,174.07308061344781,32.47221206178925,0.3530813755532855,0.0,0.0,7.640773854651931,0.6670498084291188,0.4377624167946748,3.520619690363208,0.0,0.0,1.9425111713075116,3.1236606305571817,41.029882325809034,0.0,0.0,0.0,16.630083808782963,0.0,0.0,1.9430484226258877,0.0,3.6360679172529826,1.7677324758875592,35.08099678081247,1.1,4.1658908229846325,0.0,0.1666666666666666,3.0022982635342186,38.637939247554804,30.487353895029898,0.0,0.3784984728922811,0.0,3.9862241066532116,0.4151515151515151,0.0,1.7333333333333334,0.0,0.0,0.0,0.0,0.5,0.0,0.0,0.4555555555555556,0.0,0.0,0.0,7.2476943995750425,0.0,0.0,0.0,0.0091679237629518,0.0,28.061978423029366,0.0,0.0,96.28226445715791,4.951659451659452,3.042162379795366,8.292277178854878,21853.88454741286,0.0389051808406647,0.0606060606060606,0.0,0.0,0.0,0.0,4.7031237833203745,0.0,0.0,0.0,0.0,7.514429419848472,0.6827023551161482,0.8
UY,0.0,0.0,0.0,0.0,0.0,0.0,0.0,0.0,0.0109890109890109,0.0,0.0043010752688172,0.0,0.0,0.0,0.0,0.0,0.0,0.0043010752688172,0.0,0.0,0.0,0.0,0.0,0.0,0.0,0.0,0.0,0.052281052281052204,0.0,0.0,0.0,0.0,0.0,0.0,0.0,0.0,0.0,0.0,0.0,0.0,0.0,0.0,0.0,0.0,0.0,0.0,0.0,0.0,0.0,0.0,0.0,0.0,0.0,0.0715950715950715,0.0,0.0,0.0,0.0,0.0,0.0,0.0,0.0,0.0,0.0,0.1515151515151515,0.0,0.0,0.0,0.0,0.0,1.0,0.0,0.052281052281052204,0.0,0.0,0.0,0.0,0.0,0.0,0.0,0.0,0.0,0.0,0.0,0.0,0.0,0.0,0.0,0.0,0.0,0.0,0.0,0.0,0.0,0.0,0.0,0.0,0.0,0.0,0.0,0.0,0.0064516129032258,0.0,0.0,0.0,0.0,0.0,0.0,0.0,0.0,0.0,0.0,0.0,0.0,0.0,0.0,0.0,0.0,0.0,0.0,0.0,0.0,0.0,0.0,0.0,0.0,0.0,0.0,0.0,0.0,0.0,0.0,0.0,0.0,0.0,0.0,0.0,0.0,0.0,0.0,0.0,0.0,0.0,0.0,0.0,0.0,0.0021505376344086,0.0,0.0,0.0,0.0,0.0,0.0,0.0,0.0,0.0301075268817204,0.0812241521918941,0.0,0.0,0.0,0.0,0.0,0.0,0.0,0.0,0.0,0.0,0.0,0.0021505376344086,0.0,0.0,0.0,0.0,0.0,0.0,0.0,0.0,0.0,0.0,0.0,0.0,0.0,0.0,0.0,0.0,0.0021505376344086,0.0,0.0,0.0,0.0,0.0,0.0,0.0,0.0,0.0,0.0,0.0,0.0,0.0,0.0,0.0,0.0,0.0,0.0,0.0,0.0,0.0,0.0,0.0,0.0,0.0,0.0,0.0,0.0,0.0,0.0,0.0,0.0,0.0389051808406647,2.5255550900712187,0.0,0.0,0.0,0.0,0.0,0.0,0.0,0.0,0.0,0.0,0.0,0.0,0.0
UZ,0.0,0.0,0.0,0.0,0.0,0.0,0.0,0.0,0.0,0.0,0.0,0.0,0.0,0.0,0.0,0.0,0.0,0.0,0.0,0.0,0.0,0.0,0.0,0.0,0.0,0.0,0.0,0.0,0.0,0.0,0.0,0.0,0.0303030303030303,0.0,0.0,0.0,0.0,0.0,0.0,0.0151515151515151,0.0,0.0,0.0,0.0,0.0,0.0,0.0,0.0,0.0,0.0,0.0,0.0,0.0,0.0,0.0,0.0,0.0,0.0,0.0,0.0,0.0,0.0,0.0,0.0,0.0,0.0,0.0,0.0,0.0,0.0,0.0,0.0,0.0454545454545454,0.0,0.0,0.0,0.0,0.0,0.0,0.0,0.0,0.0,0.0,0.0,0.0,0.0,0.0,0.0,0.0,0.0,0.0,0.0,0.0,0.0,0.0,0.0,0.0,0.0,0.0,0.0,0.0,0.0,0.0,0.0,0.0,0.0,0.0,0.0,0.0,0.0,0.0,0.0,0.0,0.0,0.0,0.0,0.0,0.0,0.0,0.0,0.0,0.0,0.0,0.0,0.0,0.0,0.0,0.0,0.0,0.0,0.0,0.0,0.0,0.0,0.0,0.0,0.0,0.0,0.0,0.0,0.0,0.0,0.0,0.0,0.0,0.0,0.0,0.0,0.0,0.0,0.0,0.0,0.0,0.0,0.0,0.0151515151515151,0.0,0.0,0.0,0.0,0.0,0.0,0.0,0.0,0.0,0.0,0.0,0.0,0.0,0.0,0.0,0.0,0.0,0.0,0.0,0.0,0.0,0.0,0.0,0.0,0.0,0.0,0.0,0.0,0.0,0.0,0.0,0.0,0.0,0.0,0.0,0.0,0.0,0.0,0.0,0.0,0.0,0.0,0.0,0.0,0.0,0.0,0.0,0.0,0.0,0.0,0.0,0.0,0.0,0.0,0.0,0.0,0.0,0.0,0.0,0.0,0.0,0.0,0.0606060606060606,0.0,1.1666666666666665,0.0,0.0,0.0,0.0,0.0,0.0,0.0,0.0,0.0,0.0,0.0,0.0
VA,0.0,0.0,0.0,0.0,0.0,0.0,0.0,0.0,0.0,0.0,0.0,0.0,0.0,0.0,0.0,0.0,0.0,0.0,0.0,0.0,0.0,0.0,0.0,0.0,0.0,0.0,0.0,0.0,0.0,0.0,0.0,0.0,0.0,0.0,0.0,0.0,0.0,0.0,0.0,0.0,0.0,0.0,0.0,0.0,0.0,0.0,0.0,0.0,0.0,0.0,0.0,0.0,0.0,0.0,0.0,0.0,0.0,0.0,0.0,0.0,0.0,0.0,0.0,0.0,0.0,0.0,0.0,0.0,0.0,0.0,0.0,0.0,0.0,0.0,0.0,0.0,0.0,0.0,0.0,0.0,0.0,0.0,0.0,0.0,0.0,0.0,0.0,0.0,0.0,0.0,0.0,0.0,0.0,0.0,0.0,0.0,0.0,0.0,0.0,0.0,0.0,0.0,0.0,0.0,0.0,0.0,0.0,0.0,0.0,0.0,0.0,0.0,0.0,0.0,0.0,0.0,0.0,0.0,0.0,0.0,0.0,0.0,0.0,0.0,0.0,0.0,0.0,0.0,0.0,0.0,0.0,0.0,0.0,0.0,0.0,0.0,0.0,0.0,0.0,0.0,0.0,0.0,0.0,0.0,0.0,0.0,0.0,0.0,0.0,0.0,0.0,0.0,0.0,0.0,0.0,0.0,0.0,0.0,0.0,0.0,0.0,0.0,0.0,0.0,0.0,0.0,0.0,0.0,0.0,0.0,0.0,0.0,0.0,0.0,0.0,0.0,0.0,0.0,0.0,0.0,0.0,0.0,0.0,0.0,0.0,0.0,0.0,0.0,0.0,0.0,0.0,0.0,0.0,0.0,0.0,0.0,0.0,0.0,0.0,0.0,0.0,0.0,0.0,0.0,0.0,0.0,0.0,0.0,0.0,0.0,0.0,0.0,0.0,0.0,0.0,0.0,0.0,0.0,0.0,0.0,0.0,0.0,0.0,0.0,0.0,0.0,0.0,0.0,0.0,0.0,0.0,0.0,0.0
VC,0.0,0.0,0.0,0.0,0.0,0.0,0.0,0.0,0.0,0.0,0.0,0.0,0.0,0.0,0.0,0.0,0.0,0.0,0.0,0.0,0.0,0.0,0.0,0.0,0.0,0.0,0.0,0.0,0.0,0.0,0.0,0.0,0.0,0.0,0.0,0.0,0.0,0.0,0.0,0.0,0.0,0.0,0.0,0.0,0.0,0.0,0.0,0.0,0.0,0.0,0.0,0.0,0.0,0.0,0.0,0.0,0.0,0.0,0.0,0.0,0.0,0.0,0.0,0.0,0.0,0.0,0.0,0.0,0.0,0.0,0.0,0.0,0.0,0.0,0.0,0.0,0.0,0.0,0.0,0.0,0.0,0.0,0.0,0.0,0.0,0.0,0.0,0.0,0.0,0.0,0.0,0.0,0.0,0.0,0.0,0.0,0.0,0.0,0.0,0.0,0.0,0.0,0.0,0.0,0.0,0.0,0.0,0.0,0.0,0.0,0.0,0.0,0.0,0.0,0.0,0.0,0.0,0.0,0.0,0.0,0.0,0.0,0.0,0.0,0.0,0.0,0.0,0.0,0.0,0.0,0.0,0.0,0.0,0.0,0.0,0.0,0.0,0.0,0.0,0.0,0.0,0.0,0.0,0.0,0.0,0.0,0.0,0.0,0.0,0.0,0.0,0.0,0.0,0.0,0.0,0.0,0.0,0.0,0.0,0.0,0.0,0.0,0.0,0.0,0.0,0.0,0.0,0.0,0.0,0.0,0.0,0.0,0.0,0.0,0.0,0.0,0.0,0.0,0.0,0.0,0.0,0.0,0.0,0.0,0.0,0.0,0.0,0.0,0.0,0.0,0.0,0.0,0.0,0.0,0.0,0.0,0.0,0.0,0.0,0.0,0.0,0.0,0.0,0.0,0.0,0.0,0.0,0.0,0.0,0.0,0.0,0.0,0.0,0.0,0.0,0.0,0.0,0.0,0.0,0.0,0.0,0.0,0.0,0.0,0.0,0.0,0.0,0.0,0.0,0.0,0.0,0.0,0.0
VE,0.0,0.0,0.0,0.0,0.0,0.0,0.0,0.0,0.0,0.0,0.0,0.0,0.0,0.0,0.0,0.0,0.0,0.0,0.0,0.0,0.0,0.0,0.0,0.0,0.0,0.0,0.0,0.0,0.0,0.0,0.0,0.0,0.0,0.0,0.0,0.0,0.0,0.0,0.0,0.0,0.0,0.0,0.0,0.0,0.0,0.0,0.0,0.0,0.0,0.0,0.0,0.0,0.0,0.0,0.0,0.0,0.0,0.0,0.0,0.0,0.0,0.0,0.0,0.0,0.0,0.0,0.0,0.0,0.0,0.0,0.0,0.0,0.0,0.0,0.0,0.0,0.0,0.0,0.0,0.0,0.0,0.0,0.0,0.0,0.0,0.0,0.0,0.0,0.0,0.0,0.0,0.0,0.0,0.0,0.0,0.0,0.0,0.0,0.0,0.0,0.0,0.0,0.0,0.0,0.0,0.0,0.0,0.0,0.0,0.0,0.0,0.0,0.0,0.0,0.0,0.0,0.0,0.0,0.0,0.0,0.0,0.0,0.0,0.0,0.0,0.0,0.0,0.0,0.0,0.0,0.0,0.0,0.0,0.0,0.0,0.0,0.0,0.0,0.0,0.0,0.0,0.0,0.0,0.0,0.0,0.0,0.0,0.0,0.0,0.0,0.0,0.0,0.0,0.0,0.0,0.0,0.0,0.0,0.0,0.0,0.0,0.0,0.0,0.0,0.0,0.0,0.0,0.0,0.0,0.0,0.0,0.0,0.0,0.0,0.0,0.0,0.0,0.0,0.0,0.0,0.0,0.0,0.0,0.0,0.0,0.0,0.0,0.0,0.0,0.0,0.0,0.0,0.0,0.0,0.0,0.0,0.0,0.0,0.0,0.0,0.0,0.0,0.0,0.0,0.0,0.0,0.0,0.0,0.0,0.0,0.0,0.0,0.0,0.0,0.0,0.0,0.0,0.0,0.0,0.0,0.0,0.0,0.0,0.0,0.0,0.0,0.0,0.0,0.0,0.0,0.0,0.0,0.0
VG,0.0,0.0,0.0,0.0,0.0,0.0,0.0,0.0,0.0,0.0,0.0,0.0,0.0,0.0,0.0,0.0,0.0,0.0,0.0,0.0,0.0,0.0,0.0,0.0,0.0,0.0,0.0,0.0,0.0,0.0,0.0,0.0,0.0,0.0,0.0,0.0,0.0,0.0,0.0,0.0,0.0,0.0,0.0,0.0,0.0,0.0,0.0,0.0,0.0,0.0,0.0,0.0,0.0,0.0,0.0,0.0,0.0,0.0,0.0,0.0,0.0,0.0,0.0,0.0,0.0,0.0,0.0,0.0,0.0,0.0,0.0,0.0,0.0,0.0,0.0,0.0,0.0,0.0,0.0,0.0,0.0,0.0,0.0,0.0,0.0,0.0,0.0,0.0,0.0,0.0,0.0,0.0,0.0,0.0,0.0,0.0,0.0,0.0,0.0,0.0,0.0,0.0,0.0,0.0,0.0,0.0,0.0,0.0,0.0,0.0,0.0,0.0,0.0,0.0,0.0,0.0,0.0,0.0,0.0,0.0,0.0,0.0,0.0,0.0,0.0,0.0,0.0,0.0,0.0,0.0,0.0,0.0,0.0,0.0,0.0,0.0,0.0,0.0,0.0,0.0,0.0,0.0,0.0,0.0,0.0,0.0,0.0,0.0,0.0,0.0,0.0,0.0,0.0,0.0,0.0,0.0,0.0,0.0,0.0,0.0,0.0,0.0,0.0,0.0,0.0,0.0,0.0,0.0,0.0,0.0,0.0,0.0,0.0,0.0,0.0,0.0,0.0,0.0,0.0,0.0,0.0,0.0,0.0,0.0,0.0,0.0,0.0,0.0,0.0,0.0,0.0,0.0,0.0,0.0,0.0,0.0,0.0,0.0,0.0,0.0,0.0,0.0,0.0,0.0,0.0,0.0,0.0,0.0,0.0,0.0,0.0,0.0,0.0,0.0,0.0,0.0,0.0,0.0,0.0,0.0,0.0,0.0,0.0,0.0,0.0,0.0,0.0,0.0,0.0,0.0,0.0,0.0,0.0
VN,0.0,0.0,0.0,0.0,0.0,0.0,0.0,0.0,0.0017866204896406002,0.0001316309069369,0.3342669467126458,0.0,0.0,0.0,0.0040485829959514,0.0,0.0002553626149131,0.004034114770113583,0.0,0.00029923958389208293,0.0,0.0,0.0,0.0,0.0,0.0,0.0,0.0068362456493775,0.0,0.0,0.0,0.0,0.0,0.0,0.0055049600712685,0.0,0.0005107252298263,0.0,0.0,0.0024338021529032,0.0,0.0,0.0017537089904003998,0.0002553626149131,1.0456853352221123,0.0017276263062779,0.0002553626149131,0.0,0.0,0.0,0.0,0.0,0.0060693009003789,0.0093693097147589,0.0,0.0013341521060908001,0.0,0.00029923958389208293,0.0002553626149131,0.0,0.0,0.0,0.0,0.0,0.0252535884993443,0.0,0.0,0.0,0.0,0.0,0.0040381048592591,0.0,1.6090686545575483,0.0,0.0009920634920634,0.0,0.0,0.0002553626149131,0.0,0.0,0.0,0.0,0.0,0.0,0.0039901297724862,0.0002553626149131,0.0,0.0,0.0,0.0080971659919028,0.0,0.0087998991261384,1.0005107252298262,0.0019230769230769,0.0005773892357804,0.0,0.0664237347532516,0.0,0.0,0.0,0.0002553626149131,0.0061073802546076,0.0,0.0,0.0002553626149131,0.0119718282335557,0.00029923958389208293,0.0002553626149131,0.0,0.0,0.0,0.0,0.0,0.020630735160338802,0.0,0.0,0.0,0.0,0.0,0.0,0.0,0.0,0.0,0.0,0.0002553626149131,0.0009615384615384,0.0002553626149131,0.0,0.0,0.0,0.0,0.0,0.0,0.0,0.0,0.0,0.0,0.0,0.0,0.0,0.0,0.0,0.0,0.0,0.0,0.0,0.000661944405761,0.0131935842960492,0.0,0.0,0.0,0.0,0.0,0.0007660878447395,0.0,0.0012775493614977,0.0,0.0005107252298263,0.0,0.0,8.775393795796587e-05,0.0,0.0,0.0009859523455202999,0.0,0.0,0.012963024490324,0.0,0.0005238328204872,0.0,0.0,0.0,0.0022318708577673003,0.0,0.0,0.0,0.0,0.0100946449144836,0.0029761904761904,0.021340142656513197,0.0,0.0,0.0,0.0,0.0002553626149131,0.0002553626149131,0.000866079451629483,0.0,0.0,0.0,0.0009615384615384,0.0,0.0,0.0,0.0,0.0,0.0,0.0,0.0,0.0,0.0,0.0,0.0,0.0,0.0,0.012674847823286501,0.0,0.0,0.0,0.0,0.0,0.0311988268006265,0.0,0.0,0.024679690059604603,0.0,0.0013727983102626,4.387696897898293e-05,4.7031237833203745,0.0,0.0,0.0,0.0,0.0,0.0,34.81814313087254,0.0,0.0,0.0,0.0,0.0041851696441562,0.0,0.0
VU,0.0,0.0,0.0,0.0,0.0,0.0,0.0,0.0,0.0,0.0,0.0,0.0,0.0,0.0,0.0,0.0,0.0,0.0,0.0,0.0,0.0,0.0,0.0,0.0,0.0,0.0,0.0,0.0,0.0,0.0,0.0,0.0,0.0,0.0,0.0,0.0,0.0,0.0,0.0,0.0,0.0,0.0,0.0,0.0,0.0,0.0,0.0,0.0,0.0,0.0,0.0,0.0,0.0,0.0,0.0,0.0,0.0,0.0,0.0,0.0,0.0,0.0,0.0,0.0,0.0,0.0,0.0,0.0,0.0,0.0,0.0,0.0,0.0,0.0,0.0,0.0,0.0,0.0,0.0,0.0,0.0,0.0,0.0,0.0,0.0,0.0,0.0,0.0,0.0,0.0,0.0,0.0,0.0,0.0,0.0,0.0,0.0,0.0,0.0,0.0,0.0,0.0,0.0,0.0,0.0,0.0,0.0,0.0,0.0,0.0,0.0,0.0,0.0,0.0,0.0,0.0,0.0,0.0,0.0,0.0,0.0,0.0,0.0,0.0,0.0,0.0,0.0,0.0,0.0,0.0,0.0,0.0,0.0,0.0,0.0,0.0,0.0,0.0,0.0,0.0,0.0,0.0,0.0,0.0,0.0,0.0,0.0,0.0,0.0,0.0,0.0,0.0,0.0,0.0,0.0,0.0,0.0,0.0,0.0,0.0,0.0,0.0,0.0,0.0,0.0,0.0,0.0,0.0,0.0,0.0,0.0,0.0,0.0,0.0,0.0,0.0,0.0,0.0,0.0,0.0,0.0,0.0,0.0,0.0,0.0,0.0,0.0,0.0,0.0,0.0,0.0,0.0,0.0,0.0,0.0,0.0,0.0,0.0,0.0,0.0,0.0,0.0,0.0,0.0,0.0,0.0,0.0,0.0,0.0,0.0,0.0,0.0,0.0,0.0,0.0,0.0,0.0,0.0,0.0,0.0,0.0,0.0,0.0,0.0,0.0,0.0,0.0,0.0,0.0,0.0,0.0,0.0,0.0
WS,0.0,0.0,0.0,0.0,0.0,0.0,0.0,0.0,0.0,0.0,0.0,0.0,0.0,0.0,0.0,0.0,0.0,0.0,0.0,0.0,0.0,0.0,0.0,0.0,0.0,0.0,0.0,0.0,0.0,0.0,0.0,0.0,0.0,0.0,0.0,0.0,0.0,0.0,0.0,0.0,0.0,0.0,0.0,0.0,0.0,0.0,0.0,0.0,0.0,0.0,0.0,0.0,0.0,0.0,0.0,0.0,0.0,0.0,0.0,0.0,0.0,0.0,0.0,0.0,0.0,0.0,0.0,0.0,0.0,0.0,0.0,0.0,0.0,0.0,0.0,0.0,0.0,0.0,0.0,0.0,0.0,0.0,0.0,0.0,0.0,0.0,0.0,0.0,0.0,0.0,0.0,0.0,0.0,0.0,0.0,0.0,0.0,0.0,0.0,0.0,0.0,0.0,0.0,0.0,0.0,0.0,0.0,0.0,0.0,0.0,0.0,0.0,0.0,0.0,0.0,0.0,0.0,0.0,0.0,0.0,0.0,0.0,0.0,0.0,0.0,0.0,0.0,0.0,0.0,0.0,0.0,0.0,0.0,0.0,0.0,0.0,0.0,0.0,0.0,0.0,0.0,0.0,0.0,0.0,0.0,0.0,0.0,0.0,0.0,0.0,0.0,0.0,0.0,0.0,0.0,0.0,0.0,0.0,0.0,0.0,0.0,0.0,0.0,0.0,0.0,0.0,0.0,0.0,0.0,0.0,0.0,0.0,0.0,0.0,0.0,0.0,0.0,0.0,0.0,0.0,0.0,0.0,0.0,0.0,0.0,0.0,0.0,0.0,0.0,0.0,0.0,0.0,0.0,0.0,0.0,0.0,0.0,0.0,0.0,0.0,0.0,0.0,0.0,0.0,0.0,0.0,0.0,0.0,0.0,0.0,0.0,0.0,0.0,0.0,0.0,0.0,0.0,0.0,0.0,0.0,0.0,0.0,0.0,0.0,0.0,0.0,0.0,0.0,0.0,0.0,0.0,0.0,0.0
YE,0.0,0.0,0.0,0.0,0.0,0.0,0.0,0.0,0.0,0.0,0.0,0.0,0.0,0.0,0.0,0.0,0.0,0.0,0.0,0.0,0.0,0.0,0.0,0.0,0.0,0.0,0.0,0.0,0.0,0.0,0.0,0.0,0.0,0.0,0.0,0.0,0.0,0.0,0.0,0.0,0.0,0.0,0.0,0.0,0.0,0.0,0.0,0.0,0.0,0.0,0.0,0.0,0.0,0.0,0.0,0.0,0.0,0.0,0.0,0.0,0.0,0.0,0.0,0.0,0.0,0.0,0.0,0.0,0.0,0.0,0.0,0.0,0.0,0.0,0.0,0.0,0.0,0.0,0.0,0.0,0.0,0.0,0.0,0.0,0.0,0.0,0.0,0.0,0.0,0.0,0.0,0.0,0.0,0.0,0.0,0.0,0.0,0.0,0.0,0.0,0.0,0.0,0.0,0.0,0.0,0.0,0.0,0.0,0.0,0.0,0.0,0.0,0.0,0.0,0.0,0.0,0.0,0.0,0.0,0.0,0.0,0.0,0.0,0.0,0.0,0.0,0.0,0.0,0.0,0.0,0.0,0.0,0.0,0.0,0.0,0.0,0.0,0.0,0.0,0.0,0.0,0.0,0.0,0.0,0.0,0.0,0.0,0.0,0.0,0.0,0.0,0.0,0.0,0.0,0.0,0.0,0.0,0.0,0.0,0.0,0.0,0.0,0.0,0.0,0.0,0.0,0.0,0.0,0.0,0.0,0.0,0.0,0.0,0.0,0.0,0.0,0.0,0.0,0.0,0.0,0.0,0.0,0.0,0.0,0.0,0.0,0.0,0.0,0.0,0.0,0.0,0.0,0.0,0.0,0.0,0.0,0.0,0.0,0.0,0.0,0.0,0.0,0.0,0.0,0.0,0.0,0.0,0.0,0.0,0.0,0.0,0.0,0.0,0.0,0.0,0.0,0.0,0.0,0.0,0.0,0.0,0.0,0.0,0.0,0.0,0.0,0.0,0.0,0.0,0.0,0.0,0.0,0.0
YT,0.0,0.0,0.0,0.0,0.0,0.0,0.0,0.0,0.0,0.0,0.0,0.0,0.0,0.0,0.0,0.0,0.0,0.0,0.0,0.0,0.0,0.0,0.0,0.0,0.0,0.0,0.0,0.0,0.0,0.0,0.0,0.0,0.0,0.0,0.0,0.0,0.0,0.0,0.0,0.0,0.0,0.0,0.0,0.0,0.0,0.0,0.0,0.0,0.0,0.0,0.0,0.0,0.0,0.0,0.0,0.0,0.0,0.0,0.0,0.0,0.0,0.0,0.0,0.0,0.0,0.0,0.0,0.0,0.0,0.0,0.0,0.0,0.0,0.0,0.0,0.0,0.0,0.0,0.0,0.0,0.0,0.0,0.0,0.0,0.0,0.0,0.0,0.0,0.0,0.0,0.0,0.0,0.0,0.0,0.0,0.0,0.0,0.0,0.0,0.0,0.0,0.0,0.0,0.0,0.0,0.0,0.0,0.0,0.0,0.0,0.0,0.0,0.0,0.0,0.0,0.0,0.0,0.0,0.0,0.0,0.0,0.0,0.0,0.0,0.0,0.0,0.0,0.0,0.0,0.0,0.0,0.0,0.0,0.0,0.0,0.0,0.0,0.0,0.0,0.0,0.0,0.0,0.0,0.0,0.0,0.0,0.0,0.0,0.0,0.0,0.0,0.0,0.0,0.0,0.0,0.0,0.0,0.0,0.0,0.0,0.0,0.0,0.0,0.0,0.0,0.0,0.0,0.0,0.0,0.0,0.0,0.0,0.0,0.0,0.0,0.0,0.0,0.0,0.0,0.0,0.0,0.0,0.0,0.0,0.0,0.0,0.0,0.0,0.0,0.0,0.0,0.0,0.0,0.0,0.0,0.0,0.0,0.0,0.0,0.0,0.0,0.0,0.0,0.0,0.0,0.0,0.0,0.0,0.0,0.0,0.0,0.0,0.0,0.0,0.0,0.0,0.0,0.0,0.0,0.0,0.0,0.0,0.0,0.0,0.0,0.0,0.0,0.0,0.0,0.0,0.0,0.0,0.0
ZA,0.0,0.0004358776557184,0.0,0.0,0.0,0.0,0.0,0.0,0.034185194848588,0.0065578240030822,0.4734758840488081,0.0,0.0,0.0,0.0147416388807818,0.0005096839959225,0.0002553626149131,1.0627952322146843,0.0,0.0022922808025849,0.0,0.0,0.0,0.0,0.0,0.0,0.0,0.1646719284541177,0.0,0.0,0.0,1.0,3.345600535296086e-05,0.0,0.086172109421736,0.0,0.0005107252298263,0.0,0.0,1.9513913699488055,0.1007824726134585,0.0,0.0818520297730007,0.0002553626149131,0.31459686053153246,0.0103369315774097,0.0002553626149131,0.0003807348181991,0.0,0.0,0.0,0.0,0.0595461853827642,0.34942774744263233,0.0,1.249920368348524,0.0,0.0002553626149131,0.0002553626149131,0.0,0.0138191576286038,0.0002744416965425,0.0,0.0,0.34006688724221,0.0,0.0108242432290703,0.0,0.0,0.0,0.4762567565191306,0.0,0.8819679777157913,0.0,0.005321667609778699,0.0,0.0,1.000255362614913,0.0,0.0,1.0,0.0,0.0,0.0,0.0241940166730217,0.0002553626149131,0.0,0.0,0.0,0.0105860383449984,0.0,0.065739186089652,0.0005107252298263,0.0092648668935259,0.0682547770064929,0.0,0.2809634402114439,0.0,0.0,0.0,0.0002553626149131,0.1597572523717311,0.0,0.0005096839959225,0.1055805538555973,0.2686193689248431,0.31589897333008077,0.0002553626149131,0.0,0.0,0.0,0.0,0.0,0.1756346400981242,0.0,0.0,0.0,0.0,0.0051429049191923,0.0,0.0,0.0,0.0,0.0,0.012974099220941199,0.0,0.0065693379034035,0.0,0.0038479217739997,0.0,0.0,0.0024009368384010996,0.0,0.0,0.0,0.0,0.0,0.0,0.0,0.0,0.0,0.0,0.0,0.0,0.0,0.1,0.013680729335021999,0.1598690030121315,0.0,0.0,0.0,0.0,0.0,0.1696851542951069,0.0,0.0083675555360864,0.0106922762798799,0.33384405856315963,0.0,0.0,0.037699111744795996,0.0,0.0,0.012819501410947,0.0,0.0,0.0127703581915005,0.0555555555555555,0.0514052059857773,0.0,0.0,0.0,0.0156657306193433,0.0,0.0,0.000196986112479,0.0,0.0230913326554959,0.0129204847330814,0.0855299420058357,0.0,0.0031341764257723998,0.0,0.0,0.0002553626149131,0.025122783114724198,0.015492040914263901,0.0,0.0009846849598427999,0.0,0.0048780428505625,0.0,0.0,0.2,0.0,0.0,0.0,0.0,0.0,0.0,0.0,0.0555555555555555,0.0,0.0,0.0,0.0746121899742139,0.0,0.0,0.0,0.0040322580645161,0.0,0.1739301955151059,0.0,0.0,0.10714934269080861,0.1,0.0243583408526325,1.9742553217476477,7.514429419848472,0.0,0.0,0.0,0.0,0.0,0.0,0.0041851696441562,0.0,0.0,0.0,0.0,37.8426496004158,0.0,0.1555555555555555
ZM,0.0,0.0,0.0,0.0,0.0,0.0,0.0,0.0,0.0002947244326554,1.0001473622163277,0.0,0.0,0.0,0.0,0.0,0.0,0.0151515151515151,0.0002947244326554,0.0,0.0,0.0,0.0,0.0,0.0,0.0,0.0,0.0,0.0001473622163277,0.0,0.0,0.0,0.0,0.0,0.0,0.0004420866489832,0.0,0.0151515151515151,0.0,0.0,0.3333333333333333,0.0,0.0,0.0,0.1,0.0002947244326554,0.0,0.0,0.0,0.0,0.0,0.0,0.0,0.0001473622163277,0.0007368110816386,0.0,0.0001473622163277,0.0,0.0,0.0,0.0,0.0001473622163277,0.0002947244326554,0.0,0.0,0.0005894488653109,0.0,0.0,0.0,0.0,0.0,1.334659593280283,0.0,0.0163304128821369,0.0,0.0,0.0,0.0,0.0151515151515151,0.0,0.0,0.0,0.0,0.0,0.0,0.0001473622163277,0.0,0.0,0.0,0.0,0.0002947244326554,0.0,0.0002947244326554,0.0001473622163277,0.0001473622163277,0.0001473622163277,0.0,0.0002947244326554,0.0,0.0,0.0001473622163277,0.0,0.0010315355142941,0.0,0.0,0.0,0.0008841732979664,0.0,0.0,0.0,0.0,0.0,0.0,0.0,0.0155936018004983,0.0,0.0,0.0,0.0,0.0,0.0,0.0,0.0001473622163277,0.0,0.0,0.0001473622163277,0.0,0.0001473622163277,0.0,0.0001473622163277,0.0,0.0,0.0,0.0,0.0,0.0,0.0,0.0,0.0,0.0,0.0,0.0,0.0,0.0,0.0,0.0,0.0,0.0001473622163277,0.0001473622163277,0.0,0.0,0.0,0.0,0.0,0.1005894488653109,0.0,0.0011788977306218,0.0001473622163277,0.0151515151515151,0.0,0.0,0.0,0.0,0.0,0.0,0.0,0.0,0.0001473622163277,0.0155936018004983,0.0002947244326554,0.0,0.0,0.0,0.0001473622163277,0.0,0.0,0.0,0.0,0.0001473622163277,0.0001473622163277,0.0002947244326554,0.0,0.0,0.0,0.0,0.0,0.0154462395841705,0.0001473622163277,0.0,0.0001473622163277,0.0,0.0,0.0151515151515151,0.0,0.0,0.0,0.0,0.0,0.0,0.0,0.0,0.0,0.0,0.0,0.0,0.0,0.0001473622163277,0.0,0.0,0.0,1.0002947244326554,0.0,0.0004420866489832,0.0,0.0,0.10014736221632771,0.1151515151515151,0.0,0.0,0.6827023551161482,0.0,0.0,0.0,0.0,0.0,0.0,0.0,0.0,0.0,0.0,0.0,0.0,5.2504273504273495,0.0
ZW,0.0,0.0,0.0,0.0,0.0,0.0,0.0,0.0,0.0,0.0,0.0,0.0,0.0,0.0,0.0,0.0,0.0,0.0,0.0,0.0,0.0,0.0,0.0,0.0,0.0,0.0,0.0,0.0,0.0,0.0,0.0,0.0,0.0,0.0,0.0,0.0,0.0,0.0,0.0,0.0,0.0,0.0,0.0,0.0,0.0,0.0,0.0,0.0,0.0,0.0,0.0,0.0,0.0,0.0,0.0,0.0,0.0,0.0,0.0,0.0,0.0,0.0,0.0,0.0,0.0,0.0,0.0,0.0,0.0,0.0,0.1,0.0,0.8777777777777778,0.0,0.0,0.0,0.0,0.0,0.0,0.0,0.0,0.0,0.0,0.0,0.0,0.0,0.0,0.0,0.0,0.0,0.0,0.0,0.0,0.0,0.0,0.0,0.0,0.0,0.0,0.0,0.0,0.0,0.0,0.0,0.0,0.0,0.0888888888888888,0.0,0.0,0.0,0.0,0.0,0.0,0.0,0.0,0.0,0.0,0.0,0.0,0.0,0.0,0.0,0.0,0.0,0.0,0.0,0.0,0.0,0.0,0.0,0.0,0.0,0.0,0.0,0.0,0.0,0.0,0.0,0.0,0.0,0.0,0.0,0.0,0.0,0.0,0.0,0.0,0.0,0.0,0.0,0.0,0.0,0.0,0.0277777777777777,0.0,0.0,0.0,0.0,0.0,0.0,0.0,0.0,0.0,0.0,0.0,0.0,0.0,0.0,0.0,0.0,0.0,0.0,0.0,0.0,0.0,0.0,0.0,0.0,0.0,0.0,0.0,0.0,0.0,0.0,0.0,0.0,0.0,0.0,0.0,0.0,0.0,0.0,0.0,0.0,0.0,0.0,0.0,0.0,0.0,0.0,0.0,0.0,0.0,0.0,0.0,0.0,0.0,0.0,0.0,0.0,0.0,0.0,0.0,0.0,0.0,0.0,0.0,0.1055555555555555,0.8,0.0,0.0,0.0,0.0,0.0,0.0,0.0,0.0,0.0,0.0,0.0,0.1555555555555555,0.0,2.322222222222222
