,AD,AE,AF,AG,AI,AL,AM,AO,AR,AT,AU,AW,AX,AZ,BA,BB,BD,BE,BF,BG,BH,BI,BJ,BM,BN,BO,BQ,BR,BS,BT,BV,BW,BY,BZ,CA,CC,CD,CF,CG,CH,CI,CK,CL,CM,CN,CO,CR,CU,CV,CW,CX,CY,CZ,DE,DJ,DK,DM,DO,DZ,EC,EE,EG,EH,ER,ES,ET,FI,FJ,FM,FO,FR,GA,GB,GD,GE,GF,GG,GH,GI,GL,GM,GN,GP,GQ,GR,GT,GW,GY,HN,HR,HT,HU,ID,IE,IL,IM,IN,IO,IQ,IR,IS,IT,JE,JM,JO,JP,KE,KG,KH,KI,KM,KN,KP,KR,KW,KY,KZ,LA,LB,LC,LI,LK,LR,LS,LT,LU,LV,LY,MA,MC,MD,ME,MF,MG,MH,MK,ML,MM,MN,MQ,MR,MS,MT,MU,MV,MW,MX,MY,MZ,NA,NC,NE,NF,NG,NI,NL,NO,NP,NR,NU,NZ,OM,PA,PE,PF,PG,PH,PK,PL,PM,PN,PS,PT,PW,PY,QA,RE,RO,RS,RU,RW,SA,SB,SC,SD,SE,SG,SH,SI,SJ,SK,SL,SM,SN,SO,SR,SS,ST,SV,SX,SY,SZ,TC,TD,TG,TH,TJ,TL,TM,TN,TO,TR,TT,TV,TW,TZ,UA,UG,US,UY,UZ,VA,VC,VE,VG,VN,VU,WS,YE,YT,ZA,ZM,ZW
AD,6.1162457121921445,0.0,0.0,0.0,0.0,0.0,0.0,0.0,0.009949243501875,0.0,0.0,0.0,0.0,0.0,0.0,0.0,0.0,0.0,0.0,0.0,0.0,0.0,0.0,0.0,0.0,0.0,0.0,0.0080553041079356,0.0,0.0,0.0,0.0,0.0,0.0,0.0714285714285714,0.0,0.0,0.0,0.0,0.4464944573879702,0.0,0.0,0.0014224751066856,0.0,0.0,0.0014224751066856,0.0,0.0,0.0,0.0,0.0,0.0,0.0,0.1706190365921088,0.0,0.0,0.0,0.0,0.0,0.0,0.0,0.0,0.0,0.0,1.2786380597742106,0.0,0.0,0.0,0.0,0.0,0.063847919952571,0.0,0.932008555692766,0.0,0.0,0.0,0.0,0.0,0.0,0.0,0.0,0.0,0.0,0.0,0.0151515151515151,0.0,0.0,0.0,0.0,0.0,0.0,0.0,0.0,0.0,0.0,0.0,0.0,0.0,0.0,0.0,0.0,0.0094836238502089,0.0,0.0,0.0,0.1666666666666666,0.0,0.0,0.0,0.0,0.0,0.0,0.0,0.0,0.0,0.0,0.0,0.0,0.0014224751066856,0.0,0.0,0.0,0.0,0.0,0.0,0.0,0.0,0.0,0.0,0.0,0.0,0.0,0.0,0.0,0.0,0.0,0.0,0.0,0.0,0.0026455026455026,0.0,0.0,0.0,0.0,0.0,0.0,0.0,0.0,0.0,0.0,0.0,0.0,0.0,0.0,0.0,0.0,0.0,0.0,0.0,0.0,0.0,0.0,0.0,0.0,0.0,0.0,0.0,0.0,0.0,0.0,0.0,0.0,0.0018939393939393,0.0,0.0,0.0,0.0,0.0026455026455026,0.0,0.0,0.0,0.0,0.0,0.0,0.0,0.0,0.0,0.0,0.0,0.0,0.0014224751066856,0.0,0.0,0.0,0.0,0.0,0.0,0.0,0.0,0.0,0.0,0.0,0.0,0.0,0.0,0.0,0.0,0.0,0.0,0.0052910052910052,0.0,0.0094777792146213,0.0,0.0,0.0,0.0,0.0,0.0,0.0060027182120205,0.0,0.0,0.0,0.0,0.0,0.0,0.0,0.0,0.0,0.0,0.0,0.0,0.0,0.0
AE,0.0,1892.1653590813175,0.0,0.2666666666666666,0.0,1.4289235110198974e-05,0.0043305181902967,1.5138612924590783e-06,0.3632959126336528,1.8425916447441735,22.772496409189777,0.2,0.0,0.0357705057619591,0.027795810538100475,3.612739442088102e-06,3.690621437959334,2.555809406254478,0.0,0.0072851666448234,5.291857765228812,0.0,3.228209580521801e-05,0.0,0.3940539329128903,0.0,0.0,3.728235605053941,0.0,0.0,0.0,0.16516530392247636,0.1666666666666666,7.569306462295393e-07,24.62030636853413,0.0,3.784653231147696e-06,0.0,0.0,4.558167075850825,2.56330036727359e-06,0.0,0.0810479585830471,0.2674953220591521,21.80364311061043,0.0918283413629187,8.739340176635283e-06,0.23813293930020638,1.806369721044051e-06,0.0,0.0,4.150751513197444,1.5969564357191313,14.82209081628658,0.0,0.10172616774898191,0.0,1.3532304463969434e-05,6.972221330936025,0.1496424709390523,1.0199205090069257,70.7272814014419,0.0,0.0,10.279608075413774,1.711137797719169,5.384663476333712,1.806369721044051e-06,0.000171998624011,5.546311702717693e-05,11.496667345117428,0.0,53.05217333910721,0.0,5.983278711549456e-05,0.0,0.0,0.0109044211830313,0.0,0.0,5.6976978319636e-05,0.0,0.0,0.0,2.8734491192215996,2.1060482907636772e-05,0.0,0.4048181248095782,0.0095238095238095,0.0027096335157673,2.56330036727359e-06,1.3562956719938273,1.06280924335636,0.9862057000433874,0.5038204289059156,0.0,94.96803755412898,0.0,4.012076700041319,14.369645037135632,0.0010661143010365,11.519349059754738,0.0,1.5207888414581947e-05,51.499675222563276,6.214361206179752,0.20093874152716035,0.1794907922266216,0.1,0.0,0.0,0.0,0.0,22.681285333247793,4.903537890396519,0.0,1.0657748416076527,0.0,18.467086973958292,0.0,0.0,0.0005317677386705,0.000171998624011,0.1,0.06703461813426927,0.3718013403431097,0.0001652532917792,1.8296152218206703,4.079473458105807,0.0,2.56330036727359e-06,7.225478884176204e-06,0.0,0.0,0.0,0.2133717697396844,0.0043290043290043,1.293709647589333e-05,5.546311702717693e-05,0.0043290043290043,0.0,0.0,3.740869653976519e-05,1.806369721044051e-06,0.0,3.612739442088102e-06,0.2038346214273861,25.77977811249886,2.56330036727359e-06,0.0,0.0,1.806369721044051e-06,5.546311702717693e-05,2.1411555508156246,0.0,3.300693747944551,2.6537516223203497,1.2979423393271108,0.0,0.0,1.03895786796613,12.603988779135364,0.005166146329330011,0.1037812844653328,0.0043290043290043,0.0,0.8110859926923645,44.18624391440739,2.5683733281055705,0.0,0.0,0.578524554460618,5.860375136627903,0.0,5.12660073454718e-06,14.87241504257706,0.0,0.9443840144739518,1.0924365387896604,4.72616124191069,0.000343997248022,57.33647456277249,3.612739442088102e-06,3.612739442088102e-06,5.867914393673684,3.3722984222354437,6.498477254276665,0.0,0.7677465849610609,0.0,0.0012602761108674863,0.0,3.612739442088102e-06,0.0,0.0,0.0,7.569306462295393e-07,0.0,8.113195300837282e-06,0.0,0.7066155261807436,0.0,0.0,0.0,0.0,1.0510659409684033,4.369670088317641e-06,0.0,1.806369721044051e-06,2.0921227537970544,1.806369721044051e-06,9.458383949903958,0.5309523809523808,0.0,4.534749210312507,0.0020197417717000878,0.23410154350521048,9.106544384589806e-05,136.31106839879422,0.0035379686646482117,0.3241813372429013,0.0,0.0,3.9093243230355385e-05,0.0,1.047760576196334,0.0,7.569306462295393e-07,1.2808320369893902,0.0,2.9635621086959825,0.0,0.5426796747518602
AF,0.0,0.0,74.91391433651546,0.0,0.0,3.5985461873403146e-05,3.5985461873403146e-05,3.5985461873403146e-05,1.7992730936701573e-05,0.3333693187952067,0.1430010847046364,0.0,0.0,3.5985461873403146e-05,0.0,0.0,0.0369549758951784,3.5985461873403146e-05,3.5985461873403146e-05,3.5985461873403146e-05,0.0,1.7992730936701573e-05,1.7992730936701573e-05,0.0,0.0,3.5985461873403146e-05,0.0,8.996365468350786e-05,0.0,0.0074352548036758,0.0,1.7992730936701573e-05,3.5985461873403146e-05,0.0,0.5477270040046678,0.0,5.397819281010472e-05,1.7992730936701573e-05,0.0,0.1258709716568623,1.7992730936701573e-05,0.0,5.397819281010472e-05,5.397819281010472e-05,1.6836392097592574,1.7992730936701573e-05,1.7992730936701573e-05,3.5985461873403146e-05,0.0,0.0,0.0,0.0,5.397819281010472e-05,0.9448771657289416,0.0,3.5985461873403146e-05,0.0,3.5985461873403146e-05,1.7992730936701573e-05,5.397819281010472e-05,1.7992730936701573e-05,0.1389968452745091,0.0,0.0,0.0279756978180814,7.197092374680629e-05,0.1666846593976033,0.0,0.0,0.0,0.5000539781928102,1.7992730936701573e-05,1.0768265570289435,0.0,3.5985461873403146e-05,0.0,0.0,7.197092374680629e-05,0.0,0.0,0.0,0.0,0.0,0.0,0.0,3.5985461873403146e-05,0.0,0.0,3.5985461873403146e-05,1.7992730936701573e-05,3.5985461873403146e-05,3.5985461873403146e-05,0.0119837901277357,1.7992730936701573e-05,0.0001619345784303,0.0,1.364419356534847,0.0,0.0478169676593513,4.58209643574252,0.0,0.1905661541308739,0.0,3.5985461873403146e-05,3.5985461873403146e-05,2.7531925959055394,3.5985461873403146e-05,1.7992730936701573e-05,1.7992730936701573e-05,0.0,0.0,0.0,0.0,0.16670265212854,0.0,0.0,0.5666846593976034,1.7992730936701573e-05,0.047655033080921,0.0,0.0,0.0074532475346125,0.0,0.0,1.7992730936701573e-05,0.0,3.5985461873403146e-05,3.5985461873403146e-05,8.996365468350786e-05,0.0,0.0,0.0,0.0,1.7992730936701573e-05,0.0,1.7992730936701573e-05,3.5985461873403146e-05,1.7992730936701573e-05,1.7992730936701573e-05,0.0,3.5985461873403146e-05,0.0,0.0,0.0058479532163742,0.0058479532163742,5.397819281010472e-05,5.397819281010472e-05,0.7177010370163395,5.397819281010472e-05,0.0,0.0,1.7992730936701573e-05,0.0,0.139122794391066,3.5985461873403146e-05,3.5985461873403146e-05,0.0277957705087144,0.0369009977023683,0.0,0.0,3.5985461873403146e-05,0.0,3.5985461873403146e-05,0.0001619345784303,0.0,1.7992730936701573e-05,3.5985461873403146e-05,17.14717835005876,7.197092374680629e-05,0.0,0.0,0.0,3.5985461873403146e-05,0.0,3.5985461873403146e-05,0.2476190476190476,0.0,5.397819281010472e-05,5.397819281010472e-05,0.3612190674967313,1.7992730936701573e-05,0.6672798527057406,0.0,0.0,3.5985461873403146e-05,3.5985461873403146e-05,3.5985461873403146e-05,0.0,3.5985461873403146e-05,0.0,3.5985461873403146e-05,0.0,0.0,3.5985461873403146e-05,0.0,0.0,0.0,0.0,3.5985461873403146e-05,0.0,0.0,1.7992730936701573e-05,0.0,1.7992730936701573e-05,1.7992730936701573e-05,0.0002339055021771,0.0,1.7992730936701573e-05,0.0,0.0441356397897602,0.0,2.5160169577205096,0.0,0.0,1.7992730936701573e-05,8.996365468350786e-05,5.397819281010472e-05,7.197092374680629e-05,2.1642114144327254,1.7992730936701573e-05,1.7992730936701573e-05,0.0,0.0,3.5985461873403146e-05,0.0,0.07708479051774,0.0,0.0,1.7992730936701573e-05,0.0,0.0002159127712404,3.5985461873403146e-05,1.7992730936701573e-05
AG,0.0,0.2666666666666666,0.0,18.056922609554185,0.0,0.0,0.0,0.0,0.0,0.0285714285714285,0.0095238095238095,0.4,0.0,0.0,0.0,0.0,0.0181818181818181,0.0,0.0,0.0,1.0,0.0,0.0,0.0,0.0,0.0,0.0,0.0,0.0952380952380952,0.0,0.0,0.0,0.0,0.0,0.1047619047619047,0.0,0.0,0.0,0.0,0.0,0.0,0.0,0.0,0.0,0.0,0.0,0.0246753246753246,0.0,0.0,0.0538961038961038,0.0,0.0,0.0,0.0,0.0,0.0,2.2017543859649122,0.0,0.0,0.0,0.0,0.0095238095238095,0.0,0.0,0.0,0.0666666666666666,0.0,0.2,0.0,0.0,0.0,0.0,0.1,0.0,0.0,0.0,0.0,0.0761904761904761,0.0,0.0,0.0,0.0,0.0,0.0,0.0,0.0,0.0,0.0,0.0,0.0,0.0,0.0,0.0,0.0109890109890109,0.0,0.0,1.8767974715343136,0.0,0.0,0.0,0.0,0.0109890109890109,0.0,0.0,0.0,0.0,0.0,0.0,0.0,0.0,0.0,0.3333333333333333,0.0,0.0,0.0,0.0,0.0,0.0,0.0,0.0532581453634085,0.0,0.0,0.0,0.0,0.0,0.0,0.0,0.0,0.0,0.0,0.0,0.0,0.0,0.0,0.0,0.0,0.0,0.0,0.0,0.0,0.0,0.0,0.0,0.2,0.0,0.0,0.0,0.0095238095238095,0.0,0.0,0.0,0.0,0.0,0.0761904761904762,0.0,0.0,0.0,0.0,0.0,0.0,0.0,0.0,0.0,0.0,0.0,0.0,0.0095238095238095,0.3156177156177157,0.0,0.0,0.0,0.0151515151515151,0.0,0.0,0.0,0.0,0.0,0.0095238095238095,0.0095238095238095,0.0761904761904762,0.0,0.0,0.0,0.0,0.0,0.0,0.0,0.0,0.0095238095238095,0.0,0.0,0.0,0.0,0.0,0.0,0.0,0.0,0.0,0.0,0.0,0.0,0.0,0.0,0.0,0.0,0.1,0.0,0.0,0.0,0.0095238095238095,0.0,0.0508658008658008,0.0,0.0,0.0,0.0,0.0,0.0,4.598555830134778,0.0095238095238095,0.0,0.0,0.0357142857142857,0.0,0.0,0.0,0.0,0.0,0.0,0.0,0.0,0.0,0.0
AI,0.0,0.0,0.0,0.0,7.404761904761905,0.0,0.0,0.0,0.0,0.0,0.0,0.0,0.0,0.0,0.0,0.0,0.0,0.0,0.0,0.0,0.0,0.0,0.0,0.0,0.0,0.0,0.0,0.0,0.0,0.0,0.0,0.0,0.0,0.0,0.0,0.0,0.0,0.0,0.0,0.0,0.0,0.0,0.0,0.0,0.0,0.0,0.0,0.0,0.0,0.0,0.0,0.0,0.0,0.0,0.0,0.0,0.0,0.0,0.0,0.0,0.0,0.0,0.0,0.0,0.0,0.0,0.0,0.0,0.0,0.0,0.0,0.0,0.0,0.0,0.0,0.0,0.0,0.0,0.0,0.0,0.0,0.0,0.0,0.0,0.0,0.0,0.0,0.0,0.0,0.0,0.0,0.0,0.0,0.0,0.0,0.0,0.0,0.0,0.0,0.0,0.0,0.0,0.0,0.0,0.0,0.0,0.0,0.0,0.0,0.0,0.0,0.1428571428571428,0.0,0.0,0.0,0.0,0.0,0.0,0.0,0.0,0.0,0.0,0.0,0.0,0.0,0.0,0.0,0.0,0.0,0.0,0.0,0.0,0.0,0.0,0.0,0.0,0.0,0.0,0.0,0.0,0.0,0.0,0.0,0.0,0.0,0.0,0.0,0.0,0.0,0.0,0.0,0.0,0.0,0.0,0.0,0.0,0.0,0.0,0.0,0.0,0.0,0.0,0.0,0.0,0.0,0.0,0.0,0.0,0.0,0.0,0.0,0.0,0.0,0.0,0.0,0.0,0.0,0.0,0.0,0.0,0.0,0.0,0.0,0.0,0.0,0.0,0.0,0.0,0.0,0.0,0.0,0.0,0.0,0.0,0.0,0.0,0.0,0.0,0.0,0.0,0.0,0.0,0.0,0.0,0.0,0.0,0.0,0.0,0.0,0.0,0.0,0.6904761904761905,0.0,0.0,0.0,0.0,0.0,0.0,3.242857142857143,0.0,0.0,0.0,0.0,0.0,0.0,0.0,0.0,0.0,0.0,0.0,0.0,0.0,0.0
AL,0.0,1.4289235110198974e-05,3.5985461873403146e-05,0.0,0.0,77.81634840627152,0.0386715045506916,0.0002371343080089,0.0095194325784548,0.081575922702573,0.020383450579316998,0.0,0.0,0.0108339771830836,0.14799282842533118,1.2352079618723384e-05,0.0875847240305544,0.18719462606630122,0.0002310788628391,0.061879139692959,0.0,0.0001155394314195,0.0001217154712289,0.0,1.2352079618723384e-05,3.5985461873403146e-05,0.0,0.020722160838173503,0.0,0.0,0.0,0.0008696872443908,0.0153395820858695,3.027722584918157e-06,0.039295709439189405,0.0,0.0003617569071832,0.0001155394314195,0.0,0.2679752222840462,0.0001247431938138,0.0,0.0015518971700854858,0.0003957854234545,0.19801677782197752,0.00019787327708327456,4.875233534398466e-05,6.068962111084992e-05,6.176039809361692e-06,0.0,0.0,0.0086817047709448,0.2148585850667098,0.4002942906907526,0.0,0.6481483199711098,0.0,6.262677660232552e-05,0.0001421807461484373,9.672530350117626e-05,0.0386856420722256,0.14837561718781503,0.0,0.0,0.4121254898619693,0.0004913656982221,0.0318022364809053,6.176039809361692e-06,0.0,0.0,0.06577191758887971,0.0001155394314195,1.2199503766694173,0.0,0.020998509821109,0.0,0.0,0.0004743892106574,0.0,0.0,6.055445169836314e-06,0.0,0.0,0.0,1.2778904875469608,7.049878262411203e-05,0.0,3.027722584918157e-06,3.5985461873403146e-05,0.1005031454921583,4.5189224267682994e-05,0.15660117718271038,0.00036235759312308645,0.054257777201076704,0.0148165384932886,0.0,0.0313939486699296,0.0,0.0002009477628886,0.6704016640480465,0.0020045402071400087,9.234942540923484,0.0,8.842150293321484e-05,0.001539679718163,0.0016236969948983,0.0068800021575539,0.0180968359126406,1.7992730936701573e-05,0.0,0.0,0.0,0.0,0.0083986166746767,4.207726278376499e-05,0.0,0.2882887693695166,1.7992730936701573e-05,4.833754149212653e-05,0.0,0.0,1.7992730936701573e-05,0.0,0.0,0.0408856662054025,0.016404021441666,0.0405118859157149,0.0002650318379685,0.0006042178771871373,0.0,0.0285143212751581,0.1127767635779333,0.0,0.0001155394314195,0.0,0.6244149959873566,0.0002310788628391,6.134560424175879e-05,1.7992730936701573e-05,0.0,0.0002310788628391,0.0,0.010424240561271,6.176039809361692e-06,0.0,0.0003589703738773,0.1127734047160951,0.000298210703676661,0.0003558220566529,0.0066021010293455,0.0,0.0001217154712289,0.0,0.5097845027909964,3.5985461873403146e-05,1.3820878232456284,0.0405826907983511,0.0001065348285094,0.0,0.0,0.0016256610260172372,0.0,6.553390454771829e-05,0.0002703163981978864,0.0,1.7992730936701573e-05,0.1001097333662508,0.07755502171426115,0.2997083518137003,0.0,0.0,2.470415923744677e-05,0.7724254885788189,0.0,5.439298666196284e-05,1.2352079618723384e-05,0.0,0.2722548658869365,0.49082233766728883,0.0926738382186134,0.0001211982606077,8.611977410680433e-05,1.2352079618723384e-05,1.2352079618723384e-05,0.0002454242438005,0.038746986489104095,0.00017463377863173729,0.0,0.15515665065670578,0.0,0.0064313451148554,0.0,0.012487605857342,0.0085644121961724,0.0,0.0,3.027722584918157e-06,0.0,4.4098657174240424e-05,0.0,0.0,0.0008696872443908,0.0,0.0001155394314195,0.0001155394314195,0.0003072888332195237,0.0235621791820833,1.7992730936701573e-05,0.0208795290170794,0.0001432713132419,6.176039809361692e-06,1.0677955641104924,0.0,0.0,0.00011156810497302151,0.0005900492367165,0.0389423810304973,0.0004805652504667,3.5339502474119415,6.703647607666019e-05,0.0110392010734534,0.0,0.0,9.290121303514829e-05,0.0,0.00014855594544193728,0.0,3.027722584918157e-06,2.4168770746063265e-05,0.0,0.0097326368099573,0.0060790320792133,0.0001155394314195
AM,0.0,0.0043305181902967,3.5985461873403146e-05,0.0,0.0,0.0386715045506916,203.009582772488,0.000234106585424,0.0222457339868484,2.4300924481257002,1.174356711972157,0.0,0.0,0.09889123792644611,0.1870408073079084,3.027722584918157e-06,0.0003910836970425,0.2073720997898681,0.0002310788628391,0.2693822074150237,0.0013495276653171,0.0001155394314195,0.000117053292712,0.0,3.027722584918157e-06,3.5985461873403146e-05,0.0,0.017965124593623198,0.0,0.0,0.0,0.0001155394314195,1.0445302777180003,0.0016558757133501001,0.37926425249221296,0.0,0.0003541876007209,0.0001155394314195,0.0,1.0018264372247208,0.0001185671540044,0.0,0.002354876188905,0.0003617569071832,0.2454512789919024,0.383220822752823,2.7075898691456045e-05,4.204090704323946e-05,1.5138612924590783e-06,0.0,0.0,0.001307536395903,1.616149976930315,9.743760857502329,0.0,0.1070767102989202,0.0,4.052704575078038e-05,0.0078611531526539,0.018813670130913798,0.0149172784740383,0.8540877660138164,0.0,0.0,0.1253683046492624,0.0004666993095556,0.0493845774465415,1.5138612924590783e-06,0.0,0.0,4.840044028234522,0.0001155394314195,3.1332481755748995,0.0011436366222312999,1.6259535250458907,0.0,0.0,0.0004666993095556,0.0,0.0,0.0005748460337005,0.0,0.0,0.0,0.1910610210793936,4.355476833569854e-05,0.0,1.5138612924590783e-06,3.5985461873403146e-05,0.0229609365800755,3.9013184458321305e-05,0.3338935133423671,0.0678454191452807,0.0686904652059781,0.0273041197191472,0.0,0.5751499822176537,0.0,0.0789861565020415,3.1945893781036254,7.569306462295392e-06,3.8623375695519835,0.0,4.961021350553485e-05,0.0015659865430911,0.0565279511402421,0.0019510753800635,0.041590073099118094,1.7992730936701573e-05,0.0,0.0,0.0,0.0,0.0910719520471653,0.0013586108330718,0.0,0.1472828002549953,0.0001282159329207,0.34157973571167843,0.0,0.0,7.31043319287104e-05,0.0,0.0,0.1941237071689581,0.0295797049825701,0.0085598618074699,0.0002310788628391,0.0032828079329019,0.0,0.18687463049158198,0.0040969439301831,0.0128205128205128,0.0001155394314195,0.0,0.0257542207381919,0.0045600831918434,2.7075898691456045e-05,0.0240927121750659,0.0043290043290043,0.0002310788628391,0.0,0.0256472793402971,0.0952396090993877,0.0,0.0009214643279592,0.0017921410455440001,0.0001975063432282,0.0003496460168435,0.0,0.0,0.000117053292712,0.0,0.006411918416329001,0.0017514403952204002,0.061384322332852806,1.8802548057869015,0.0026716231951295,0.0,0.0,5.263793609045301e-05,0.0026990553306342,0.0006153730794512999,0.0336799344137733,0.0043290043290043,1.7992730936701573e-05,0.000158319554197,0.3312071086595409,1.4970668990222218,0.0,0.0,0.0013555831104869,0.9236482542173807,0.0,0.0006138592181589,0.0010936993662715,0.0,0.0359589164034437,0.4704588820121212,9.808877749588422,0.0001155394314195,1.8937214951437114,3.027722584918157e-06,3.027722584918157e-06,0.0015821203894487,0.4869521323696246,0.2611088714164331,0.0,0.0145758595322164,0.0,0.074747505716158,0.0,0.0040939162075982,0.0008028971739546999,0.0,0.0011436366222312999,1.5138612924590783e-06,0.0,3.5985461873403146e-05,0.0,0.4026990553306342,0.0001155394314195,0.0,0.0001155394314195,0.0001155394314195,0.000901300159251,0.0290014767832498,7.31043319287104e-05,0.0254523459030456,0.0001231087378818,1.5138612924590783e-06,0.22461345395819352,0.0181818181818181,0.0,0.33342157627818664,0.0008360874945958,0.3954519840683094,0.0010400314819637,10.60011979826783,0.011885991598485501,0.0506187840794827,0.0,0.0,0.0006168869407438,0.0,0.3444526281742409,0.0,0.0005733321724080999,0.0014792574595303,0.0,0.002549789996068,0.0002310788628391,0.0001155394314195
AO,0.0,1.5138612924590783e-06,3.5985461873403146e-05,0.0,0.0,0.0002371343080089,0.000234106585424,18.230479073209413,0.0018171763994496,0.0002643838112732,0.0088642291573185,0.0,0.0,3.749932316586222e-05,1.5138612924590783e-06,3.027722584918157e-06,0.0001155256920825,0.0138339877837423,0.0085644121961724,0.000436769292852,0.0,0.0001155394314195,0.000117053292712,0.0,3.027722584918157e-06,3.5985461873403146e-05,0.0,4.222434073491739,0.0,0.0,0.0,0.0041559434718235,0.0002310788628391,1.5138612924590783e-06,0.0001427751953467,0.0,0.1670208542673876,0.0001155394314195,0.0166666666666666,0.0549314332333171,0.0001185671540044,0.0,6.760294444223642e-05,0.0074978234550145,0.29737246051833827,4.070065032358775e-05,2.7075898691456045e-05,4.204090704323946e-05,0.32871724257702106,0.0,0.0,7.569306462295392e-06,0.0003647846297681,0.0005393646515936,0.0,0.000306771927462,0.0,4.052704575078038e-05,0.0021402830354989,6.003363797994103e-05,0.000133705766929,0.0209028260969998,0.0,0.0,0.1013632792844551,0.0196586185014748,0.0001670107153631,1.5138612924590783e-06,0.0,0.0,0.2254011173007871,0.0001155394314195,0.5902294629056334,0.0,0.0002356204467164,0.0,0.0,0.0014768003196566,0.0,0.0,3.027722584918157e-06,0.0166666666666666,0.0,0.0,4.541583877377235e-05,4.355476833569854e-05,0.0303030303030303,1.5138612924590783e-06,3.5985461873403146e-05,0.0001443027959762,3.9013184458321305e-05,0.0002462174757637,0.0002969668627419,0.0001291641830516,0.0006663205550616,0.0,0.0276736288461607,0.0,0.0001994339015961,0.0002472316245264,7.569306462295392e-06,1.1435332409982504,0.0,4.961021350553485e-05,5.112407479799393e-05,0.0018308011510817,0.0063615859844467,2.102045352161973e-05,1.7992730936701573e-05,0.0,0.0,0.0,0.0,0.0051685024637196,9.08316775475447e-06,0.0,3.918678903112867e-05,1.7992730936701573e-05,0.0018215443787542,0.0,0.0,1.7992730936701573e-05,0.0,0.0,0.000133705766929,4.541583877377235e-06,0.0002371343080089,0.0022512808830411,0.0197756717941868,0.0,3.027722584918157e-06,6.055445169836314e-06,0.0,0.0011256404415205,0.0,0.000117053292712,0.0189179475497077,2.7075898691456045e-05,1.7992730936701573e-05,0.0,0.0012411798729401,0.0,7.569306462295392e-06,0.0010116148713934,0.0,0.0003496460168435,0.0051925506398262,0.0052031476688734,0.3300754757426732,0.002020202020202,0.0,0.0084503866260453,0.0,0.0298533417655138,3.5985461873403146e-05,0.0002810362854902,0.0001579275476084,6.608908314977734e-05,0.0,0.0,5.263793609045301e-05,0.0,4.355476833569854e-05,0.0104118299691982,0.0,1.7992730936701573e-05,0.0051639608798423,0.0002234820777027,0.0005378507903011,0.0,0.0,6.055445169836314e-06,4.45819685806109,0.0,4.204090704323946e-05,0.0051188922502141,0.0,0.000370840074938,0.000351159878136,0.0007204860917816,0.0011256404415205,0.0357593543439138,3.027722584918157e-06,3.027722584918157e-06,0.0204346129261517,0.0002749808403204,6.474882643012564e-05,0.0,0.0002386481693014,0.0,0.0002401620305938,0.0,3.027722584918157e-06,0.0012411798729401,0.0,0.0,1.5138612924590783e-06,0.0303030303030303,3.5985461873403146e-05,0.0,0.0,0.0001155394314195,0.0,0.0001155394314195,0.0001155394314195,0.0002399609473469,4.541583877377235e-06,1.7992730936701573e-05,1.5138612924590783e-06,0.0254409934675312,1.5138612924590783e-06,0.0001605943217106,0.0,0.0,3.313134386129236e-05,0.019267593566551302,0.0003526737394285,0.0196601323627672,0.3195569957361371,2.4048176106537885e-05,1.7992730936701573e-05,0.0,0.0,0.0051609331572573,0.0,7.517225090453182e-05,0.0,1.5138612924590783e-06,1.9506592229160653e-05,0.0,0.5015733717763491,0.0002310788628391,0.0011256404415205
AR,0.009949243501875,0.3632959126336528,1.7992730936701573e-05,0.0,0.0,0.0095194325784548,0.0222457339868484,0.0018171763994496,3451.4192467321027,2.3307978524741784,5.111894445437295,0.0022988505747126,0.0047619047619047,0.0025589236334544,0.009304639165339,3.554237756371107e-05,0.2311813077431462,8.704698611636672,1.7992730936701573e-05,0.6086507139998193,0.0,8.996365468350786e-06,2.6767554250206325e-05,0.0,3.554237756371107e-05,0.9173836653255558,0.0,80.52496924424113,0.0,0.0,0.0,8.996365468350786e-06,0.0049634277028739,8.326237108524932e-06,20.68580456505016,0.0,0.0023674708566603,8.996365468350786e-06,0.0,7.9588599375655225,3.5093791358731255e-05,0.0,32.37940489122238,0.0042483029465388,7.10553522031053,23.770254972460684,2.618319492340629,5.66447553556211,0.04763681880782946,0.0,0.0,0.004709926998082,1.7968919967363468,37.62413261488156,0.0,2.9720041080690605,0.0,0.6990375788292926,0.012916901058612599,3.3476129481979475,4.424594780415556,0.4924237577625785,0.0,0.0,122.76433421068737,0.1690529028538163,2.5307783062317655,0.0036763077741476555,0.0,0.0,46.87735460291144,8.996365468350786e-06,25.40343464973741,0.0,0.0023607119203215,0.0,0.0,0.072498864469774,0.0,0.0003413357606098,1.6652474217049864e-05,0.0,0.0,0.0,1.9101167336187446,0.7992494336410487,0.0,8.326237108524932e-06,0.7152852550075213,0.0931640663854343,0.0253874055416063,1.06069408097853,0.250181735996913,0.4754888357995203,3.3381194954239426,0.0,5.052570720164236,0.0,0.047746750709451,0.1545721189840784,1.0141357377668438,54.643562022911,0.0,0.0129890012988128,0.10585040792140149,4.073695109596661,0.0282873941005869,4.453874303206186e-05,8.996365468350786e-06,0.0,0.0,0.0,0.0,2.18497582968135,0.0048014394426771,0.0,0.043754662878394496,8.996365468350786e-06,0.41464051660799706,0.0108695652173913,0.0,0.1505140260494894,0.0,0.0,0.1101993417351438,0.7519302209331485,0.0421965989872855,5.194570606614729e-05,0.1029787262729135,0.0,2.609742589038047e-05,0.001493559861813022,0.0,0.0363726327291047,0.0,0.0022084819586915,0.0127450502855804,0.0003682674922027,8.996365468350786e-06,0.0043290043290043,1.7992730936701573e-05,0.0,0.011045575796660117,1.7771188781855535e-05,0.0,0.002708034119471363,25.015585501248673,1.3491954929319219,5.308652229543283e-05,0.0,0.0,2.6767554250206325e-05,0.0,2.8433519276779853,0.1229592373123772,8.85634684455423,1.3945246847685349,0.4396905153266118,0.0,0.0,1.7260778420406353,0.0104575170037795,0.2943824475722075,11.889477367315521,0.0043290043290043,8.996365468350786e-06,0.15772392997893908,0.579427909116315,2.508114473409802,0.0,0.0,0.2064299672226978,8.606468595303664,0.0,2.6528477263046937,0.11928822587991891,0.0,0.3900145258197335,0.2858842395344283,1.3124553495414826,0.0043436595236609,0.7348988417672636,3.554237756371107e-05,3.554237756371107e-05,0.0006642030424618,3.762162728646218,0.6821957734213169,0.0,3.622275166746565,0.0,0.3202094774382366,0.0,3.554237756371107e-05,0.0023168433056493,0.0,0.0,8.326237108524932e-06,0.0,0.3978524520252243,0.0,0.0,8.996365468350786e-06,0.0,8.996365468350786e-06,8.996365468350786e-06,0.2067611197175734,4.3868614672236e-05,8.996365468350786e-06,1.7771188781855535e-05,0.22289344905759198,1.7771188781855535e-05,3.4595952349361636,0.45714285714285696,0.0,2.165014210051585,0.0020966532371634646,0.1098527323538316,0.0138099848249323,231.86319118533447,19.52809813913192,0.0015104978669698507,0.0,0.0,1.4916694862813245,0.0,0.055764590053127,0.0,8.326237108524932e-06,0.0006533339702903,0.0,1.9842020114201775,0.0151695078824518,0.0601503760790334
AT,0.0,1.8425916447441735,0.3333693187952067,0.0285714285714285,0.0,0.081575922702573,2.4300924481257002,0.0002643838112732,2.3307978524741784,8494.12431396456,47.20884028640282,0.0,0.0,1.2681009016425646,2.9535634841080056,7.318363327705118e-05,0.35481939352670255,47.30666667052265,0.0258721045038647,6.152475624583486,0.1,0.0001155394314195,0.0172461483420751,0.0,7.318363327705118e-05,0.0177872602004439,0.0,13.84094111040209,0.0,0.0,0.0,0.0232547096294132,0.9071934390642461,0.0016710143262747001,98.81303830223469,0.0,0.0004298806653439,0.0001155394314195,0.0466666666666666,151.50943140454837,0.0001687837222751,0.0,3.686534536368985,0.670499097510639,48.544654016360795,1.5056270554808449,0.22369655168010572,0.8947613632303588,3.659181663852559e-05,0.0,0.0,0.5922688339319303,36.38014739350956,705.5395543727875,0.0,30.233331751736443,0.0,0.0128853620746361,0.1758396432958123,0.1707338587407278,1.139911097483644,2.1884967797997477,0.0,0.0,90.6496590092171,0.0894412933999897,17.946894947534,0.0667032584833051,0.0,0.0,117.79936671085332,0.0001155394314195,167.8718347194991,0.0011436366222312999,0.59737702448648,0.3333333333333333,0.0,1.3731002270589232,0.0,0.025,0.0006051232595497,0.0,0.0439560439560439,0.0,20.367948755857665,0.0268119566149631,0.0,1.6652474217049864e-05,0.0095597949856829,13.968668362124106,8.92297527289786e-05,52.933695434318395,2.8699219611213995,7.278282779679545,17.34041698760033,0.0,23.760228138182196,0.0,0.2277703396597836,29.71246715343134,0.158024609609076,224.39041130909737,0.0,0.03654017872790267,6.500639605069372,42.545650819129484,0.6048806091292251,0.027421866543201,1.7992730936701573e-05,0.0,0.0,0.0048780487804878,0.0,10.726339454299424,0.5197278994374407,0.0,0.9811859938258556,1.7992730936701573e-05,1.4859664213764265,0.0,2.109920634920635,0.7136399055318409,0.0,0.0,5.246318186356293,2.299497074325088,2.4520859917446667,0.00108266814133,0.9074992838129743,0.0052631578947368,0.3707954304481068,0.051962420730587,0.0365467865467865,0.0613691006849807,0.0,0.5342657297937576,0.0116270902588505,0.0007449304970039,0.02835132606427,0.0324147677088853,0.0002310788628391,0.0,0.5694602398639599,0.025677617457664125,0.0517241379310344,0.0009916202386514,3.6543663359458005,0.7024648237302881,0.0003998625851142,0.0263951734539969,0.0,0.000152131248058,0.1313814840130629,0.909420671910672,0.0052357609527117,103.91077750219473,18.196045853133207,0.8674672088902587,0.0,0.0,6.083191474616033,0.5514939967383133,0.007331734240673101,0.5586971299559104,0.0,1.7992730936701573e-05,0.20097079224810438,7.126829280436423,43.05406069013678,0.0,0.0,0.0021463855148957,16.948950599880305,0.0,0.0271968163988006,2.289198063714513,0.0,13.601353208667181,8.029522896358962,25.038216260041636,0.0077074845233646,5.245187568640754,7.318363327705118e-05,7.318363327705118e-05,1.0670889722363652,43.885569368527726,10.017069892362933,0.0,16.296903470615664,0.0,13.480216729892767,0.0,0.0131410909448304,0.0942217005927581,0.0,0.0011436366222312999,1.6652474217049864e-05,0.0,0.3381312235571115,0.0,0.2001064486598113,0.0008696872443908,0.0,0.0001155394314195,0.0001155394314195,11.387508641900931,0.0336364139553174,1.7992730936701573e-05,0.0083196629480068,0.4062245144142521,3.659181663852559e-05,14.187136491235643,0.0,0.0,3.6628403931226003,0.06339149826342419,6.57052407045218,0.3806487830974118,353.1944525413968,0.5447155800161133,0.0204463260075671,0.0,0.0,0.223480545943524,0.0,1.9848824319279648,0.0,0.0005884707853326999,5.458454757522716e-05,0.0,5.1137932628479685,0.0349604235921838,0.0361165754324555
AU,0.0,22.772496409189777,0.1430010847046364,0.0095238095238095,0.0,0.020383450579316998,1.174356711972157,0.0088642291573185,5.111894445437295,47.20884028640282,33734.76614529084,0.3601343101343101,0.0,0.0098427282957811,1.7194230627388607,0.2133955280466846,78.61334859890526,87.5306646259633,0.4131353948389466,1.7531945967931206,0.9300263173267189,7.197092374680629e-05,0.3709215649879223,0.0043290043290043,2.3386870574566783,0.2700911564675872,0.0,83.37220114990023,2.5307792026485316,1.7010430521096118,0.0,0.3007219952329758,3.3628148526046484,0.0712092544221764,380.74837542985875,0.0,0.1718590292024046,7.197092374680629e-05,0.0,104.33728549723932,0.1415517087083625,0.0174289478637304,15.216242706311437,1.4594240612109626,966.9880788248074,12.309902719125443,0.1625031529920829,0.2013592046606063,4.5916173672330815e-05,0.0,0.0,1.8341928219810262,20.839224763748494,268.63641928373966,0.0,105.98114931954476,0.0,0.024941985710178437,0.2508082284017281,1.3120828541211502,4.180158091580088,14.214265358362152,0.0,0.0,110.17336390339902,12.70634177296459,34.55310449403173,10.584222500025556,0.0270165777569196,0.000155296727676,215.5173157647085,7.197092374680629e-05,925.2591237706679,0.013718393720486,0.6971850685538233,0.0,0.0,22.60087052590953,0.0,0.0005688929343497,0.2567751471810771,0.0913279132791328,0.0,0.0,19.419238051908955,0.038681703745416005,0.0,0.000174976924478,0.010775171083373999,2.2393376172347734,0.0002095382179679,6.136780760802393,31.40221936885834,68.00594430019387,32.00211347512564,0.0,268.25381375091564,0.0,10.136110913276614,179.282955581816,1.3220000240559417,193.39381085211647,0.6666666666666666,0.5286660836560598,19.736708203584392,119.7607765328589,6.406156081354208,0.014546434235872402,1.1401115101997144,0.0,0.0,0.08398268398268391,0.0,70.42153952320851,3.8025364426144157,0.0,3.8973206272068204,0.2026703281933149,4.817269003011921,3.012021312021312,0.0,31.443346763864273,0.511455108359133,0.0,2.965662157322039,1.5570328834491631,0.2516438110698014,0.001409255007305522,0.3242523084062124,0.0,0.0301796777155666,0.0235841617793969,0.0252931208576369,0.3362543071060829,0.4285714285714285,0.8612449678309415,0.0890328307363825,1.6837383977728149,3.8531949851339764,0.0038193295336152,0.0001439418474936,0.0,1.5488125395149255,0.6110349271626833,0.0,0.6931625182862408,11.726391236137946,120.98317510953032,0.3347222621871189,0.0952380952380952,5.560443243509605,0.0001178870974191,0.3412825789140771,15.281296738010408,0.0152744367437842,232.25827832295562,58.50097574395288,7.934065459699856,0.0,0.0,271.650778935191,2.5848645428015375,0.0406817136434723,2.08006815888895,0.1333333333333333,8.906438816115468,2.688078324034099,38.66481113419482,39.50703537122424,0.0,0.0,1.9466991795926396,20.463301627527017,0.0,0.22261106268813638,12.583923381312385,0.2890365448504983,13.708492447763117,5.571122149188626,18.27485280048646,0.8815289842034945,55.384331840935644,1.5112029434584557,9.183234734466164e-05,2.445622866262393,96.49914965423046,112.81644587380649,0.0,2.0743787647183902,0.0,3.431048197041153,0.1,9.183234734466164e-05,0.15756493523503282,0.0,0.013718393720486,1.968019680196802e-05,0.0,0.0096013638849531,0.0,0.621978021978022,7.197092374680629e-05,0.0,0.0357862566380325,7.197092374680629e-05,51.66352795079037,0.0048734173060513,0.7395591504109262,0.33337924950700565,0.7665358269553102,0.497213426128906,19.20093824875977,0.1665018315018314,0.0,57.35593944992696,1.931607331078205,1.9761161183655775,2.071007964322321,1714.101263971696,1.392825725886013,0.7266278278755125,0.0,0.0,0.050616312157727494,0.0,43.9918836949561,0.0130718954248366,3.8904482584772646,0.0579604206502398,0.0,41.365137881414626,0.7779664896700415,1.8029817809890134
AW,0.0,0.2,0.0,0.4,0.0,0.0,0.0,0.0,0.0022988505747126,0.0,0.3601343101343101,11.186080586080585,0.0,0.0,0.0,0.0,0.0,0.0,0.0,0.0,0.0,0.0,0.0,0.0,0.0,0.0022988505747126,0.0,0.0367816091954023,0.0,0.0,0.0,0.0,0.0,0.0,0.0689655172413792,0.0,0.0,0.0,0.0,0.0666666666666666,0.0,0.0,0.0045977011494252,0.0,0.0,0.0045977011494252,0.0,0.0,0.0,0.0,0.0,0.0,0.0,0.4285714285714285,0.0,0.0,0.0,0.0022988505747126,0.0,0.0,0.0,0.0,0.0,0.0,0.0,0.0,0.0,0.0,0.0,0.0,0.1443223443223442,0.0,0.0,0.0,0.0,0.0,0.0,0.0,0.0,0.0,0.0,0.0,0.0,0.0,0.0,0.0,0.0,0.0,0.0,0.0,0.0,0.2417582417582417,0.0,0.2142857142857142,0.0,0.0,0.0,0.0,0.0,0.0,0.0,0.1023809523809523,0.0,0.0,0.0,0.0,0.0,0.0,0.0,0.0,0.0,0.1,0.0,0.0,0.0,0.1,0.0,0.0,0.0,0.0151515151515151,0.0,0.0,0.0,0.0,0.0,0.0,0.0,0.6,0.0,0.0,0.0,0.0,0.0,0.0,0.0,0.0,0.0,0.0,0.0,0.0,0.0,0.0,0.0,0.0,0.0,0.0,0.0022988505747126,0.0,0.0,0.0,0.0,0.0,0.0,0.0,0.0,0.6666666666666666,0.0,0.0,0.0,0.0,0.0,0.0,0.0022988505747126,0.0022988505747126,0.0,0.0,0.0,0.1476190476190476,0.5,0.0,0.0,0.0,0.0,0.0,0.0022988505747126,0.0,0.0,0.0,0.0,0.0,0.0,0.0,0.0,0.0,0.0,0.0109890109890109,0.0,0.0,0.2142857142857142,0.0,0.0,0.0,0.0,0.0,0.0,0.0,0.0,0.0,0.0,0.0,0.0,0.0,0.0,0.0,0.0,0.0,0.0,0.0,0.0,0.0,0.0,0.0,0.0,0.0,0.0,0.0,0.0,0.0,2.028295076570939,0.0,0.0,0.0,0.0,0.0,0.0,0.0,0.0,0.0,0.0,0.0,0.0,0.0,0.0
AX,0.0,0.0,0.0,0.0,0.0,0.0,0.0,0.0,0.0047619047619047,0.0,0.0,0.0,6.7976190476190474,0.0,0.0,0.0,0.0,0.0047619047619047,0.0,0.0,0.0,0.0,0.0,0.0,0.0,0.0,0.0,0.0047619047619047,0.0,0.0,0.0,0.0,0.0,0.0,0.0,0.0,0.0,0.0,0.0,0.0,0.0,0.0,0.0,0.0,0.0,0.0,0.0,0.0,0.0,0.0,0.0,0.0,0.0,0.0,0.0,0.0,0.0,0.0,0.0,0.0,0.0,0.0,0.0,0.0,0.0,0.0,0.0,0.0,0.0,0.0,0.0,0.0,0.0047619047619047,0.0,0.0,0.0,0.0,0.0,0.0,0.0,0.0,0.0,0.0,0.0,0.0,0.0,0.0,0.0,0.0,0.0,0.0,0.0,0.0,0.0,0.0,0.0,0.0,0.0,0.0,0.0,0.0,0.319047619047619,0.0,0.0,0.0,0.0,0.0,0.0,0.0,0.0,0.0,0.0,0.0,0.0,0.0,0.0,0.0,0.0,0.0,0.0,0.0,0.0,0.0,0.0,0.0,0.0,0.0,0.0,0.0,0.0,0.0,0.0,0.0,0.0,0.0,0.0,0.0,0.0,0.0,0.0,0.0,0.0,0.0,0.0,0.0,0.0,0.0,0.0,0.0,0.0,0.0,0.0,0.0,0.0,0.0,0.0,0.0,0.0,0.0,0.0,0.0,0.0,0.0,0.0,0.0,0.0,0.0,0.0,0.0,0.0,0.0,0.0,0.0,0.0,0.0,0.0,0.0,0.0047619047619047,0.0,0.0,0.0,0.0,0.0,0.0,0.0,0.0047619047619047,0.0,0.0,0.0,0.0,0.0,0.0,0.0,0.0,0.0,0.0,0.0,0.0,0.0,0.0,0.0,0.0,0.0,0.0,0.0,0.0,0.0,0.0,0.0,0.0,0.0,0.0,0.0,0.0,0.0,0.0,0.0,0.0,2.3555555555555556,0.0,0.0,0.0,0.0,0.0,0.0,0.0,0.0,0.0,0.0,0.0,0.0,0.0,0.0
AZ,0.0,0.0357705057619591,3.5985461873403146e-05,0.0,0.0,0.0108339771830836,0.09889123792644611,3.749932316586222e-05,0.0025589236334544,1.2681009016425646,0.0098427282957811,0.0,0.0,120.99258735045822,0.0190265823637943,1.5138612924590783e-06,0.0312908560601689,0.0133682236403216,3.5985461873403146e-05,0.0063139243752229,5.546311702717693e-06,1.7992730936701573e-05,1.874966158293111e-05,0.0,1.2606484697894464e-05,3.5985461873403146e-05,0.0,0.0373189921176759,0.0,0.0,0.0,2.3539042639419264e-05,0.2748047055261138,7.569306462295393e-07,0.0405693712657586,0.0,0.0023566134207538,1.7992730936701573e-05,0.0,0.0459538651260232,1.9506592229160653e-05,0.0,6.633688032888826e-05,6.154749927240011e-05,0.5381979476518893,0.0053146898321778,2.253431481407881e-05,3.9013184458321305e-05,7.569306462295393e-07,0.0,0.0,0.0067841972231174,0.0466007434663551,3.9112156489623007,0.0,0.4873776723462278,0.0,3.825625381209176e-05,0.0940062775088893,5.700591539502288e-05,0.0089116517223558,0.24538308252934388,0.0,0.0,0.0550182452254869,0.0024784722127497,0.0485771700147381,7.569306462295393e-07,0.0,5.546311702717693e-06,0.0544530007620746,1.7992730936701573e-05,1.5205774362493498,0.0,0.2557926521623088,0.0,0.0,9.0880650793648e-05,0.0,0.0,7.060172995176771e-06,0.0,0.0,0.0,0.395036028843881,3.977011510455085e-05,0.0,6.303242348947232e-06,3.5985461873403146e-05,0.0086078439600273,3.749932316586222e-05,0.009010079660848,0.0011853035181421,0.0006513715227928,0.0065008779342518,0.0,0.0377109353222556,0.0,0.48270150936177325,9.779770498279374,3.784653231147696e-06,0.615712897890433,0.0,4.2797837689469e-05,0.0180894190018893,0.000650192520275,0.0023371068285247,0.0370235948917395,1.7992730936701573e-05,0.0,0.0,0.0,0.0,0.0001878127711822,0.0061639340494262,0.0,0.4076874272292129,0.0001282159329207,0.0138635771484455,0.0,0.0,8.419695533414578e-05,0.0,0.0,0.0006536423147315,2.2707919386886176e-06,0.0019476308825497,4.153177357612084e-05,0.1577264616230514,0.0,0.0647039138537935,0.0042527825444221,0.0,1.7992730936701573e-05,0.0,0.0461324729151377,3.5985461873403146e-05,0.0002562884055106,7.865064363142809e-05,0.0,3.5985461873403146e-05,0.0,0.0006303510692712,7.569306462295393e-07,0.0,5.54920541025638e-05,0.0135771111609763,0.0183144413895852,5.54920541025638e-05,0.0,0.0,1.874966158293111e-05,5.546311702717693e-06,0.0003105491381898,3.5985461873403146e-05,0.0244037046875292,0.0019699897339333,0.0002530999994695,0.0,0.0,4.985801068464577e-05,0.0014062868999324,5.086273850998623e-05,0.0001765640578877,0.0,1.7992730936701573e-05,0.0001578104207299,0.1058226150833975,0.12188235745826409,0.0,0.0,0.0123107200302772,0.0194583058526236,0.0,3.9013184458321305e-05,0.0014188933846303,0.0,0.0061286878806452,0.10586458432151151,5.665140813313366,1.7992730936701573e-05,0.0193696019260677,1.5138612924590783e-06,1.5138612924590783e-06,3.674239251963269e-05,0.0051669251007864,0.0001110250568464,0.0,0.0037480181770472,0.0,0.0370307298254272,0.0,0.0006280802773325,3.5985461873403146e-05,0.0,0.0,7.569306462295393e-07,0.0,3.5985461873403146e-05,0.0,0.0,1.7992730936701573e-05,0.0,1.7992730936701573e-05,1.7992730936701573e-05,0.0009038187483688,0.0291893689721718,7.31043319287104e-05,0.0226606675768268,0.0031042467727936,7.569306462295393e-07,13.576636447601183,0.0,0.0,0.0001028588852018,9.147751597596694e-05,4.834640853193757,8.054495803444214e-05,4.95530194755934,0.0052841783482584,0.1417895321040546,0.0,0.0,0.0023393776204634,0.0,0.000164057316471,0.0,7.569306462295393e-07,0.0001345191752696,0.0,0.059646317187083506,3.5985461873403146e-05,1.7992730936701573e-05
BA,0.0,0.027795810538100475,0.0,0.0,0.0,0.14799282842533118,0.1870408073079084,1.5138612924590783e-06,0.009304639165339,2.9535634841080056,1.7194230627388607,0.0,0.0,0.0190265823637943,442.49512561717376,3.612739442088102e-06,9.031848605220255e-06,0.1581907418383683,0.0,0.2853453369919244,1.3333333333333333,0.0,1.806369721044051e-06,0.0,3.612739442088102e-06,0.0,0.0,0.7828208005864752,0.1666666666666666,0.0,0.0,0.0007541478129713,0.0322366077653225,7.569306462295393e-07,0.1353340485342973,0.0,3.784653231147696e-06,0.0,0.0,1.5149710970495203,2.56330036727359e-06,0.0,0.1004005391413813,1.3865940911182462e-05,0.8350095517726643,5.11528144204938e-05,0.058832268751941336,0.012073590486425577,1.806369721044051e-06,0.0,0.0,0.4312219766838411,1.8908599317249961,4.120354779897072,0.0,0.168264732895406,0.0,2.1645499764806714e-05,0.0035677447905448747,5.380577253957087e-05,1.0186176970531733,0.2758657926146317,0.0,0.0,1.2516685663545357,0.0277810980087912,0.012250124166898699,1.806369721044051e-06,0.0,0.0,4.056338641126263,0.0,2.5539875606784337,0.0,0.0311168223464448,0.0,0.0,3.3202310135031293e-06,0.0,0.0,1.5138612924590783e-06,0.0,0.0,0.0,0.2945470258887447,3.728687350931133e-05,0.0,7.569306462295393e-07,0.0,24.728883730317705,2.56330036727359e-06,0.27547269334745816,0.6667575873989265,1.4457859100741663,0.043181575615397,0.0,1.3949250120654932,0.0,0.0095245664544557,0.9834911238350708,0.1654654182806013,2.4474394122255023,0.0,1.5207888414581947e-05,0.0563641217291923,0.0013171292373973,0.0156572938941648,0.0225947621576532,0.0,0.0,0.0,0.0,0.0,0.0589610008553036,0.006041921843947335,0.0,0.0239590421848078,0.0,0.0017766623848321,0.0,0.0,0.0,0.0,0.0,0.0406793082665916,0.0164855179541165,0.1700612229374944,0.5714285714285714,0.005340501927506375,0.0,0.0631135475686815,0.3106252782063108,0.0,0.0,0.0,0.5898524788597937,0.0,1.293709647589333e-05,0.0,0.0,0.0,0.0,0.027367817113685397,1.806369721044051e-06,0.0,3.612739442088102e-06,0.18961169615234,0.5001554237462243,2.56330036727359e-06,0.0066021010293455,0.0,1.806369721044051e-06,0.0,0.0169509764239439,0.0,0.16356541485968829,1.7035444196953033,1.550039684316692e-05,0.0,0.0,0.0012556086526550846,0.0919191919191919,2.2109921982451283e-05,0.0001007095115112724,0.0,0.0,6.31301295733761e-05,0.3776392487628111,0.07051812647806391,0.0,0.0,7.225478884176204e-06,0.6778531994869695,0.0,5.12660073454718e-06,4.2739362160838095,0.0,0.14410467327957288,32.625138793223854,0.0608521111689771,0.0,1.0495926911109041,3.612739442088102e-06,3.612739442088102e-06,7.569306462295393e-07,2.48229153522348,0.0793289019089915,0.0,4.697985932638456,0.0,0.42204624784523936,0.0,0.0083873935416484,0.0,0.0,0.0,7.569306462295393e-07,0.0,1.6226390601674564e-05,0.0,0.0,0.0007541478129713,0.0,0.0,0.0,0.009628393346303747,0.0263568934530114,0.0,0.0298393325995264,0.0035540817003105,1.806369721044051e-06,1.7329729153756666,0.0,0.0,8.087038146750974e-05,3.612739442088102e-06,0.0487883615002827,0.014711008953675647,11.871058817231473,5.5904650689199894e-05,0.019025825433148,0.0,0.0,7.154602443370451e-05,0.0,1.0000415155666962,0.0,7.569306462295393e-07,1.806369721044051e-06,0.0,0.0075198940021153,0.0058479532163742,0.0
BB,0.0,3.612739442088102e-06,0.0,0.0,0.0,1.2352079618723384e-05,3.027722584918157e-06,3.027722584918157e-06,3.554237756371107e-05,7.318363327705118e-05,0.2133955280466846,0.0,0.0,1.5138612924590783e-06,3.612739442088102e-06,48.38320798988683,0.0357323494114961,7.982409530405742e-05,0.0,1.899254164572964e-05,0.0,0.0,3.612739442088102e-06,0.0043290043290043,7.225478884176204e-06,0.0,0.0,0.0283691851178026,0.4630368591724753,0.0,0.0,0.0,0.0,1.5138612924590783e-06,1.525072337483135,0.0,0.0109965802954732,0.0,0.0,0.0025506887782375,5.12660073454718e-06,0.0,0.0249453966952367,2.7731881822364925e-05,0.1946630664998403,3.740006643428934e-05,1.7478680353270565e-05,1.4450957768352408e-05,3.612739442088102e-06,0.0181818181818181,0.0,0.0012564361220235,4.335287330505722e-05,0.000152766539302,0.0,0.0258069704660826,0.0181818181818181,0.005858791434700464,1.0838218326264304e-05,1.025320146909436e-05,4.335287330505722e-05,0.4452561589353056,0.0,0.0,0.0051233978207056,6.6404620270062585e-06,0.0001228331410309,0.1988048115406409,0.0,0.0,0.0188561235904518,0.0,3.2389755378592078,0.1053981106612685,8.739340176635283e-06,0.0,0.0,0.0454835047613712,0.0,0.0,3.027722584918157e-06,0.0,0.0134952766531713,0.0,9.578891436486892e-05,9.668184611924416e-06,0.0,1.5138612924590783e-06,0.0,6.024653680115784e-05,0.0618134936722595,0.0110146439926837,1.9577558502899587e-05,0.0051967230509548,3.554237756371107e-05,0.0,0.4187899352690399,0.0,1.5138612924590783e-06,0.000315581003475,1.806369721044051e-05,0.2859365205091236,0.0,3.008864954901749,0.0357441164742577,7.015591069213301e-05,0.0132701137280554,7.225478884176204e-06,0.0,0.0,0.0,0.0952380952380952,0.0,4.183901201259814e-05,0.0013670063456704,0.0698412698412698,4.218283959071733e-05,0.0,0.0444516699233286,0.0277208171945014,0.0,0.0,0.0,0.0,4.12539951554282e-05,1.293709647589333e-05,1.4450957768352408e-05,0.0,1.025320146909436e-05,0.0,5.12660073454718e-06,1.4450957768352408e-05,0.0,0.0,0.0,3.612739442088102e-06,0.0,2.587419295178666e-05,0.0,0.0,0.0,0.0,1.3865940911182462e-05,3.612739442088102e-06,0.0,7.225478884176204e-06,0.0686353571750275,0.0124222166783533,5.12660073454718e-06,0.0026990553306342,0.0,3.612739442088102e-06,0.0,0.3336780149841963,0.0,0.0001108248889903,0.0025621120134209,3.100079368633384e-05,0.0,0.0,0.00869774879187157,0.0,1.176706276155344e-05,3.915511700579917e-05,0.0,0.0,2.8901915536704812e-05,0.3079503738774191,0.000165944825057,0.0,0.0,1.4450957768352408e-05,0.0001144376284324,0.0,1.025320146909436e-05,7.225478884176204e-06,0.0,5.570495292378061e-05,1.293709647589333e-05,6.083155365832779e-05,0.0,1.9577558502899587e-05,7.225478884176204e-06,7.225478884176204e-06,1.5138612924590783e-06,0.0052668789616469,0.0014118730802679,0.0,1.3865940911182462e-05,0.0,1.9577558502899587e-05,0.0,7.225478884176204e-06,0.0,0.0,0.0,1.5138612924590783e-06,0.0,0.0,0.1,0.0,0.0,0.0555555555555555,0.0,0.0,1.4450957768352408e-05,8.739340176635283e-06,0.0,3.612739442088102e-06,1.5964819060811486e-05,3.612739442088102e-06,0.0110266522447243,2.986399266073902,0.0,3.192963812162297e-05,7.225478884176204e-06,0.2344382898774042,1.025320146909436e-05,12.901121448142433,1.4450957768352408e-05,0.0,0.0,0.0952380952380952,1.3280924054012515e-05,0.0,5.057835218923343e-05,0.0,1.5138612924590783e-06,3.612739442088102e-06,0.0,0.0176552383170055,0.0,0.0
BD,0.0,3.690621437959334,0.0369549758951784,0.0181818181818181,0.0,0.0875847240305544,0.0003910836970425,0.0001155256920825,0.2311813077431462,0.35481939352670255,78.61334859890526,0.0,0.0,0.0312908560601689,9.031848605220255e-06,0.0357323494114961,3248.7084812728654,0.1813836414405153,0.0001079563856202,0.1715701882187758,0.0368155364584363,5.397819281010472e-05,1.0083963433747487,0.0,1.2418654918219638,0.1667746230522868,0.0,3.045873098340091,0.0,1.4238795323158064,0.0,0.2212993772751476,0.0001079563856202,3.784653231147696e-06,23.7732392883244,0.0,0.010813041752632,5.397819281010472e-05,0.0,0.5475652857849119,0.0128873075151592,0.0,0.36687532238756393,0.11998455021274271,42.499419897872414,1.1496996085555038,0.0364613112573296,0.0953821790181363,9.031848605220255e-06,0.0404040404040404,0.0,0.0357594449573118,1.161158823144511,5.446410443908697,0.0,0.0066259033886465,0.0,0.0001350519314358,0.31582969383507187,0.5179234264944326,0.0133091691967583,5.6049889736697,0.0,0.0,2.901909011995192,1.1418078300127394,0.5849552578243488,6.778625518571379e-05,5.8754406580493536e-05,3.327787021630615e-05,1.567537469369224,5.397819281010472e-05,29.596386969043994,0.0,0.0246841554032129,0.0,0.0,0.138030576896445,0.0,0.0,0.2049901267528238,0.0,0.0,0.0,1.5059090643838569,0.003209049924073,0.0,3.706252344745385e-05,0.005371114280357,0.0008556038111895,0.0001207728874565,1.5015667808161406,8.045359791293262,0.6596513038145932,0.0985983875082614,0.0,51.47039232506927,0.0,2.930845853116174,2.54243519543387,4.515924302610127e-05,9.678758329832593,0.0,0.0001839958276931,2.2780299555862684,38.16168766760578,0.2812972250055734,0.0006231578999406,0.1713183460089019,0.0,0.0,0.0,0.0,45.220175376330005,4.129381003875128,0.0,0.8673872072138602,0.0052027953521554,0.113598697290174,0.0,0.0,3.3016389069966565,0.0,0.0072365445499773,0.0001571131806986,3.2342741189733324e-05,0.000144083780041,0.0084745675891698,1.3858180068111274,0.0,1.281650183636795e-05,3.612739442088102e-05,0.0,5.397819281010472e-05,0.0,6.301004141532498e-05,0.005371114280357,0.0810568482450236,0.0516334184278856,0.0,0.0001079563856202,0.0,3.4664852277956155e-05,0.0424870216950161,0.4058479532163743,0.0202370556461309,0.5351821116719431,28.763076393328188,0.007411295630244,0.0072365445499773,0.0,0.0083963433747486,3.327787021630615e-05,0.5411261757917752,0.0286793849570487,2.2634543644688634,1.9891304574972293,7.470586466176731,0.0,0.0,5.3669692377742555,1.0584390545644218,0.0002039297829567,0.1054482103651204,0.0,5.397819281010472e-05,0.331090897800014,15.694245045285296,2.3913164194902903,0.0,0.0,0.0323518427982292,0.3949063778710761,0.0,0.0053967472840297,1.851496496523397,0.0,2.1053573808328316,0.0249326925403647,0.6991256657879656,0.00011273259939059826,40.37329258905551,1.806369721044051e-05,1.806369721044051e-05,0.1248592157863261,7.456364444120861,1.8207627230467973,0.0,0.0001758991081144,0.0,0.5493165641474237,0.0,1.806369721044051e-05,0.005371114280357,0.0,0.0,3.784653231147696e-06,0.0,0.0001079563856202,0.0,0.0021505376344086,0.0072905227427874,0.0,5.397819281010472e-05,5.397819281010472e-05,5.180732794848934,2.1848350441588205e-05,0.0003295361977701,9.031848605220255e-06,0.0476919714933706,9.031848605220255e-06,6.107868993321794,0.0,0.0,1.652241808496211,0.10228703330333419,0.2669780882682321,0.7076772889975509,114.59286010315253,0.0161498628234587,0.0006383720729464,0.0,0.0,0.0077031671652046,0.0,3.4527559883731813,0.0,3.784653231147696e-06,0.350523008144982,0.0,0.9151800893647403,0.14327811955578318,0.0106823708933882
BE,0.0,2.555809406254478,3.5985461873403146e-05,0.0,0.0,0.18719462606630122,0.2073720997898681,0.0138339877837423,8.704698611636672,47.30666667052265,87.5306646259633,0.0,0.0047619047619047,0.0133682236403216,0.1581907418383683,7.982409530405742e-05,0.1813836414405153,10787.44012594598,4.160837139468899,6.9540783813590625,0.0025691818517832,1.3215441108599906,0.2612716418778634,0.0,7.982409530405742e-05,2.5830297890439122,0.0,42.076197336833474,0.0,0.1136530136530136,0.0,0.06711122615088409,0.1208953765377822,1.892326615573848e-05,89.73201295573998,0.0,5.6388405860061335,0.0001155394314195,0.0779220779220779,118.8482963079966,0.7501743747452273,0.0,8.680330174292372,4.282561841019403,81.13133978747243,2.8830498813751304,0.2925438301994005,6.685467889639564,3.991204765202871e-05,0.3333333333333333,0.0,4.237180559837164,25.462247089478012,251.40940061532146,0.0,50.85284189781825,0.0,0.148359222759821,7.479511121263187,5.109405342478095,2.0820524810688146,4.2090826481663575,0.0,0.0,149.16543815707303,6.672577353428777,25.372331307997236,3.991204765202871e-05,0.0,0.0,471.5253902511434,0.4477345870504672,276.9101561865648,0.1861372344130965,1.0312070808266383,0.0888888888888888,0.0,0.40375776896892135,0.0,0.0,3.784653231147696e-05,0.0465116279069767,0.0989010989010989,0.0,35.31481103328515,0.0175840606381973,0.0,1.892326615573848e-05,3.5985461873403146e-05,10.073015431057112,0.1000948207756811,16.16471012707597,1.2815748561319869,19.719455421373066,21.5229562461381,0.0,24.2259618869064,0.0,0.1613993646899963,29.36651520407175,0.3860287307870067,349.7636032272327,0.0,0.00041516521410316846,0.5961045817831032,38.25018470485128,7.916001111434724,0.08201735846030643,0.5727452654582095,0.0,0.0,0.0476190476190476,0.0,16.504169856193435,1.8261956816319578,0.0,0.6624641440469922,0.011007003719947601,34.797531625215086,0.0128205128205128,0.0,0.008355233897237926,0.0,0.0,6.346294438324516,20.92055723176184,1.0988640388897781,0.011225169139530795,10.708405452615615,0.20173680797250582,0.7277089694195489,0.0255581062568369,0.9338827838827839,0.0001155394314195,0.0,1.789404401829118,0.0002310788628391,0.0007669507612346,0.0033513260642700016,1.7467132484373864,0.0002310788628391,0.0,1.5375100425770307,0.20003991204765204,0.0,0.3063316231132552,4.884769188771447,2.8988968294561293,1.5950775943328388,0.057817998994469495,0.0,1.3334887848124048,0.0641584913665002,1.4273091529945319,0.015187500613388503,425.0486856342919,29.15644788963292,0.5684577950758088,0.0,0.0,7.4676715857653715,0.11914560866972711,0.4052677123471811,3.058504622681917,0.1388888888888889,1.7992730936701573e-05,0.4714142862990353,6.814443318590284,35.95113511704204,0.0,0.003076923076923,0.6710546446669998,37.075352726872104,0.0,0.0541405325784919,2.0847252460129226,1.3711204761179385,12.886522209202747,3.5732256901560833,15.433852943105911,1.0882718275877077,6.068675107505757,0.0667464907619707,7.982409530405742e-05,0.045863353645327,62.63395935609242,7.532126231664904,0.0,20.84784551156083,0.0,3.3150807129301976,0.0,0.0028205554162067,1.3684850471168073,0.0,0.3809523809523809,1.892326615573848e-05,0.0,0.0019299248558127,0.0,0.0232238349885408,1.0023779828703336,0.0,0.0001155394314195,0.0001155394314195,6.19025231145233,0.0024089626459712,1.7992730936701573e-05,0.0017235609161234,2.7978656550939984,0.08337324538098533,14.523178972433469,0.3333333333333333,0.0,3.559279658855436,0.6976903189631657,1.0616927266805214,3.8156492103224053,481.6308984752877,0.7724046741926183,0.4514382099406275,0.0,0.0,1.5011379791850048,0.0,8.981414066142442,0.0,1.892326615573848e-05,0.0326597856563316,0.0,25.86675112022361,1.5002310788628388,0.7001406159808863
BF,0.0,0.0,3.5985461873403146e-05,0.0,0.0,0.0002310788628391,0.0002310788628391,0.0085644121961724,1.7992730936701573e-05,0.0258721045038647,0.4131353948389466,0.0,0.0,3.5985461873403146e-05,0.0,0.0,0.0001079563856202,4.160837139468899,202.94887284139287,0.0004261722638048,0.0,0.4001155394314196,1.40817597572715,0.0,0.0,3.5985461873403146e-05,0.0,1.3334232969880166,0.0,0.003076923076923,0.0,0.0018980706257154,0.0002310788628391,0.0,1.2944978801873086,0.0,0.2041428220904624,0.0001155394314195,0.9514005602240894,0.760197225203689,1.5196365756707224,0.0,5.397819281010472e-05,1.4982976868335622,1.1360201621402095,0.3205308132437572,0.0030949158078597016,3.5985461873403146e-05,0.0,0.0,0.0,0.0,0.0003466182942586,2.059141256404777,0.0,0.4697115983433585,0.0,3.5985461873403146e-05,0.0017962117003271,5.397819281010472e-05,0.0001155394314195,0.00573525339524,0.0,0.0,0.11682531400587759,0.1989682268199825,0.8286869680028481,0.0,0.0,0.0,8.178883466722748,0.2286869680028481,2.0625325166760193,0.0,0.0002310788628391,0.0,0.0,3.8976916602492975,0.0,0.0,0.0,1.173015873015873,0.0,0.0,0.0,0.0151875006133885,0.0,0.0,3.5985461873403146e-05,0.0001155394314195,3.5985461873403146e-05,0.0002310788628391,0.0002878836949872,0.0477345870504671,0.0006496680808445,0.0,0.0338011443376875,0.0,0.0001979200403037,0.0001079563856202,0.0,2.583457562389904,0.0,3.5985461873403146e-05,3.5985461873403146e-05,0.5555735482864923,0.1983212893059907,1.7992730936701573e-05,1.7992730936701573e-05,0.0,0.0,0.0,0.0,0.1905121759380638,0.0,0.0,0.0061718388847828015,1.7992730936701573e-05,0.2888271942530822,0.0,0.0,1.7992730936701573e-05,0.0888888888888888,0.0,0.0001155394314195,0.3809523809523809,0.0002310788628391,0.0002310788628391,2.4720369568516514,0.0,0.0,0.0,0.0,0.1040338433497234,0.0,0.0001155394314195,0.3113131254712014,1.7992730936701573e-05,0.0030949158078597016,0.0,0.2383263169580771,0.0,0.0,0.014501185089420299,0.0,0.0020272905631662,5.397819281010472e-05,5.397819281010472e-05,0.0020272905631662,0.0128205128205128,0.0,0.7973377616536418,0.0,1.1209381320445737,3.5985461873403146e-05,0.1345745132062734,0.0001155394314195,0.006207824346656204,0.0,0.0,3.5985461873403146e-05,0.0,3.5985461873403146e-05,0.0001619345784303,0.0,1.7992730936701573e-05,0.0151875006133885,0.1906921032474308,0.0004621577256782,0.0,0.0,0.0476190476190476,0.0002310788628391,0.0,3.5985461873403146e-05,0.0017825311942959,0.0,0.333679951627592,0.0003466182942586,0.0006932365885173,0.0001155394314195,3.5985461873403146e-05,0.0,0.0,0.0002310788628391,0.0002310788628391,3.5985461873403146e-05,0.0,0.0002310788628391,0.0,0.0002310788628391,0.0095238095238095,0.0,5.87941039627745,0.0,0.0,0.0,0.0,3.5985461873403146e-05,0.0,0.0,0.0001155394314195,0.0,0.0017962117003271,0.9058352583090331,0.0002339055021771,0.0,0.0030949158078597016,0.0,1.1145964833241284,0.0,0.0001439418474936,0.003076923076923,0.0,0.7222402149531589,0.06647082363845949,0.0003466182942586,0.057655944331229406,4.251120123826723,1.7992730936701573e-05,1.7992730936701573e-05,0.0,0.0,3.5985461873403146e-05,0.0,5.397819281010472e-05,0.0,0.0,1.7992730936701573e-05,0.0,2.1444199103281187,0.0002310788628391,0.051197790513670606
BG,0.0,0.0072851666448234,3.5985461873403146e-05,0.0,0.0,0.061879139692959,0.2693822074150237,0.000436769292852,0.6086507139998193,6.152475624583486,1.7531945967931206,0.0,0.0,0.0063139243752229,0.2853453369919244,1.899254164572964e-05,0.1715701882187758,6.9540783813590625,0.0004261722638048,1288.111992893536,0.0023433604554782,0.0002130861319024,0.0002225824027252,0.0,3.0085165051165027e-05,3.5985461873403146e-05,0.0,0.8914005474069292,0.0,0.0,0.0,0.0017269280695477,0.0276337677664242,5.298514523606774e-06,0.9635459166359184,0.0,0.0029646015430379,0.0002130861319024,0.0,3.077128524281492,0.0561719368613048,0.0,0.0514363794384225,0.034835077137562204,3.8018804153626116,0.1622017483194983,6.65748432753744e-05,0.0029229733941677,9.49627082286482e-06,0.0,0.0,0.1415497312838315,2.52954022070554,33.62182724860591,0.0,0.9644625803162145,0.0,9.692705554534674e-05,0.6002740277255744,0.0005653406626505479,0.2045889326777974,0.0617759734979525,0.0,0.0,5.847242719217732,0.3305493955972713,1.455969985212059,9.49627082286482e-06,0.0,5.546311702717693e-06,11.704904161220206,0.0002130861319024,17.647762877417016,0.0,0.1079519739351263,0.0,0.0,0.0794444982059231,0.0,0.0,1.614334074993124e-05,0.0,0.0,0.0,10.972829315232941,0.00013158135319739332,0.0,1.0844826226324469e-05,0.20003598546187343,3.3879566674489983,5.078024721987474e-05,4.0969240360357775,0.017974327142849997,1.4412542364783776,1.5846740495478435,0.0,5.557104269936885,0.0,0.0282707027544854,1.7443233435642649,0.0205072016992389,39.1763347821374,0.0,0.0001172541429799,0.0052095610519789,18.51462757062631,0.1224436254587468,0.0158159234376329,1.7992730936701573e-05,0.0,0.0,0.0,0.0,0.1804114082439486,0.0011112108764726,0.0,0.3654880930501673,1.7992730936701573e-05,0.0408153670397701,0.0,0.0,0.0001733750881275,0.0,0.0,0.2191788748766704,0.0033845901819954524,1.7125871914847666,0.0004317185755075,0.23945023833073004,0.0,0.0943452004606674,0.044494758521201105,0.0,0.0002130861319024,0.0,2.2549681561935624,0.0004261722638048,8.336586847240659e-05,2.3539042639419264e-05,0.0,0.0004261722638048,0.0,1.5381594020902558,0.27415430570974986,0.0,0.0006582509373529,0.0591981296935277,0.3684787285361077,0.0006540531810537,0.0015082956259426,0.0,0.0002225824027252,5.546311702717693e-06,0.035518456338790506,3.5985461873403146e-05,1.9801721436425022,1.3010681134267577,0.0001618776742058,0.0,0.0,0.11735710920206499,0.0005955461593493,0.00011441895169873763,0.3337686378667589,0.0,1.7992730936701573e-05,0.006062813500143347,0.5310416946167839,6.130703342039316,0.0,0.0,3.798508329145928e-05,4.547951627103563,0.0,6.557503256634633e-05,0.0889300666773454,0.0083333333333333,9.903825148444412,5.373830681516552,17.080632533160834,0.0002130861319024,0.5698420761391404,1.899254164572964e-05,1.899254164572964e-05,0.0004314707783284,2.2125897228990032,0.0193595905311625,0.0,3.2360671739609703,0.0,0.9583323650232288,0.0,0.0117400985063977,0.0004261722638048,0.0,0.0,5.298514523606774e-06,0.0,6.843824307675227e-05,0.0,0.0,0.001721381757845,0.0,0.0002130861319024,0.0002130861319024,0.0422508271157295,0.0131764485095723,1.7992730936701573e-05,0.0076191667287905,0.4447063604858646,9.49627082286482e-06,5.8040415291486624,0.0,0.0,0.0958356047621658,0.0010844232011577,2.226107323920453,0.0031807850908213997,26.069647241612373,0.0034285964663465472,0.0014042532716508,0.0,0.0,0.0025048337611395,0.0,1.2649823587725126,0.0,5.298514523606774e-06,3.303531346228408e-05,0.0,0.1022018342251069,0.0004261722638048,0.0002130861319024
BH,0.0,5.291857765228812,0.0,1.0,0.0,0.0,0.0013495276653171,0.0,0.0,0.1,0.9300263173267189,0.0,0.0,5.546311702717693e-06,1.3333333333333333,0.0,0.0368155364584363,0.0025691818517832,0.0,0.0023433604554782,252.89129443653962,0.0,5.079287680695659e-06,0.0,1.1092623405435386e-05,0.0,0.0,0.786338475148147,0.0,0.0,0.0,1.0625599383413352e-05,0.0357142857142857,0.0,0.3259099180310171,0.0,0.0,0.0,0.0,0.2667275278661931,0.0,0.0,5.546311702717693e-06,5.079287680695659e-06,1.985526456398679,0.00024903173462360797,0.2,5.079287680695659e-06,0.0,0.0,0.0,0.0,0.0024428976077203,0.9853391518263029,0.0,0.00010217122309163498,0.0,0.0,0.1579760855636605,4.976857612103718e-05,0.3334405838441056,1.5273233945317193,0.0,0.0,0.1136565681936373,0.005684548888926401,0.00015655206287125488,0.0,8.599931200550395e-05,5.546311702717693e-06,0.15922621070478082,0.0,10.372989266995383,0.0,0.0013550739770198,0.0,0.0,0.00012803468551705308,0.0,0.0,5.546311702717693e-06,0.0,0.0,0.0,2.1251198766826705e-05,0.0,0.0,5.546311702717693e-06,0.0,0.0024088339186633914,0.0,0.004702892822042696,0.003459200972022887,5.3,0.0358002850262912,0.0,7.613733150937204,0.0,0.5511786987420852,1.6203086371433617,0.0,6.267129162784505,0.0,0.0,5.772753964556275,0.6249551029108362,1.0158575361391318e-05,0.0,0.0,0.0,0.0,0.0,0.0,0.4995693370586135,1.4254682290969143,0.0,0.4023433604554783,0.0,0.8576348965363726,0.0476190476190476,0.0,0.00019662908765300397,8.599931200550395e-05,0.0,0.0,0.0,0.0,0.004936733973767596,0.043355621330390295,0.0,0.0,0.0,0.0,0.0,0.0,0.0,0.0,0.0,5.546311702717693e-06,0.0,0.0,0.0,5.079287680695659e-06,0.0,0.0,0.0,0.00022004733324728845,1.5477238122881736,0.0,0.0,0.0,0.0,5.546311702717693e-06,0.0073275538604343,0.0,0.4720569743457099,0.0015050108561517,0.0013823385115113958,0.0,0.0,3.837312212900971,0.0802382890122801,0.00011570906332819566,9.662491138891729e-05,0.0,0.0,5.546311702717693e-06,2.427172192573045,0.15694354188344062,0.0,0.0,0.044410872450799804,0.1669780509255246,0.0,0.0,1.1788402592158844,0.0,0.3686122429345523,0.00044933903789109997,0.17645132589845158,0.000171998624011,16.03800847723026,0.0,0.0,0.9982570262969537,0.0013033024808180354,1.5000553148878235,0.0,0.0013424454575556549,0.0,0.0357142857142857,0.0,0.1098901098901098,0.0,0.0,0.0,0.0,0.0,0.0,0.0,0.0026990553306342,0.0,0.0,0.0,0.0,5.531488782375487e-05,0.0,0.0,0.0,6.366754314784609,0.0,3.6175653570915998,0.0,0.0,0.5238814776324556,0.0,0.0,1.0625599383413352e-05,5.494291366596873,0.0,5.546311702717693e-06,0.0,0.0,0.0,0.0,0.0004770705964047,0.0,0.0,0.0014410732890253039,0.0,0.027966206638799198,0.0,0.0
BI,0.0,0.0,1.7992730936701573e-05,0.0,0.0,0.0001155394314195,0.0001155394314195,0.0001155394314195,8.996365468350786e-06,0.0001155394314195,7.197092374680629e-05,0.0,0.0,1.7992730936701573e-05,0.0,0.0,5.397819281010472e-05,1.3215441108599906,0.4001155394314196,0.0002130861319024,0.0,14.916542607337465,0.5000577697157098,0.0,0.0,1.7992730936701573e-05,0.0,0.0182268000091599,0.0,0.0,0.0,5.776971570977887e-05,0.0001155394314195,0.0,5.397819281010472e-05,0.0,0.0001733091471293,5.776971570977887e-05,0.0,0.035887594861415,5.776971570977887e-05,0.0,2.698909640505236e-05,0.0835066424804626,2.9762712643312885,8.996365468350786e-06,8.996365468350786e-06,1.7992730936701573e-05,0.0,0.0,0.0,0.0,0.0001733091471293,0.0002310788628391,0.0,0.0001155394314195,0.0,1.7992730936701573e-05,5.776971570977887e-05,2.698909640505236e-05,5.776971570977887e-05,0.0003466182942586,0.0,0.0,0.0006354668728075,0.0002310788628391,5.776971570977887e-05,0.0,0.0,0.0,0.5025542615280817,5.776971570977887e-05,0.1045893404846212,0.0,0.0001155394314195,0.0,0.0,0.0002310788628391,0.0,0.0,0.0,0.0,0.0,0.0,0.0,1.7992730936701573e-05,0.0,0.0,1.7992730936701573e-05,5.776971570977887e-05,1.7992730936701573e-05,0.0001155394314195,0.0001439418474936,5.776971570977887e-05,0.0003248340404222,0.0,0.0850823903506619,0.0,9.896002015185864e-05,5.397819281010472e-05,0.0,0.0002888485785488,0.0,1.7992730936701573e-05,1.7992730936701573e-05,0.3333423296988017,0.0374171267330068,8.996365468350786e-06,8.996365468350786e-06,0.0,0.0,0.0,0.0,1.7992730936701573e-05,0.0,0.0,8.996365468350786e-06,8.996365468350786e-06,1.7992730936701573e-05,0.0,0.0,8.996365468350786e-06,0.0,0.0,5.776971570977887e-05,0.0,0.0001155394314195,0.0001155394314195,0.0002888485785488,0.0,0.0,0.0,0.0,5.776971570977887e-05,0.0,0.03577205542999548,0.0001155394314195,8.996365468350786e-06,8.996365468350786e-06,0.0,0.0001155394314195,0.0,0.0,0.0,0.0,0.0001733091471293,0.0278047668741828,2.698909640505236e-05,0.0001733091471293,0.0,0.0,5.776971570977887e-05,0.0,0.0285287840820049,1.7992730936701573e-05,0.0001155394314195,5.776971570977887e-05,2.698909640505236e-05,0.0,0.0,1.7992730936701573e-05,0.0,1.7992730936701573e-05,8.096728921515707e-05,0.0,8.996365468350786e-06,1.7992730936701573e-05,0.0001079563856202,0.0002310788628391,0.0,0.0,0.0,0.0001155394314195,0.0,1.7992730936701573e-05,0.0,0.0,0.0001733091471293,0.0001733091471293,0.0003466182942586,0.6667244363823764,1.7992730936701573e-05,0.0,0.0,0.0001155394314195,0.0001155394314195,1.7992730936701573e-05,0.0,0.0001155394314195,0.0,0.0001155394314195,0.0,0.0,0.0001155394314195,0.0,0.0,0.0,0.0,1.7992730936701573e-05,0.0,0.0,5.776971570977887e-05,0.0,5.776971570977887e-05,5.776971570977887e-05,0.0278947305288663,0.0,8.996365468350786e-06,0.0,5.776971570977887e-05,0.0,7.197092374680629e-05,0.0,0.0,8.996365468350786e-06,0.0098126581023584,0.0001733091471293,0.0946755233072835,0.3186624170745404,8.996365468350786e-06,8.996365468350786e-06,0.0,0.0,1.7992730936701573e-05,0.0,2.698909640505236e-05,0.0,0.0,8.996365468350786e-06,0.0,0.1582689941642748,1.3334488727647529,0.2000577697157098
BJ,0.0,3.228209580521801e-05,1.7992730936701573e-05,0.0,0.0,0.0001217154712289,0.000117053292712,0.000117053292712,2.6767554250206325e-05,0.0172461483420751,0.3709215649879223,0.0,0.0,1.874966158293111e-05,1.806369721044051e-06,3.612739442088102e-06,1.0083963433747487,0.2612716418778634,1.40817597572715,0.0002225824027252,5.079287680695659e-06,0.5000577697157098,95.76470117418623,0.0,3.612739442088102e-06,1.7992730936701573e-05,0.0,0.16689499401560776,0.0,0.0128205128205127,0.0,0.033330670506506,0.0001155394314195,7.569306462295393e-07,1.4325207079486795,0.0,0.33578315440642104,5.776971570977887e-05,0.6119047619047618,0.21703048737365999,1.5752153027079965,0.0,3.904866759519077e-05,0.1721696778237328,0.0154239229675363,3.2775686366191114e-05,0.006171581859491086,3.0297497501573434e-05,1.806369721044051e-06,0.0,0.0,9.031848605220255e-06,0.2144806998694961,0.5774278792104929,0.0,0.00020359113162869566,0.0,2.3411840099833727e-05,0.0556238236681091,3.211569713959954e-05,8.960472772369881e-05,0.06717481048364674,0.0,0.0,0.23885982541729048,0.047993393179348996,0.027912201927045088,1.806369721044051e-06,0.0,0.0,5.466994597733214,0.16672443638237638,1.575909371579511,0.0,0.0067865757681745,0.0,0.0,0.0608506208289636,0.0,0.0,1.5138612924590783e-06,0.3929292929292929,0.0,0.0,5.8053032543825776e-05,2.282682324266378e-05,0.0,7.569306462295393e-07,1.7992730936701573e-05,9.805155947174912e-05,2.0556031303975164e-05,0.00013343522093659565,0.00016896848978708697,7.507648227398984e-05,1.0003426052292044,0.0,0.1754734543014256,0.0,0.00012003410152087083,0.0144187395089605,9.031848605220255e-06,0.3534209254955173,0.0,3.3200619351283524e-05,0.02226528890850629,7.455004689859125e-05,0.1022685753861254,1.2609104910438888e-05,8.996365468350786e-06,0.0,0.0,0.0,0.0,6.93879630271746e-05,1.381862785733094e-05,0.0,0.01233778009295601,8.996365468350786e-06,0.00618053091190559,0.0,0.0,0.1000089963654683,0.0888888888888888,0.0,7.839671328749297e-05,0.1666731352149046,0.0001227649103037,0.008453952052433496,2.1195164383902303,0.0,2.56330036727359e-06,7.225478884176204e-06,0.0,0.0029067725647126,0.0,5.9576085430822925e-05,0.6402095848195826,2.193346194424412e-05,0.006162842519314451,0.0357142857142857,0.0001155394314195,0.0,1.201225813628689e-05,0.028170102604378702,0.0,0.0001769218865714,0.5889632906818324,0.022296129618320497,0.0508164065891748,0.040073058139419596,0.0,0.1155357665616212,0.0,2.1416422912468325,1.7992730936701573e-05,0.22525233552250118,0.00012253649186618696,0.012355261088621219,0.0,0.0,0.0028919449345516956,0.0,2.8955549998173947e-05,0.00010562413539869565,0.0,8.996365468350786e-06,3.244368870505398e-05,0.0001504443698406696,0.00033436842609038263,0.0,0.0,7.225478884176204e-06,0.0002235511224426566,0.0,0.0222453415538934,0.005366444185371788,0.0,0.0002468752127174609,0.0002051741337706783,1.0004024305094912,0.0029067725647126,0.06396746327588396,3.612739442088102e-06,0.028171908974099803,0.0001162963620657,0.0001780827286911913,4.9165438412095006e-05,0.0,0.00012755168955579565,0.0,0.000125328210671,0.0,3.612739442088102e-06,1.0032901426060226,0.0,0.0,7.569306462295393e-07,0.0,1.7992730936701573e-05,0.0,0.0,0.0067244363823764,0.0,5.776971570977887e-05,2.60210768058915,0.0001241782299727,4.369670088317641e-06,0.0128295091859811,1.806369721044051e-06,0.0082623485571307,1.806369721044051e-06,0.027873648617061896,0.0061538461538461,0.0,2.4961184529162272e-05,0.0209334869590166,0.0001763368697142,0.2805464963581216,1.3618952153579853,1.622184435252699e-05,8.996365468350786e-06,0.0,0.0,2.463319296370783e-05,0.0,7.767471090314737e-05,0.0,7.569306462295393e-07,1.080273518939484e-05,0.0,0.0782653297315484,0.0058135451294252,0.1092854187461586
BM,0.0,0.0,0.0,0.0,0.0,0.0,0.0,0.0,0.0,0.0,0.0043290043290043,0.0,0.0,0.0,0.0,0.0043290043290043,0.0,0.0,0.0,0.0,0.0,0.0,0.0,6.8155122655122655,0.0,0.0,0.0,0.0,0.0,0.0,0.0,0.0,0.0,0.0,1.988888888888889,0.0,0.0,0.0,0.0,0.0,0.0,0.0,0.0,0.0,0.0,0.0,0.0,0.0,0.0,0.0,0.0,0.0,0.0,0.3428571428571428,0.0,0.0,0.0,0.0,0.0,0.0,0.0,0.0,0.0,0.0,0.0,0.0,0.0,0.0,0.0,0.0,0.0043290043290043,0.0,0.18051948051948039,0.0,0.0,0.0,0.0,0.0,0.0,0.0,0.0,0.0,0.0,0.0,0.0,0.0,0.0,0.0,0.0,0.0,0.0,0.0,0.0,0.0,0.0,0.0,0.0,0.0,0.0,0.0,0.0,0.0,0.0,0.7506493506493506,0.0,0.0,0.0,0.0,0.0,0.0,0.0,0.0,0.0,0.0,0.0,0.0,0.0,0.0,0.0,0.0043290043290043,0.0,0.0,0.0,0.0,0.0,0.0,0.0,0.0,0.0,0.0,0.0,0.0,0.0,0.0,0.0,0.0,0.0,0.0,0.0,0.0,0.0,0.0,0.0,0.0,0.0,0.0,0.0,0.0,0.0,0.0,0.0,0.0,0.0,0.0,0.0,0.0,0.0,0.0,0.0,0.0,0.0086580086580086,0.0,0.0,0.0,0.0,0.0,0.0,0.0,0.0,0.0,0.0,0.0,0.0,0.0,0.0,0.0,0.0,0.0,0.0,0.0,0.0,0.0,0.0,0.0,0.0,0.0,0.0,0.0,0.0,0.0,0.0,0.0,0.0,0.0,0.0,0.0,0.0,0.0,0.0,0.0,0.0,0.0,0.0,0.0,0.0,0.0,0.0,0.0,0.0,0.0,0.0,0.0,0.0173160173160173,0.0,0.0,0.0,0.0,0.0,0.5093073593073592,0.0,0.0,0.0,0.0,0.0,0.0,0.0,0.0,0.0,0.0,0.0,0.0,0.0,0.0
BN,0.0,0.3940539329128903,0.0,0.0,0.0,1.2352079618723384e-05,3.027722584918157e-06,3.027722584918157e-06,3.554237756371107e-05,7.318363327705118e-05,2.3386870574566783,0.0,0.0,1.2606484697894464e-05,3.612739442088102e-06,7.225478884176204e-06,1.2418654918219638,7.982409530405742e-05,0.0,3.0085165051165027e-05,1.1092623405435386e-05,0.0,3.612739442088102e-06,0.0,103.28067173162019,0.0,0.0,0.0388597552319886,0.0,0.0174318364073777,0.0,1.1092623405435386e-05,0.0,1.5138612924590783e-06,0.0551210551693895,0.0,7.569306462295392e-06,0.0,0.0,0.0066014603812209,5.12660073454718e-06,0.0,0.0073881529422563,2.7731881822364925e-05,2.0987513890148377,8.177056005603087e-05,1.7478680353270565e-05,1.4450957768352408e-05,3.612739442088102e-06,0.0,0.0,1.806369721044051e-05,0.0357687312109962,0.0075833560796106,0.0,0.0001881300718678,0.0,1.0838218326264304e-05,1.0838218326264304e-05,1.025320146909436e-05,6.5538120115928e-05,0.0183329933598938,0.0,0.0,0.0076056937398192,0.0002174003067302,0.0001339257644364,3.612739442088102e-06,0.0,1.1092623405435386e-05,0.0110834459854832,0.0,2.5913050690579986,0.0,1.9831963582070668e-05,0.0,0.0,3.991833224331241e-05,0.0,0.0,1.4120345990353542e-05,0.0,0.0,0.0,0.0001179741611757,9.668184611924416e-06,0.0,1.2606484697894464e-05,0.0,8.243178361202862e-05,5.12660073454718e-06,7.000349729447745e-05,2.2636825373333944,0.3333679468664617,3.554237756371107e-05,0.0,4.3438039390913,0.0,0.0001124400953468,0.1632460265909401,1.806369721044051e-05,0.0224442944877794,0.0,3.041577682916389e-05,0.1914550500221297,0.3120735764243071,1.0838218326264304e-05,7.225478884176204e-06,0.1456999829894777,0.0,0.0,0.0,0.0,0.2171291648558768,2.8571303758705948e-05,0.0,5.327546299615271e-05,0.0123666496561444,7.225478884176204e-06,0.0,0.0,0.8695316920458124,0.0,0.0,4.12539951554282e-05,1.293709647589333e-05,1.4450957768352408e-05,1.1092623405435386e-05,0.2102888487046902,0.0,5.12660073454718e-06,1.4450957768352408e-05,0.0,0.0,0.0,3.612739442088102e-06,0.0,0.0174577106003294,0.0174429290307831,0.0,0.0,0.0,1.3865940911182462e-05,3.612739442088102e-06,0.0,7.225478884176204e-06,0.0001096542086584,8.073233266504264,5.12660073454718e-06,0.0439560439560439,0.0,3.612739442088102e-06,1.1092623405435386e-05,0.6741812906277611,0.0,0.1668107694258733,0.0279212060976283,0.3623862686470718,0.0,0.0,5.083275726840451e-05,2.218524681087077e-05,3.395230957242421e-05,5.024774041123456e-05,0.0,0.0,0.0736221830422043,0.5276138880183835,0.2668880746087508,0.0,0.0,1.4450957768352408e-05,0.0001920859922705,0.0,1.025320146909436e-05,0.0303546262755362,0.0,0.0001666311869781,4.621496669219948e-05,0.0001606651643072,0.0,0.2904885044099294,7.225478884176204e-06,7.225478884176204e-06,1.5138612924590783e-06,0.6667936213572981,0.3270577131180293,0.0,2.495856431661785e-05,0.0,0.0357338632727886,0.0,7.225478884176204e-06,0.0,0.0,0.0,1.5138612924590783e-06,0.0,0.0,0.0,0.0,0.0,0.0,0.0,0.0,0.1350713614233188,8.739340176635283e-06,0.0,3.612739442088102e-06,2.705744246624687e-05,3.612739442088102e-06,0.027608406922789,0.0,0.0,0.0310571613757624,7.225478884176204e-06,6.055445169836314e-06,2.1345824874529748e-05,1.5271620012283282,1.4450957768352408e-05,1.1092623405435386e-05,0.0,0.0,1.3280924054012515e-05,0.0,0.0341709774936909,0.0,1.5138612924590783e-06,0.0384762438243859,0.0,0.3334183728052533,0.0,0.0
BO,0.0,0.0,3.5985461873403146e-05,0.0,0.0,3.5985461873403146e-05,3.5985461873403146e-05,3.5985461873403146e-05,0.9173836653255558,0.0177872602004439,0.2700911564675872,0.0022988505747126,0.0,3.5985461873403146e-05,0.0,0.0,0.1667746230522868,2.5830297890439122,3.5985461873403146e-05,3.5985461873403146e-05,0.0,1.7992730936701573e-05,1.7992730936701573e-05,0.0,0.0,39.454299215739496,0.0,2.1384861220985245,0.0,0.0,0.0,1.7992730936701573e-05,3.5985461873403146e-05,0.0,0.27490877939616176,0.0,5.397819281010472e-05,1.7992730936701573e-05,0.0,0.2510617901518946,1.7992730936701573e-05,0.0,2.074137164193594,0.0059019314091843,0.0184876946077421,0.8230730754261957,0.07817891990864019,0.0106960984301064,0.0,0.0,0.0,0.0,0.2303570084958404,0.23738980645348118,0.0,0.047655033080921,0.0,0.027862384827871,1.7992730936701573e-05,0.2947024559186135,1.7992730936701573e-05,0.0001079563856202,0.0,0.0,2.0857541608095262,7.197092374680629e-05,1.7992730936701573e-05,0.0,0.0,0.0,0.3692275180054724,1.7992730936701573e-05,0.6881807419606727,0.0,3.5985461873403146e-05,0.0,0.0,0.0131438663485834,0.0,0.0,0.0,0.0,0.0,0.0,0.0476190476190476,0.0737451230313563,0.0,0.0,0.0798182609591885,1.7992730936701573e-05,0.0043747142854741,0.0065719331742917,0.0002878836949872,1.7992730936701573e-05,0.0001619345784303,0.0,0.0345067710023935,0.0,0.0001979200403037,0.0001079563856202,0.0,0.5466619102266301,0.0,3.5985461873403146e-05,3.5985461873403146e-05,0.4351712494359175,0.0036591738676705035,1.7992730936701573e-05,1.7992730936701573e-05,0.0,0.0,0.0,0.0,3.5985461873403146e-05,0.0,0.0,1.7992730936701573e-05,1.7992730936701573e-05,3.5985461873403146e-05,0.0,0.0,1.7992730936701573e-05,0.0,0.0,1.7992730936701573e-05,0.0326797385620915,3.5985461873403146e-05,3.5985461873403146e-05,8.996365468350786e-05,0.0,0.0,0.0,0.0,1.7992730936701573e-05,0.0,1.7992730936701573e-05,3.5985461873403146e-05,1.7992730936701573e-05,1.7992730936701573e-05,0.0,3.5985461873403146e-05,0.0,0.0,0.0,0.0,5.397819281010472e-05,1.9404705942418259,5.397819281010472e-05,5.397819281010472e-05,0.0,0.0,1.7992730936701573e-05,0.0,0.0002339055021771,0.0096883803452376,3.5985461873403146e-05,0.027311991819899902,0.0065899259052284,0.0,0.0,3.5985461873403146e-05,0.0,0.020327191146463402,2.6849216197894177,0.0,1.7992730936701573e-05,3.5985461873403146e-05,0.0067518604836587,7.197092374680629e-05,0.0,0.0,0.0,0.006041991467879403,0.0,0.2143737613319596,0.0,0.0,5.397819281010472e-05,5.397819281010472e-05,0.0001079563856202,1.7992730936701573e-05,0.002334836036586,0.0,0.0,3.5985461873403146e-05,2.9230518584777467,3.5985461873403146e-05,0.0,3.5985461873403146e-05,0.0,3.5985461873403146e-05,0.0,0.0,3.5985461873403146e-05,0.0,0.0,0.0,0.0,0.0151558254146241,0.0,0.0,1.7992730936701573e-05,0.0,1.7992730936701573e-05,1.7992730936701573e-05,0.0126178064309696,0.0,1.7992730936701573e-05,0.0,1.7992730936701573e-05,0.0,0.0001439418474936,0.0,0.0,0.0220768162603484,8.996365468350786e-05,5.397819281010472e-05,7.197092374680629e-05,5.753999476578296,0.1223689394339238,1.7992730936701573e-05,0.0,0.0,0.0399672583047146,0.0,5.397819281010472e-05,0.0,0.0,1.7992730936701573e-05,0.0,0.0060638659876146,3.5985461873403146e-05,1.7992730936701573e-05
BQ,0.0,0.0,0.0,0.0,0.0,0.0,0.0,0.0,0.0,0.0,0.0,0.0,0.0,0.0,0.0,0.0,0.0,0.0,0.0,0.0,0.0,0.0,0.0,0.0,0.0,0.0,5.770634920634921,0.0,0.0,0.0,0.0,0.0,0.0,0.0,0.0555555555555555,0.0,0.0,0.0,0.0,0.0,0.0,0.0,0.0,0.0,0.0,0.0,0.0,0.0,0.0,0.0,0.0,0.0,0.0833333333333333,0.0,0.0,0.0,0.0,0.0,0.0,0.0,0.0,0.0,0.0,0.0,0.0,0.0,0.0,0.0,0.0,0.0,0.0,0.0,0.0,0.0,0.0,0.0,0.0,0.1333333333333333,0.0,0.0,0.0,0.0,0.0,0.0,0.0,0.0,0.0,0.0,0.0,0.0,0.0,0.0,0.0,0.0,0.0,0.0,0.0222222222222222,0.0,0.0,0.0,0.0,0.0,0.0,0.0,0.0,0.0,0.0,0.0,0.0,0.0,0.0,0.0444444444444444,0.0,0.0,0.0,0.0,0.0,0.0,0.0,0.0,0.0,0.0,0.0,0.0,0.0,0.0,0.0,0.0,0.0,0.0,0.0,0.0,0.0,0.0,0.0,0.0,0.0,0.0,0.0,0.0,0.0,0.0,0.0,0.0,0.0,0.0,0.0,0.0222222222222222,0.0,0.0,0.0,0.0,0.0,0.0444444444444444,0.0,1.5023809523809524,0.0,0.0,0.0,0.0,0.0,0.0,0.0,0.0,0.0,0.0,0.0,0.0,0.0,0.0,0.0,0.0,0.0,0.0,0.0,0.0,0.0,0.0277777777777777,0.0,0.0222222222222222,0.0,0.0,0.0,0.0,0.0,0.0,0.0,0.0,0.0,0.0,0.0,0.0,0.0,0.0,0.0,0.0,0.0,0.0,0.0,0.0,0.0,0.0,0.0,0.0,0.0,0.0277777777777777,0.0,0.0,0.0,0.0,0.0,0.0,0.0,0.0,0.0,0.0,0.0,0.0,1.4277777777777776,0.0,0.0,0.0,0.0,0.0,0.0,0.0,0.0,0.0,0.0,0.0,0.0,0.0,0.0
BR,0.0080553041079356,3.728235605053941,8.996365468350786e-05,0.0,0.0,0.020722160838173503,0.017965124593623198,4.222434073491739,80.52496924424113,13.84094111040209,83.37220114990023,0.0367816091954023,0.0047619047619047,0.0373189921176759,0.7828208005864752,0.0283691851178026,3.045873098340091,42.076197336833474,1.3334232969880166,0.8914005474069292,0.786338475148147,0.0182268000091599,0.16689499401560776,0.0,0.0388597552319886,2.1384861220985245,0.0,27081.586769506524,2.5085920129477297,0.0,0.0,0.0514776817599325,0.2576049474030302,0.0071427075801932,205.49472788376156,0.0,0.1877101687143636,4.498182734175393e-05,0.0128205128205128,38.45670927048772,0.0027049277642558,0.0,77.09756467102258,4.326658371639204,50.59078866630609,53.23638077134723,5.067164168094475,10.022638610841115,1.7243749768872167,0.0,0.0,0.3575750589326468,7.959296317107828,149.59445248775552,0.0,32.49153817384361,0.0,0.4667899182603009,1.0695568806835696,11.890208837539294,0.7458879934008346,5.152297829471387,0.0,0.0,157.30119118060907,0.500028513637343,32.778816120668566,0.0002500614579533,0.0003755067491774,6.65557404326123e-05,149.09440781991407,0.0351327011255873,244.5764110909588,0.2687297525210684,0.1307080231042488,0.0,0.0,1.0217478828010906,0.0,0.0,0.0029683303431838996,0.0024390243902439,0.7727272727272727,0.0,8.75818433124397,9.341449336002954,0.0909090909090909,0.0001308948453621,0.3364646657888173,2.9726735590753988,0.032556804287996,6.711703004508005,0.1888733046735064,19.95294333822614,9.87562095499128,0.0,58.45174502043038,0.0,2.9092560269987295,33.01046065041944,0.26993815127378856,172.97004825551232,0.0,0.7784030528304194,2.413363269849936,22.590047643600577,2.341292793019005,0.465074728605706,4.498182734175393e-05,0.0,1.0,0.1692307692307692,0.5333333333333333,14.119548104384553,0.1557866730153302,0.0,4.6828279727913795,4.498182734175393e-05,1.8811982371110725,0.0072463768115942,0.0,0.0156280758099009,0.0002579979360165,0.0,1.189219369769819,2.653911882476012,0.4965398229273735,0.0008874777346138566,2.1857724142516477,0.4220588235294116,0.0204679089775988,0.0091990624974496,0.0,0.9454995272818871,0.0,0.0495589804252231,0.1042970644135084,0.0537060225385332,0.9644405418967786,0.0148692810457516,0.2223121858769057,0.0,0.1372181197642832,0.0001325526447924,0.0,0.11921333434986789,56.626497689856635,3.0447817618066746,4.094927509758454,0.045417087212752796,0.0,0.0001775344721342,0.194511000184877,7.976742848251327,0.3184862298169136,58.51081534276599,13.024275407771308,0.3692258849534591,0.0,0.0,6.210464939855898,0.020161348200631098,1.1861808207157991,27.258344806374883,0.0148692810457516,4.498182734175393e-05,2.537762482689951,13.20416487150706,19.305672823323636,0.0,0.0,0.010831141552840502,212.84740171597647,0.0,2.619724615055789,1.6577479779149886,0.0083333333333333,3.9973554559337128,5.41399308929286,9.979817625124612,0.2080000320693754,8.27763395365384,0.0002651052895849,0.0002651052895849,0.7798161266084764,36.61298288102855,9.051796711502302,0.0,5.885499389528432,0.0,0.7255162208974568,0.0024630541871921,0.0002651052895849,0.4712299595642956,0.0,0.06964875688834869,6.433910492951084e-05,2.1396270396270394,6.8178240304568405,0.0,4.257946392454919e-05,0.000799129640313054,0.0,4.498182734175393e-05,0.1667116484940084,2.9538020903580122,0.014510730944221902,4.498182734175393e-05,0.0001325526447924,1.8589654470763561,0.2858468383590781,13.33956874301904,0.7571928071928071,0.0,4.196145506369634,0.089472695575854,2.2032420524979592,0.5359379253620555,1086.7025230383551,26.159640890517437,0.0046160420722788,0.0,0.0,2.6874045371839514,0.0,2.5253856446083933,0.0,0.0030188249409562,0.0186643773477224,0.0,15.509308851623132,0.0502432560724559,0.0840604475696036
BS,0.0,0.0,0.0,0.0952380952380952,0.0,0.0,0.0,0.0,0.0,0.0,2.5307792026485316,0.0,0.0,0.0,0.1666666666666666,0.4630368591724753,0.0,0.0,0.0,0.0,0.0,0.0,0.0,0.0,0.0,0.0,0.0,2.5085920129477297,32.785108994590296,0.0,0.0,0.0,0.0,0.0,1.5463330438466556,0.0,0.2,0.0,0.0,0.007726212081928901,0.0,0.0,0.007962213225371,0.0,0.0,0.0,0.0,0.0,0.0,0.0,0.0,0.0,0.0,0.0105263157894736,0.0,0.0,0.0,0.0058479532163742,0.0,0.0,0.0,0.0,0.0,0.0,0.0049261083743842,0.0,0.0,0.0,0.0,0.0,0.0116959064327485,0.0,0.0688405363541479,0.0,0.0,0.0,0.0,0.0,0.0,0.0,0.0,0.0,0.0,0.0,0.0,0.0,0.0,0.0,0.0,0.0,0.0210526315789473,0.0,0.0,0.0051621095178263,0.0,0.0,0.0965876229034123,0.0,0.0,0.0,0.0,0.10050125313283201,0.0,0.30270596916694914,0.0,0.0,0.0302408319649698,0.0,0.0,0.0,0.0,0.0,0.0,0.0,0.0013495276653171,0.0803675856307434,0.0,0.0,0.0,0.023391812865497,0.0,0.0,0.0,0.0,0.0,0.0,0.0,0.0,0.0,0.0,0.0,0.0,0.0,0.0,0.0,0.1,0.0,0.0,0.0,0.0,0.0,0.0,0.0,0.0,0.0,0.0,0.0013495276653171,0.0013495276653171,0.0,0.0,0.0,0.0,0.0,0.0291959768815943,0.0,0.0719298245614034,0.0024630541871921,0.0,0.0,0.0,0.0,0.0,0.0,0.0,0.0,0.0,0.0,0.0,0.0,0.0,0.0,0.0,0.0,0.0,0.0,0.0,0.0,0.0,0.0,0.0,0.0,0.0,0.0,0.0,0.0,0.0051621095178263,0.0013495276653171,0.0,0.0,0.0,0.0,0.0,0.0,0.0,0.0,0.0,0.0,0.0,0.0,0.0,0.0,0.0,0.0277777777777777,0.0,0.0,0.0,0.0,0.0,0.0,0.0,0.0,0.0,0.3086703283449644,0.0,0.0,0.0,0.3333333333333333,0.0,4.994703237603363,0.0,0.0,0.0,0.0,0.0,0.0,0.1785714285714285,0.0,0.0,0.0,0.0,0.5024630541871921,0.0666666666666666,0.0
BT,0.0,0.0,0.0074352548036758,0.0,0.0,0.0,0.0,0.0,0.0,0.0,1.7010430521096118,0.0,0.0,0.0,0.0,0.0,1.4238795323158064,0.1136530136530136,0.003076923076923,0.0,0.0,0.0,0.0128205128205127,0.0,0.0174318364073777,0.0,0.0,0.0,0.0,27.16292874166497,0.0,0.0,0.0,0.0,0.0,0.0,0.0,0.0,0.0,0.004192789968652,0.0,0.0,0.0,0.0,0.0088260309591504,0.0,0.003076923076923,0.0,0.0,0.0,0.0,0.0,0.0,0.0579720279720279,0.0,0.0,0.0,0.0,0.0,0.0,0.0,0.0,0.0,0.0,0.0,0.0,0.0,0.0,0.0,0.0,1.893806567663825,0.0,0.0,0.0,0.0033333333333333,0.0,0.0,0.0,0.0,0.0,0.0,0.0,0.0,0.0,0.0,0.0,0.0,0.0,0.0,0.0,0.0,0.0,0.0283420742442939,0.0,0.0,0.0,2.4394461525006417,0.0,0.0,0.0268022435130863,0.0,0.2502164502164502,0.0,0.0,0.0,0.3655822682719493,0.0066666666666666,0.0,0.0067118660542878,0.0,0.0,0.0,0.0,0.023333880100119,0.0,0.0,0.0061538461538461,0.0067118660542878,0.003076923076923,0.0,0.0,0.0236709303817732,0.0,0.0,0.0,0.0,0.0,0.0,0.0,0.0,0.0,0.0,0.0,0.0,0.0,0.0,0.0,0.0369744506398281,0.013796893430012799,0.0,0.0,0.0,0.0,0.0058479532163742,0.0058479532163742,0.0,0.0,0.0149127603217418,0.0,0.0,0.0,0.0,0.0,0.0,0.0,0.44145854145854135,0.0,0.055957067184039,0.0,0.0,0.0,0.0,0.0,0.0,0.0,0.0,0.0067118660542878,0.0203017118809758,0.0,0.0,0.0,0.0,0.0,0.0,0.0,0.0,0.0,0.0,0.0,0.0,0.081085581085581,0.0,0.0,0.0,0.0,0.0,0.0197306869820903,0.0,0.0,0.0,0.0,0.0,0.0,0.0,0.0,0.0,0.0,0.0,0.0,0.0,0.0,0.0033333333333333,0.0,0.0,0.0,2.596318122484793,0.0,0.006410256410256301,0.0,0.0,0.0,0.0,0.003076923076923,0.0,0.0037878787878787,0.0061538461538461,0.0,0.0,1.5662681762681763,0.0,0.0,0.0,0.0,0.0,0.0,0.0206784258760614,0.0,0.0,0.0,0.0,0.006410256410256301,0.0,0.0
BV,0.0,0.0,0.0,0.0,0.0,0.0,0.0,0.0,0.0,0.0,0.0,0.0,0.0,0.0,0.0,0.0,0.0,0.0,0.0,0.0,0.0,0.0,0.0,0.0,0.0,0.0,0.0,0.0,0.0,0.0,0.2857142857142857,0.0,0.0,0.0,0.0,0.0,0.0,0.0,0.0,0.0,0.0,0.0,0.0,0.0,0.0,0.0,0.0,0.0,0.0,0.0,0.0,0.0,0.0,0.0,0.0,0.0,0.0,0.0,0.0,0.0,0.0,0.0,0.0,0.0,0.0,0.0,0.0,0.0,0.0,0.0,0.0,0.0,0.0,0.0,0.0,0.0,0.0,0.0,0.0,0.0,0.0,0.0,0.0,0.0,0.0,0.0,0.0,0.0,0.0,0.0,0.0,0.0,0.0,0.0,0.0,0.0,0.0,0.0,0.0,0.0,0.0,0.0,0.0,0.0,0.0,0.0,0.0,0.0,0.0,0.0,0.0,0.0,0.0,0.0,0.0,0.0,0.0,0.0,0.0,0.0,0.0,0.0,0.0,0.0,0.0,0.0,0.0,0.0,0.0,0.0,0.0,0.0,0.0,0.0,0.0,0.0,0.0,0.0,0.0,0.0,0.0,0.0,0.0,0.0,0.0,0.0,0.0,0.0,0.0,0.0,0.0,0.0,0.0,0.0,0.0,0.2857142857142857,0.0,0.0,0.0,0.0,0.0,0.0,0.0,0.0,0.0,0.0,0.0,0.0,0.0,0.0,0.0,0.0,0.0,0.0,0.0,0.0,0.0,0.0,0.0,0.0,0.0,0.0,0.0,0.0,0.0,0.0,0.0,0.0,0.0,0.0,0.0,0.0,0.0,0.0,0.0,0.0,0.0,0.0,0.0,0.0,0.0,0.0,0.0,0.0,0.0,0.0,0.0,0.0,0.0,0.0,0.0,0.0,0.0,0.0,0.0,0.0,0.0,0.0,0.0,0.0,0.0,0.0,0.0,0.0,0.0,0.0,0.0,0.0,0.0,0.0,0.0,0.0,0.0
BW,0.0,0.16516530392247636,1.7992730936701573e-05,0.0,0.0,0.0008696872443908,0.0001155394314195,0.0041559434718235,8.996365468350786e-06,0.0232547096294132,0.3007219952329758,0.0,0.0,2.3539042639419264e-05,0.0007541478129713,0.0,0.2212993772751476,0.06711122615088409,0.0018980706257154,0.0017269280695477,1.0625599383413352e-05,5.776971570977887e-05,0.033330670506506,0.0,1.1092623405435386e-05,1.7992730936701573e-05,0.0,0.0514776817599325,0.0,0.0,0.0,145.55216518455327,0.0001155394314195,0.0,3.665268841095225,0.0,0.012840352248955,5.776971570977887e-05,0.0,0.1595496055322902,0.003622832104301579,0.0,0.0077865948863051,1.7686997363679229,0.0238635213727817,0.0019302002938992957,8.996365468350786e-06,2.307201861739723e-05,0.0,0.0,0.0,0.0007541478129713,0.000178855458832,1.3761139247803567,0.0,0.00013171134250559565,0.0,1.7992730936701573e-05,0.008143657084198496,2.698909640505236e-05,0.0008331687274479142,0.02694029951822183,0.0,0.0,0.009777727359105499,1.8430147414927296,0.001972493284393887,0.0,0.0,5.546311702717693e-06,0.1016563812010636,5.776971570977887e-05,2.8244986946675645,0.0,0.0001210857431222,0.0,0.0,0.23112178626149318,0.0,0.0,5.546311702717693e-06,0.0,0.0,0.0,0.0015295468247094354,1.7992730936701573e-05,0.0,5.546311702717693e-06,1.7992730936701573e-05,7.902091447660558e-05,0.006553940443355,0.0039306827537898955,0.013646651027711086,5.776971570977887e-05,0.0003248340404222,0.0,4.877300212597579,0.0,0.10017474028790178,0.3091863895170344,0.0007541478129713,0.13815483814915758,0.0,0.1188831633202452,0.022267012463628392,0.003877267684755674,0.4879090044006349,8.996365468350786e-06,8.996365468350786e-06,0.0,0.0,0.0,0.0,0.3114419547462691,1.0625599383413352e-05,0.0,1.454267717106848e-05,8.996365468350786e-06,0.008737545950482595,0.0,0.0,2.008898887378617e-05,0.0,0.6857142857142856,0.0008119175286810788,0.0,0.0001155394314195,0.008206973111610996,0.0096930181129266,0.0,0.0,0.0,0.0,0.0097961794541195,0.0,5.776971570977887e-05,0.0081963475122276,8.996365468350786e-06,1.454267717106848e-05,0.0,0.0041559434718235,0.0,5.079287680695659e-06,0.004040404040404,0.0,0.2843453687755785,0.022297260027863582,0.030058266889829797,0.0554452402811294,0.2037446439069156,0.0,5.776971570977887e-05,5.546311702717693e-06,0.6200869759550705,1.7992730936701573e-05,0.0122763086346842,0.0008493406385340497,5.979994259933648e-05,0.0,0.0,0.023908442210143897,1.1092623405435386e-05,3.4164642022832616e-05,9.159288859857042e-05,0.0,8.996365468350786e-06,2.3539042639419264e-05,0.03021408039875087,0.0032957188239608,0.0,0.0,0.0,0.0020990958840848566,0.0,0.0222402149531589,0.0018199543041487708,0.0,0.046483179120799495,0.0009694923336121999,0.00363913353815,0.48801094714257137,1.6361326810393593,0.0,0.0,0.0246648809222902,0.3053705274815702,2.3539042639419264e-05,0.0,0.0190621310255924,0.0,0.0008696872443908,0.0,0.0,0.011910002950021,0.0,0.0,0.0,0.0,1.7992730936701573e-05,0.0,0.0,0.024457237725725403,0.0,5.776971570977887e-05,5.776971570977887e-05,0.0078765585409886,0.0,8.996365468350786e-06,0.0,0.015624661000522101,0.0,0.22434165970066255,0.0,0.0,0.1111422927233903,0.3111297598613444,0.0001733091471293,1.5624161390708735,36.13110065240936,8.996365468350786e-06,1.454267717106848e-05,0.0,0.0,1.7992730936701573e-05,0.0,0.0025598102156223785,0.0,0.0,1.454267717106848e-05,0.0,3.7938569259665584,0.5105380116230072,2.209891846689746
BY,0.0,0.1666666666666666,3.5985461873403146e-05,0.0,0.0,0.0153395820858695,1.0445302777180003,0.0002310788628391,0.0049634277028739,0.9071934390642461,3.3628148526046484,0.0,0.0,0.2748047055261138,0.0322366077653225,0.0,0.0001079563856202,0.1208953765377822,0.0002310788628391,0.0276337677664242,0.0357142857142857,0.0001155394314195,0.0001155394314195,0.0,0.0,3.5985461873403146e-05,0.0,0.2576049474030302,0.0,0.0,0.0,0.0001155394314195,521.1114304856114,0.0,0.3590781389112408,0.0,0.0003466182942586,0.0001155394314195,0.0,2.0533470874502924,0.0001155394314195,0.0,0.0207201576238451,0.0003466182942586,5.96330464376514,0.00018135184870106294,1.7992730936701573e-05,3.5985461873403146e-05,0.0,0.0,0.0,0.8009623240675946,1.4646499780759443,9.329104384636246,0.0,0.5526790579711597,0.0,3.5985461873403146e-05,0.009188811995740601,5.397819281010472e-05,0.7761394632145064,0.0362000484094838,0.0,0.0,1.7637736136220308,0.0004621577256782,0.802320030305339,0.0,0.0,0.0,7.529107343876959,0.0001155394314195,8.116698016383157,0.0,0.1579031836832814,0.0,0.0,0.0004621577256782,0.0,0.0,0.0,0.0,0.0,0.0,1.414163923436297,3.5985461873403146e-05,0.0,0.0,3.5985461873403146e-05,0.10670724135669168,0.0060046836640919,0.0842607808395401,0.1809818566224805,0.0243486702963537,0.0508787498089061,0.0,1.201212321629444,0.0,0.8751895950319787,1.8260837453025855,0.0006683170970283999,1.3635637921534312,0.0,3.5985461873403146e-05,3.5985461873403146e-05,1.8096095657443594,0.0359453645771248,0.4501741803013119,1.7992730936701573e-05,0.0,0.0,0.0,0.0,1.080275509705109,0.0,0.0,0.7460818770634365,1.7992730936701573e-05,0.0010021690367526032,0.0,0.0,1.7992730936701573e-05,0.0,0.0,3.5302680260546033,0.3333333333333333,0.6957086326748303,0.1668977455295057,0.0005776971570977,0.0,0.0953824844356383,0.0110939517942912,0.0,0.0001155394314195,0.0,0.022110615845944398,0.0002310788628391,0.0002517468216332,0.0980572084172112,0.0,0.0002310788628391,0.0,0.034723664990144495,0.0,0.0,0.0003466182942586,0.09701518682819929,0.0701310986127805,0.0003466182942586,0.0,0.0,0.0001155394314195,0.0,0.6681686792751208,3.5985461873403146e-05,1.5255272138116485,0.24153234518978228,5.397819281010472e-05,0.0,0.0,0.0136502536186509,0.0017057050667769,3.5985461873403146e-05,0.0061306327806488,0.0,1.7992730936701573e-05,0.1307622790099225,0.0169488754587146,8.878370547429082,0.0,0.0,0.0,0.49598341111129757,0.0,3.5985461873403146e-05,0.0032949882355435,0.0,0.2101912941587608,0.3860366258729171,34.64198381889188,0.0001155394314195,1.2425588969663046,0.0,0.0,0.0002310788628391,3.923512756666426,0.0010597446252777001,0.0,0.070211695119199,0.0,0.0535990812324309,0.0,0.0,0.0002310788628391,0.0,0.0,0.0,0.0,3.5985461873403146e-05,0.0,0.0,0.0001155394314195,0.0,0.0001155394314195,0.0001155394314195,0.22548464809543192,0.0231720605862481,1.7992730936701573e-05,0.0220333442301405,0.0182973576132376,0.0,0.4437604761658545,0.0,0.0,0.010159770005484,0.0005776971570977,5.779025210332913,0.0064308559278967,15.191752167904855,1.7992730936701573e-05,0.0916991811062315,0.0,0.0,3.5985461873403146e-05,0.0,0.6786254067642387,0.0,0.0,1.7992730936701573e-05,0.0,0.0078561686792288,0.0061997770650576,0.0001155394314195
BZ,0.0,7.569306462295393e-07,0.0,0.0,0.0,3.027722584918157e-06,0.0016558757133501001,1.5138612924590783e-06,8.326237108524932e-06,0.0016710143262747001,0.0712092544221764,0.0,0.0,7.569306462295393e-07,7.569306462295393e-07,1.5138612924590783e-06,3.784653231147696e-06,1.892326615573848e-05,0.0,5.298514523606774e-06,0.0,0.0,7.569306462295393e-07,0.0,1.5138612924590783e-06,0.0,0.0,0.0071427075801932,0.0,0.0,0.0,0.0,0.0,3.811081837491873,1.7409404863279402e-05,0.0,3.784653231147696e-06,0.0,0.0,1.968019680196802e-05,1.5138612924590783e-06,0.0,0.008739542703137398,7.569306462295392e-06,0.0577192820360046,0.0026871662714038,4.541583877377235e-06,3.027722584918157e-06,7.569306462295393e-07,0.1111111111111111,0.0,3.784653231147696e-06,9.08316775475447e-06,3.86034629577065e-05,0.0,3.784653231147696e-05,0.0,2.2707919386886176e-06,2.2707919386886176e-06,0.0027150310341878,9.08316775475447e-06,3.784653231147696e-06,0.0,0.0,4.617276942000189e-05,2.2707919386886176e-06,2.5735641971804333e-05,7.569306462295393e-07,0.0,0.0,0.0027392528148671,0.0,0.0245930296219115,0.0054240066232059,2.2707919386886176e-06,0.0,0.0,2.2707919386886176e-06,0.0,0.0,0.0027135171728953,0.0,0.0,0.0,0.0043890730830476,3.784653231147696e-06,0.0,7.569306462295393e-07,0.0,1.4381682278361244e-05,1.5138612924590783e-06,7.569306462295392e-06,4.541583877377235e-06,6.812375816065853e-06,8.326237108524932e-06,0.0,0.119248776578339,0.0,7.569306462295393e-07,6.963761945311761e-05,3.784653231147696e-06,0.0179127189551229,0.0,6.812375816065853e-06,7.569306462295392e-06,1.5138612924590784e-05,0.0081382807267476,1.5138612924590783e-06,0.0,0.0,0.0,0.0,0.0,8.326237108524932e-06,4.541583877377235e-06,0.0,1.0597029047213548e-05,0.0,1.5138612924590783e-06,0.0,0.0,0.0,0.0,0.0,9.08316775475447e-06,2.2707919386886176e-06,3.027722584918157e-06,0.0,3.027722584918157e-06,0.0,1.5138612924590783e-06,3.027722584918157e-06,0.0,0.0,0.0,7.569306462295393e-07,0.0,4.541583877377235e-06,0.0,0.0,0.0,0.0,3.784653231147696e-06,7.569306462295393e-07,0.0,0.0037711586324405003,0.0092050053540475,1.6652474217049864e-05,1.5138612924590783e-06,0.0,0.0,7.569306462295393e-07,0.0,0.0027165448954802,0.0049630855561732,0.0027369820229284,2.1194058094427097e-05,6.055445169836314e-06,0.0,0.0,8.326237108524932e-06,0.0,0.002715787964834,9.08316775475447e-06,0.0,0.0,6.055445169836314e-06,0.002715787964834,3.784653231147696e-05,0.0,0.0,3.027722584918157e-06,0.0054497422651777,0.0,0.0027150310341878,1.5138612924590783e-06,0.0,0.0027241142019424998,2.2707919386886176e-06,0.006459081834490701,0.0,0.0151560567353925,1.5138612924590783e-06,1.5138612924590783e-06,7.569306462295393e-07,0.0030863023676987,1.4381682278361244e-05,0.0,3.784653231147696e-06,0.0,4.541583877377235e-06,0.0,1.5138612924590783e-06,0.0016543618520577,0.0,0.0054240066232059,7.569306462295393e-07,0.0,0.0,0.0,0.0,0.0,0.0,0.0,0.0,3.027722584918157e-06,2.2707919386886176e-06,0.0,7.569306462295393e-07,3.784653231147696e-06,7.569306462295393e-07,0.0016626880891661999,0.5333333333333333,0.0,7.569306462295392e-06,0.0010229643209451,0.0054270343457907995,0.0027150310341878,1.2190677926825515,0.0027150310341878,0.0,0.0,0.0,0.0027165448954802,0.0,1.0597029047213548e-05,0.0,0.0027127602422491,7.569306462295393e-07,0.0,0.0216430033326672,0.0,0.0
CA,0.0714285714285714,24.62030636853413,0.5477270040046678,0.1047619047619047,0.0,0.039295709439189405,0.37926425249221296,0.0001427751953467,20.68580456505016,98.81303830223469,380.74837542985875,0.0689655172413792,0.0,0.0405693712657586,0.1353340485342973,1.525072337483135,23.7732392883244,89.73201295573998,1.2944978801873086,0.9635459166359184,0.3259099180310171,5.397819281010472e-05,1.4325207079486795,1.988888888888889,0.0551210551693895,0.27490877939616176,0.0555555555555555,205.49472788376156,1.5463330438466556,0.0,0.0,3.665268841095225,0.3590781389112408,1.7409404863279402e-05,40059.58966199293,0.0,1.4696133592429863,5.397819281010472e-05,0.2484590511227581,160.6455053205032,0.4587495726328532,0.0,24.77255102766855,2.469625481897041,700.352527855765,11.14776312679685,2.079349889343417,7.573415284876603,0.0725648212747572,1.0658008658008655,0.0,4.9875831573915494,29.627052844946206,393.06454280747005,0.0,70.30459904523235,0.0181818181818181,0.5258827044090266,8.293614225136809,2.618023500141662,2.864463126601459,55.94252954296372,0.0,0.0,158.16556855100436,6.720478881042787,42.615126889085644,1.0270153953965933,0.0003755067491774,4.991680532445923e-05,369.03096202271706,0.142117470256302,612.3016591993687,1.3611111111111112,0.7665243549986707,0.0,0.0,17.090707073696905,0.0,0.0897741495050631,0.0569345524648678,0.1818181818181818,0.0193728012036018,0.0,17.700569214112328,2.482303842823274,0.0476190476190476,6.732621018773863e-05,0.0181787744564382,4.567291046612669,0.3439557635939752,15.01593414193475,2.344008755272756,68.85160126608962,101.43266631928277,9.592004105377758e-06,168.79516544213448,0.0,5.800301621048305,286.72782273560813,1.23903852485632,299.0575521115117,0.059784480752222605,4.442941716562939,23.846802650614418,128.91529284887326,13.45846175698351,0.029083246021260202,0.8001843138070167,0.0,0.0,1.660558682509902,0.0,93.12833508283435,11.973788646349291,0.10620490620490619,2.508690196758162,0.7758115539503858,20.388162900565046,0.3801169590643274,0.0555555555555555,6.3352126024167585,0.0002579979360165,0.6666666666666666,8.05158527809651,2.990957341639006,0.8793003934413124,1.0939213715309641,11.17266631495124,1.283955383955384,0.075200855587402,0.0013108351749694,0.1540685121330282,5.397819281010472e-05,0.0,0.10220697741530571,0.892937349215013,0.0519519362894661,0.0364675313617708,0.0817084422561096,0.0001079563856202,0.0,3.158110716595769,0.0017180210161923,0.0,1.6691084057379597,41.72318022423056,19.180118972703177,0.1932893063914273,0.0,0.0136345136345135,9.132694009485984e-05,0.7877778387949317,19.254538726675918,0.0430075404616748,236.3003018747151,43.265101436784505,4.295313327528043,0.0,0.0,37.81077958157134,9.307125066927924,0.497794612085495,3.9591702559339588,0.032106782106782,0.0887794683888885,4.141460453009269,40.192719813419394,66.55977157813011,0.0,0.0,2.073560188541028,31.414822384765785,0.0,0.5763411876497125,15.95524527604284,0.49069643806485896,7.293120354472814,3.0233134889842623,29.99211860064748,6.931482236692757,88.04618326124762,7.469749456951024e-05,7.469749456951024e-05,1.1731977070832758,72.51137466198097,31.81873233794796,0.0,7.251516648535837,0.0,4.173525291413435,0.6555555555555556,7.469749456951024e-05,1.2690371863558745,0.2,0.0,1.7409404863279402e-05,0.0,1.1761843645188101,0.0,0.5095996493199022,5.397819281010472e-05,0.0,0.0017346504617176,0.231006359145191,27.729970018849823,0.045330202137527906,5.397819281010472e-05,0.602418301128237,8.023709941264045,3.734874728475512e-05,46.80423475436042,3.241478755162966,0.0,46.625168605048174,7.598141248044144,5.293400995475913,12.945635960965706,4149.875297827528,2.0582794615330227,0.24772294261718208,0.0,0.0,0.4595483498559819,0.0,9.45714089958637,0.36570096570096566,1.7409404863279402e-05,2.5028977028755497,0.0,21.659594570795278,2.538453431357066,2.1775549287994744
CC,0.0,0.0,0.0,0.0,0.0,0.0,0.0,0.0,0.0,0.0,0.0,0.0,0.0,0.0,0.0,0.0,0.0,0.0,0.0,0.0,0.0,0.0,0.0,0.0,0.0,0.0,0.0,0.0,0.0,0.0,0.0,0.0,0.0,0.0,0.0,3.0,0.0,0.0,0.0,0.0,0.0,0.0,0.0,0.0,0.0,0.0,0.0,0.0,0.0,0.0,0.0,0.0,0.0,0.0,0.0,0.0,0.0,0.0,0.0,0.0,0.0,0.0,0.0,0.0,0.0,0.0,0.0,0.0,0.0,0.0,0.0,0.0,0.0,0.0,0.0,0.0,0.0,0.0,0.0,0.0,0.0,0.0,0.0,0.0,0.0,0.0,0.0,0.0,0.0,0.0,0.0,0.0,0.0,0.0,0.0,0.0,0.0,0.0,0.0,0.0,0.0,0.0,0.0,0.0,0.0,0.0,0.0,0.0,0.0,0.0,0.0,0.0,0.0,0.0,0.0,0.0,0.0,0.0,0.0,0.0,0.0,0.0,0.0,0.0,0.0,0.0,0.0,0.0,0.0,0.0,0.0,0.0,0.0,0.0,0.0,0.0,0.0,0.0,0.0,0.0,0.0,0.0,0.0,0.0,0.0,0.0,0.0,0.0,0.0,0.0,0.0,0.0,0.0,0.0,0.0,0.0,0.0,0.0,0.0,0.0,0.0,0.0,0.0,0.0,0.0,0.0,0.0,0.0,0.0,0.0,0.0,0.0,0.0,0.0,0.0,0.0,0.0,0.0,0.0,0.0,0.0,0.0,0.0,0.0,0.0,0.3333333333333333,0.0,0.0,0.0,0.0,0.0,0.0,0.0,0.0,0.0,0.0,0.0,0.0,0.0,0.0,0.0,0.0,0.0,0.0,0.0,0.0,0.0,0.0,0.0,0.0,0.0,0.0,0.0,0.0,0.0,0.0,0.0,0.0,0.0,0.0,0.0,0.0,0.0,0.0,0.0,0.0,0.0,0.0,0.0,0.0,0.0,0.0,0.0
CD,0.0,3.784653231147696e-06,5.397819281010472e-05,0.0,0.0,0.0003617569071832,0.0003541876007209,0.1670208542673876,0.0023674708566603,0.0004298806653439,0.1718590292024046,0.0,0.0,0.0023566134207538,3.784653231147696e-06,0.0109965802954732,0.010813041752632,5.6388405860061335,0.2041428220904624,0.0029646015430379,0.0,0.0001733091471293,0.33578315440642104,0.0,7.569306462295392e-06,5.397819281010472e-05,0.0,0.1877101687143636,0.2,0.0,0.0,0.012840352248955,0.0003466182942586,3.784653231147696e-06,1.4696133592429863,0.0,97.47147006782798,0.0115693205431406,0.9021645021645022,1.0702745980816677,0.0517833500560631,0.0,0.0914429424474281,0.4452281036440291,1.6346931273073395,0.0025227832851161,4.969701579193854e-05,6.91168057346955e-05,3.784653231147696e-06,0.0,0.0,1.892326615573848e-05,0.011961354676173,1.9338865869036388,0.0,0.0449802954002604,0.0,6.533215250354781e-05,0.0001846631068227,9.610590213974786e-05,0.0002187249859031,0.7179363208960396,0.0,0.0,1.69900764554643,0.0242633547688391,0.0003019873569883,3.784653231147696e-06,0.0,0.0,0.6470509595103885,0.0365369455107657,1.8515172253195287,0.0,0.0026568228286647,0.4,0.0,0.0035535933972136,0.0,0.0,0.0030844923833853,0.0024390243902439,0.1666666666666666,0.0,0.0001135395969344,7.29014589658432e-05,0.0,3.784653231147696e-06,5.397819281010472e-05,0.0002452175585211,6.154749927240011e-05,0.0136723263902937,0.0178834813255981,0.0026463954164535,0.0034551576970534,0.0,1.285179187166971,0.0,0.0025995152883993,0.0005101226756959,1.892326615573848e-05,0.0126068010692345,0.0,8.804007189043399e-05,9.182472512158168e-05,0.4024836345419803,2.0224399304166507,3.455840286734775e-05,2.698909640505236e-05,0.0,0.0,0.0,0.0,9.560937835272938e-05,2.2707919386886177e-05,0.0,7.997424164112011e-05,2.698909640505236e-05,0.0150274411758107,0.0,0.0,2.698909640505236e-05,0.0,0.0,0.0002187249859031,1.1353959693443088e-05,0.0003617569071832,0.0268617698094101,0.1783175817844687,0.0,7.569306462295392e-06,1.5138612924590784e-05,0.0,0.3484139573877775,0.0,0.0001770938003604,0.0759376938853342,4.969701579193854e-05,2.698909640505236e-05,0.0,0.0003466182942586,0.0,0.0024579476563996,3.784653231147696e-06,0.0,0.0029665211380942,0.3380687715704409,0.0111532406493113,0.0005274967478503,0.0,0.0,0.0266922453155119,0.0,0.1712364581788017,0.002493002583054,0.0004715118508865,0.0002792794376014,0.0001112445150643,0.0,0.0,0.0025346337685966,0.0357142857142857,7.29014589658432e-05,0.0002883177064192,0.0,2.698909640505236e-05,8.425541865928629e-05,0.3384140007213062,0.0008824692500747,0.0,0.0,1.5138612924590784e-05,0.0004752965041176,0.0,6.91168057346955e-05,7.569306462295392e-06,0.0,0.002879332467799,0.002830131975794,0.0011079786409366,1.102818811792632,0.0084100194455303,7.569306462295392e-06,7.569306462295392e-06,0.0487317317636012,0.0004563732379619,0.0001258866042019,0.0,0.0003655415604144,0.0,0.0028083506038894,0.0,7.569306462295392e-06,0.4787866967343371,0.0,0.0,3.784653231147696e-06,0.0,5.397819281010472e-05,0.0,0.0,0.0001733091471293,0.0,0.0001733091471293,0.2913821003559205,0.0003659968661902,1.1353959693443088e-05,2.698909640505236e-05,3.784653231147696e-06,0.1678764000974527,3.784653231147696e-06,0.0135454055205066,0.0,0.0,0.0025038600189604,0.1929816451931173,0.0467899605850692,1.6866367504670383,6.493051268263069,4.212770932964314e-05,2.698909640505236e-05,0.0,0.0,0.0023755366869096,0.0,0.0001339524344512,0.0,3.784653231147696e-06,3.077374963620006e-05,0.0,2.0369677570476235,0.2195404679228909,0.0030223119961321
CF,0.0,0.0,1.7992730936701573e-05,0.0,0.0,0.0001155394314195,0.0001155394314195,0.0001155394314195,8.996365468350786e-06,0.0001155394314195,7.197092374680629e-05,0.0,0.0,1.7992730936701573e-05,0.0,0.0,5.397819281010472e-05,0.0001155394314195,0.0001155394314195,0.0002130861319024,0.0,5.776971570977887e-05,5.776971570977887e-05,0.0,0.0,1.7992730936701573e-05,0.0,4.498182734175393e-05,0.0,0.0,0.0,5.776971570977887e-05,0.0001155394314195,0.0,5.397819281010472e-05,0.0,0.0115693205431406,13.35638996042011,0.6476190476190475,0.0030223119961321,0.002906772564712579,0.0,2.698909640505236e-05,0.7936034084595815,1.3051885888368477,8.996365468350786e-06,8.996365468350786e-06,1.7992730936701573e-05,0.0,0.0,0.0,0.0,0.0030223119961321,0.0344191130508732,0.0,0.0001155394314195,0.0,1.7992730936701573e-05,5.776971570977887e-05,2.698909640505236e-05,5.776971570977887e-05,0.0003466182942586,0.0,0.0,1.0006354668728077,0.0002310788628391,5.776971570977887e-05,0.0,0.0,0.0,0.9881593971332173,1.618239587897528,0.0006932365885173,0.0,0.0001155394314195,0.0,0.0,0.0002310788628391,0.0,0.0,0.0,0.0,0.0,0.0,0.0,1.7992730936701573e-05,0.0,0.0,1.7992730936701573e-05,5.776971570977887e-05,1.7992730936701573e-05,0.0001155394314195,0.0001439418474936,5.776971570977887e-05,0.0003248340404222,0.0,0.2669005721688438,0.0,9.896002015185864e-05,5.397819281010472e-05,0.0,0.0002888485785488,0.0,1.7992730936701573e-05,1.7992730936701573e-05,8.996365468350786e-06,0.0001155394314195,8.996365468350786e-06,8.996365468350786e-06,0.0,0.0,0.0,0.0,1.7992730936701573e-05,0.0,0.0,8.996365468350786e-06,8.996365468350786e-06,1.7992730936701573e-05,0.0,0.0,8.996365468350786e-06,0.0,0.0,5.776971570977887e-05,0.0,0.0001155394314195,0.0001155394314195,0.0002888485785488,0.0,0.0,0.0,0.0,5.776971570977887e-05,0.0,5.776971570977887e-05,0.0001155394314195,8.996365468350786e-06,8.996365468350786e-06,0.0,0.0001155394314195,0.0,0.0,0.0,0.0,0.0001733091471293,2.698909640505236e-05,0.400026989096405,0.0001733091471293,0.0,0.0,5.776971570977887e-05,0.0,0.0007510063042271,1.7992730936701573e-05,0.0001155394314195,5.776971570977887e-05,2.698909640505236e-05,0.0,0.0,1.7992730936701573e-05,0.0,1.7992730936701573e-05,8.096728921515707e-05,0.0,8.996365468350786e-06,1.7992730936701573e-05,0.0001079563856202,0.0002310788628391,0.0,0.0,0.0,0.0001155394314195,0.0,1.7992730936701573e-05,0.0,0.0,0.0001733091471293,0.0001733091471293,0.0003466182942586,0.002906772564712579,1.7992730936701573e-05,0.0,0.0,0.0001155394314195,0.0001155394314195,1.7992730936701573e-05,0.0,0.0001155394314195,0.0,0.0001155394314195,0.0,0.0,0.0001155394314195,0.0,0.0,0.0,0.0,1.7992730936701573e-05,0.0,0.0,5.776971570977887e-05,0.0,5.776971570977887e-05,0.38187595153389153,0.0001169527510885,0.0,8.996365468350786e-06,0.0,5.776971570977887e-05,0.0,7.197092374680629e-05,0.0,0.0,8.996365468350786e-06,0.0002888485785488,0.0001733091471293,0.0002310788628391,0.0147256131377364,8.996365468350786e-06,8.996365468350786e-06,0.0,0.0,1.7992730936701573e-05,0.0,2.698909640505236e-05,0.0,0.0,8.996365468350786e-06,0.0,0.0006932365885173,0.0001155394314195,5.776971570977887e-05
CG,0.0,0.0,0.0,0.0,0.0,0.0,0.0,0.0166666666666666,0.0,0.0466666666666666,0.0,0.0,0.0,0.0,0.0,0.0,0.0,0.0779220779220779,0.9514005602240894,0.0,0.0,0.0,0.6119047619047618,0.0,0.0,0.0,0.0,0.0128205128205128,0.0,0.0,0.0,0.0,0.0,0.0,0.2484590511227581,0.0,0.9021645021645022,0.6476190476190475,77.74733166412206,1.9003474500588817,0.0714082407156411,0.0,0.0,2.0796323481673094,0.0666666666666666,0.0,0.0,0.0,0.0,0.0,0.0,0.0,0.0,0.1016624040920716,0.0,0.0570742104528181,0.0,0.0,0.0016806722689075,0.0,0.0,0.085518814642011,0.0,0.0,0.0357142857142857,0.0252394506189572,0.003076923076923,0.0,0.0,0.0,1.7766173239758145,1.5904761904761906,0.240266947848379,0.0,0.0,0.0,0.0,0.18986726670859932,0.0,0.0,0.2930672268907562,0.0555555555555555,0.0,0.0,0.0,0.0,0.0,0.0,0.0,0.0,0.0,0.003076923076923,0.0,0.0,0.0,0.0,0.1783294483294482,0.0,0.0,0.0,0.0,0.038791208791208696,0.0,0.0066666666666666,0.0061538461538461,0.0,0.41801863448689536,0.0,0.0,0.0,0.0,0.0,0.0,0.0,0.0,0.0,0.0066666666666666,0.0,0.0,0.0,0.0,0.0133333333333333,0.0,0.0,0.0,0.0,0.0,0.0,5.020498997857488,0.0,0.0,0.0,0.0,0.0,0.0,0.0,0.0547415740489743,0.0,0.0555555555555555,0.0,0.0,0.0,0.0,0.0090336134453781,0.0,0.0038312099033161,0.0061538461538461,0.0,0.0135854341736694,0.0119047619047619,0.0,0.0166666666666666,0.0,0.15843521137406058,0.0,0.003076923076923,0.0,0.0066666666666666,0.0,0.0,0.0,0.0,0.0,0.0,0.0,0.0,0.0476190476190476,0.0061538461538461,0.0,0.0,0.0,0.0,0.0745054945054944,0.0,0.0066666666666666,0.0,0.0,0.6,0.0,0.0,1.2065046740640168,0.0092307692307692,0.0,0.1740196078431371,0.0,0.0,0.0,0.0,0.0,0.0,0.0,0.0,0.0,0.37861592204651884,0.0,0.0,0.0,0.1153846153846153,0.0,0.0,0.003076923076923,0.0,0.0,0.0016806722689075,0.0666666666666666,0.0,0.0,0.0,0.0,0.0,0.0,0.0,0.0,0.0,0.0,0.1216774098249877,0.0,0.07840456558684179,2.016170343302803,0.0,0.0555555555555555,0.0,0.0,0.0,0.0,0.0,0.0,0.0,0.003076923076923,0.0,0.777105188578999,0.008118045476536,0.2247503758280314
CH,0.4464944573879702,4.558167075850825,0.1258709716568623,0.0,0.0,0.2679752222840462,1.0018264372247208,0.0549314332333171,7.9588599375655225,151.50943140454837,104.33728549723932,0.0666666666666666,0.0,0.0459538651260232,1.5149710970495203,0.0025506887782375,0.5475652857849119,118.8482963079966,0.760197225203689,3.077128524281492,0.2667275278661931,0.035887594861415,0.21703048737365999,0.0,0.0066014603812209,0.2510617901518946,0.0,38.45670927048772,0.007726212081928901,0.004192789968652,0.0,0.1595496055322902,2.0533470874502924,1.968019680196802e-05,160.6455053205032,0.0,1.0702745980816677,0.0030223119961321,1.9003474500588817,14872.29411874322,1.6034808933318168,0.0,4.213769125863043,16.57270468656982,139.2770446566737,6.663094269610052,0.2668174133031345,0.9587196248589864,4.3817295522701787e-05,0.0476190476190476,0.0,3.566044996622436,35.27799166223578,945.575341226443,0.0,47.70990534083993,0.0,0.06203163930385675,0.8396636937109426,0.116540038301191,5.035888758579918,13.003053417310912,0.0,0.0,153.30216683858106,1.1583207438116827,25.07559389804502,4.3817295522701787e-05,0.0,1.1092623405435386e-05,454.5189540557177,0.1019276951120415,424.14106370540594,0.0,0.7907720270272096,0.0,0.0,1.826439444391498,0.0303030303030303,0.0002275571737399,0.2197635757152066,0.0116279069767441,0.0,0.0,64.0813649943185,0.4694525520680307,0.0,0.0072771496318016,0.0859707542102207,9.193356121047504,0.0001174756851347,11.354761134562949,3.873409208980817,22.349483793410954,31.08355746414231,0.0,37.171967576141014,0.0,0.0653741525908381,66.84131546722374,0.8150768753635906,580.5371477841402,0.6666666666666666,0.8063551916888647,2.2018011136786413,56.00617241599976,3.112737926987708,0.215843230919817,0.4595629573921063,0.0,0.0,0.109581881533101,0.0,23.168219962136746,0.15677354044550829,0.0,1.5819093231352812,0.9909622033074812,4.389687946509293,0.0036231884057971,0.0261904761904761,3.528188622813092,0.0,0.5963644978570352,5.508176879562205,4.827255100254945,1.6392389911043759,0.0117207576131499,2.2551394693014832,0.0254678959484451,0.4806222939672057,0.040807515983266804,0.0106910562555723,2.0383295973034175,0.0,1.0434555232042437,0.0456286312233304,0.2904941777381508,0.2291667981169262,0.7736859975250068,0.0098704278180681,0.0,0.10626231215422291,2.460361277612983,0.0,1.3532364210299905,10.855746579828494,4.906108746858307,0.4958490216918467,1.049142275634813,0.0888888888888888,0.8224393486648742,0.0396751770451104,2.106572539709634,0.1201805183193502,218.96095245475448,43.27654683549544,0.0572902861626361,0.0,0.0,7.6535146557632565,0.910364583202645,0.5365799686025198,2.5223664851818155,0.0101769575453785,2.698909640505236e-05,1.9392350587920868,1.6207924231122073,40.861236372335185,0.0,0.0,0.692730087326727,30.067940110279274,0.0,1.0007032413320167,3.638689989590704,0.2960784313725489,12.512460859841934,12.104764493222019,23.121093037567682,0.6831459680552222,3.9044265719414786,8.763459104540357e-05,1.6741136086170194,0.2509663295170551,74.47317095053653,23.117544818578594,0.0,8.163479491501834,0.0,6.614495391554338,0.0,0.0590475343404188,2.4350245468088536,0.0,0.0,1.968019680196802e-05,0.1153846153846153,0.0315828679679515,0.0,0.0310236207342932,0.39538340584976317,0.0,0.0001733091471293,0.0814539786630929,5.051729925249026,0.0013604476199275,2.698909640505236e-05,0.0006703837115628,2.465379261954864,4.3817295522701787e-05,22.964323330480195,0.0363636363636363,0.0,12.578593127518669,1.2345636679689602,1.8026808362781135,1.2566643896785417,1044.8503311918646,0.2304736157408869,0.0767693242405266,0.0,0.0,0.04625607718687,0.0,1.5760811409198685,0.0,1.968019680196802e-05,0.0023807495900458,0.0,27.78096275868395,2.6908647105222867,1.2834458199224148
CI,0.0,2.56330036727359e-06,1.7992730936701573e-05,0.0,0.0,0.0001247431938138,0.0001185671540044,0.0001185671540044,3.5093791358731255e-05,0.0001687837222751,0.1415517087083625,0.0,0.0,1.9506592229160653e-05,2.56330036727359e-06,5.12660073454718e-06,0.0128873075151592,0.7501743747452273,1.5196365756707224,0.0561719368613048,0.0,5.776971570977887e-05,1.5752153027079965,0.0,5.12660073454718e-06,1.7992730936701573e-05,0.0,0.0027049277642558,0.0,0.0,0.0,0.003622832104301579,0.0001155394314195,1.5138612924590783e-06,0.4587495726328532,0.0,0.0517833500560631,0.002906772564712579,0.0714082407156411,1.6034808933318168,165.61637267611977,0.0,4.586104341125663e-05,1.2117026826207067,0.2909510868906885,3.905035837893855e-05,2.2277289522363305e-05,2.824593240579593e-05,2.56330036727359e-06,0.0,0.0,1.281650183636795e-05,0.0161483096957774,3.4947964914702285,0.0,0.0023868960106681,0.0,2.5682632038522345e-05,6.545961681159965e-05,3.5143419724517693e-05,8.852932011706196e-05,0.140807349454536,0.0,0.0,0.0007802843653882,0.0751650043049615,0.000144921928197,2.56330036727359e-06,0.0,0.0,17.50125297512817,5.776971570977887e-05,0.5514377302904796,0.0,0.0001221798934465,0.0,0.0,0.1458511445175434,0.0,0.0,0.0104328919759785,0.5222222222222221,0.0,0.0,7.060237656932063e-05,0.0454811569310192,0.0,1.5138612924590783e-06,1.7992730936701573e-05,0.0910113655754796,2.206989259643424e-05,0.0752428100989249,0.0001582722106224,8.188885809005569e-05,0.0003509314663126,0.0,0.7162418898104219,0.0,0.0001004738814443,0.0669480729806673,1.281650183636795e-05,0.9028107110121799,0.0,4.0012995167349374e-05,4.0477417384993937e-05,0.30482111769564374,0.6818285693793652,1.4122966202897966e-05,8.996365468350786e-06,0.0,0.0,0.0,0.0,4.7238474051525584e-05,1.3280924054012515e-05,0.0,4.0684814310923e-05,8.996365468350786e-06,2.3119331671248758e-05,0.0,0.0,8.996365468350786e-06,0.0,0.0,0.0025505340682343476,8.739340176635283e-06,0.0025888468200807,0.0001155394314195,0.8109167099921636,0.0,4.077161659732669e-06,1.025320146909436e-05,0.0,0.0761982958562359,0.0,6.033301607705246e-05,0.1823017429878417,2.6475045821621352e-05,8.996365468350786e-06,0.5,0.0001155394314195,0.0,1.0717623686738928e-05,0.2535775875921337,0.0,0.0128128443500144,6.543860191415622e-05,8.548058263470036e-05,0.044579448777212996,0.0536061593074215,0.0,6.033301607705246e-05,0.0,0.5194031441517473,1.7992730936701573e-05,0.1575029913425769,0.0001284926869186,4.85449384180556e-05,0.0,0.0,4.618903497671107e-05,0.0,2.766091554862599e-05,0.0182914461972909,0.0,8.996365468350786e-06,0.0454930445884203,0.0001186740093069,0.34126098871677,0.0,0.0,1.025320146909436e-05,0.0118944003203561,0.0,2.6147054256166907e-05,0.003570188989326347,0.0,0.0002132725139308,0.0001820484873059,0.0053167671971041,0.0050573101991211004,0.0128528359145783,5.12660073454718e-06,0.0365737948419024,0.0097244050053268,0.0001898751420704,6.354712069045625e-05,0.0,0.0001262570551062,0.0,0.0001298697945483,0.0024630541871921,5.12660073454718e-06,1.4460833708831222,0.0,0.0,1.5138612924590783e-06,0.0,1.7992730936701573e-05,0.0,0.0,5.776971570977887e-05,0.0,5.776971570977887e-05,1.438406847538472,0.0001272059525576,6.6404620270062585e-06,8.996365468350786e-06,2.56330036727359e-06,0.0146236101560741,2.56330036727359e-06,0.4620952571842321,0.0,0.0,3.2530490991457664e-05,0.6826032429724223,0.0001793645922991,0.2130516264096912,1.7059843924870162,1.924956693744515e-05,8.996365468350786e-06,0.0,0.0,2.9174776841085067e-05,0.0,0.0386928727550737,0.0,1.5138612924590783e-06,1.1559665835624375e-05,0.0,0.8144463453757829,0.0182973576132377,0.26554328543943756
CK,0.0,0.0,0.0,0.0,0.0,0.0,0.0,0.0,0.0,0.0,0.0174289478637304,0.0,0.0,0.0,0.0,0.0,0.0,0.0,0.0,0.0,0.0,0.0,0.0,0.0,0.0,0.0,0.0,0.0,0.0,0.0,0.0,0.0,0.0,0.0,0.0,0.0,0.0,0.0,0.0,0.0,0.0,1.534575569358178,0.0,0.0,0.0,0.0,0.0,0.0,0.0,0.0,0.0,0.0,0.0,0.0,0.0,0.0,0.0,0.0,0.0,0.0,0.0,0.0,0.0,0.0,0.0,0.0,0.0,0.0079051383399209,0.0,0.0,0.0134763786937699,0.0,0.0285714285714285,0.0,0.0,0.0,0.0,0.0,0.0,0.0,0.0,0.0,0.0,0.0,0.0,0.0,0.0,0.0,0.0,0.0,0.0,0.0,0.0,0.0,0.0,0.0,0.0,0.0,0.0,0.0,0.0,0.0,0.0,0.019047619047619,0.0,0.0,0.0,0.0,0.0,0.0,0.0,0.0,0.0,0.0,0.0,0.0,0.0,0.0,0.0,0.0,0.0,0.0,0.0,0.0,0.0,0.0,0.0,0.0,0.0,0.0,0.0,0.0,0.0,0.0,0.0,0.0,0.0,0.0,0.0,0.0,0.0,0.0,0.0,0.0,0.0,0.0,0.0,0.0,0.0,0.0,0.0134763786937699,0.0,0.0,0.0,0.0,0.0,0.0,0.0,0.0,0.0,1.178430265386787,0.0,0.0,0.0,0.0,0.0039525691699604,0.0039525691699604,0.0,0.0,0.0,0.0,0.0,0.0,0.0,0.0,0.0,0.0,0.0,0.0,0.0,0.0,0.0,0.0,0.0,0.0,0.0,0.0,0.0,0.0,0.0,0.0,0.0,0.0,0.0,0.0,0.0,0.0,0.0,0.0,0.0,0.0,0.0,0.0,0.0,0.0,0.0,0.0,0.0,0.0,0.0,0.0039525691699604,0.0,0.0,0.0,0.0,0.0,0.0,0.0,0.0230001882175795,0.0,0.0,0.0,0.0,0.0,0.0,0.0,0.0,0.0118577075098814,0.0,0.0,0.0,0.0,0.0
CL,0.0014224751066856,0.0810479585830471,5.397819281010472e-05,0.0,0.0,0.0015518971700854858,0.002354876188905,6.760294444223642e-05,32.37940489122238,3.686534536368985,15.216242706311437,0.0045977011494252,0.0,6.633688032888826e-05,0.1004005391413813,0.0249453966952367,0.36687532238756393,8.680330174292372,5.397819281010472e-05,0.0514363794384225,5.546311702717693e-06,2.698909640505236e-05,3.904866759519077e-05,0.0,0.0073881529422563,2.074137164193594,0.0,77.09756467102258,0.007962213225371,0.0,0.0,0.0077865948863051,0.0207201576238451,0.008739542703137398,24.77255102766855,0.0,0.0914429424474281,2.698909640505236e-05,0.0,4.213769125863043,4.586104341125663e-05,0.0,2810.8361718322367,0.7302314143323798,10.72868931694953,36.360216640437535,2.3957224576150438,3.549535867739945,0.14286920242833293,0.0,0.0,0.2876397767156006,2.304984509393866,20.703038705381402,0.0,3.949399954942424,0.0,0.6097654152579628,9.562059117881672e-05,10.3224558661023,0.047648571419486196,0.2801939222766424,0.0,0.0,123.01414653343727,0.001458532825916,1.8980317917765686,0.0036705961565559387,0.0,5.546311702717693e-06,20.193941813393447,2.698909640505236e-05,47.69057884291624,0.006689829408015999,0.0198514527173443,0.0,0.0,0.0001502796435506,0.0,0.0,0.0033640857673427997,0.0012195121951219,0.0,0.0,1.1978004513272649,0.8834254766522792,0.0,1.2358687518783543e-05,0.1071041578468421,1.2754728650604656,0.018424078575837,0.3913631673741783,0.0231767486316554,2.4299694870510575,2.2610787909325407,0.0,21.67389294257061,0.0,0.5034919876334993,6.514509713197711,0.6000602978559507,22.016623407778976,0.0,0.1096207283257464,0.3432501467222131,7.080569613411875,0.0373652665846816,5.110823878532918e-05,2.698909640505236e-05,0.0,0.0,0.6753246753246752,0.0,6.226587598570536,0.0258727326294437,0.0,0.2414463622889448,0.016693655763071653,0.1129752890163287,0.0072463768115942,0.0,0.2407345197846695,0.0,0.0,0.288038104079275,0.0090713485302145,0.4794442853147043,5.952450451282241e-05,0.1215106312461976,0.0,1.8871947006204266e-05,0.0014707133914461535,0.0,2.698909640505236e-05,0.0,0.0821177096936246,0.0023528287675227,0.000109840914294,0.0086905440661164,0.0,5.397819281010472e-05,0.0,0.012244925416421899,0.0057100652691958,0.0,0.0057271547902705,26.94206161900547,2.750882147319668,0.0012072589482921613,0.0,0.0,3.904866759519077e-05,5.546311702717693e-06,0.6100395191753288,0.2905855175559976,9.023803975847539,1.9164617692238972,0.0631658881996684,0.0,0.0,1.5529741606460075,0.0853757616143602,0.9081185988947,13.074043945452813,0.0,2.698909640505236e-05,0.2669385097771135,2.57860073725836,1.6031495780046603,0.0,0.0,0.0064071207523308995,8.124826424768685,0.0,1.4676864936599694,0.054470184602545,0.0,1.5660576635345413,1.2349429192157038,0.6822199165219311,2.698909640505236e-05,1.5768230896026618,2.4119142380276823e-05,2.4119142380276823e-05,0.0084414164628636,6.070678174936195,0.1367482273661902,0.0,0.0406824561882832,0.0,0.33919737874974987,0.0,2.4119142380276823e-05,0.0100953109154703,0.0,0.0323308550490416,6.812375816065853e-06,0.0,1.826549600273131,0.0,0.0794871794871794,2.698909640505236e-05,0.0,2.698909640505236e-05,2.698909640505236e-05,1.4594798964582505,0.09681087156439021,2.698909640505236e-05,1.2059571190138412e-05,0.1590369715122068,1.2059571190138412e-05,5.941835315894955,0.0,0.0,1.5872751035691253,0.0031966441163162,0.5736480692808074,0.0065617521016273,204.10263230426864,7.597563313013135,3.253540810777005e-05,0.0,0.0,1.9997815470461184,0.0,0.19455060599269242,0.0,0.0033517270798239995,0.000671161395338,0.0,3.1707514482863006,5.397819281010472e-05,0.0106553817969831
CM,0.0,0.2674953220591521,5.397819281010472e-05,0.0,0.0,0.0003957854234545,0.0003617569071832,0.0074978234550145,0.0042483029465388,0.670499097510639,1.4594240612109626,0.0,0.0,6.154749927240011e-05,1.3865940911182462e-05,2.7731881822364925e-05,0.11998455021274271,4.282561841019403,1.4982976868335622,0.034835077137562204,5.079287680695659e-06,0.0835066424804626,0.1721696778237328,0.0,2.7731881822364925e-05,0.0059019314091843,0.0,4.326658371639204,0.0,0.0,0.0,1.7686997363679229,0.0003466182942586,7.569306462295392e-06,2.469625481897041,0.0,0.4452281036440291,0.7936034084595815,2.0796323481673094,16.57270468656982,1.2117026826207067,0.0,0.7302314143323798,522.1091224920366,2.37302407803885,0.0130101972426751,9.7591472974373e-05,0.00011452124413549566,1.3865940911182462e-05,0.0,0.0,0.0476883773236035,0.265643583689587,26.834816111561594,0.0,0.028906434355907697,0.0,0.0001594452114304,0.09173876722865719,0.043123493786714,0.0003498590134248913,0.4689091863938004,0.0,0.0,1.3704778599501513,0.4174908932286234,1.1373028885852274,1.3865940911182462e-05,0.0,0.0,18.631356480555425,2.8025542615280816,6.111226634812315,0.1944444444444444,0.0003819194825433,0.0,0.0,2.1338273444782656,0.0,0.0,0.0092459078436938,1.163003663003663,0.0,0.0,0.1223453272288357,0.0002045700193818,0.0,7.569306462295392e-06,5.397819281010472e-05,0.0027205846367201916,0.5000754134401835,0.032204905564838494,0.08216677898084898,0.0010887129752688999,0.0183731997775876,0.0,8.889315786556157,0.0,0.04794381413668818,0.7484960862762495,6.932970455591231e-05,5.962866462198448,0.0,0.1840108588649456,0.0004180933255215913,4.154233233816029,2.1901638427026353,5.472097822741729e-05,2.698909640505236e-05,0.0,0.0,0.0,0.0,0.47538715163547707,7.568166425001629e-05,0.0,0.0782833010323636,2.698909640505236e-05,0.026544645231933697,0.0,0.0,2.698909640505236e-05,0.0,0.0,0.0026322543783272,4.789445718243446e-05,0.0004020820579034,0.031077570993193096,0.7904796191044626,0.0,2.1435247373477856e-05,5.546376364472985e-05,0.0,0.2061118150856353,0.0,0.0001871750880405,0.511240517423452,0.035165513053504904,2.698909640505236e-05,0.0,0.0023668203144606,0.0,6.181572333883382e-05,0.0090186009047254,0.0,0.964548364500386,0.09828228093837768,0.4926122869030427,0.0095460976525757,0.0377143324511744,0.0,0.026702326603192,0.0,2.017861395824199,5.397819281010472e-05,0.5554120797004589,0.000570496721235587,0.0025021213133467955,0.0,0.0,0.0021439499802721955,0.0,0.00010949728169999566,0.046997144596257395,0.0,2.698909640505236e-05,0.0989306536082846,4.155936269077149,0.03662865788540258,0.0,0.0,0.0001193329595315,0.1933612939244862,0.0,9.684868755706044e-05,0.0069413654667894,0.0,0.7127971049044283,0.00840316296431648,0.522951064005923,0.3468826566768214,0.11614160941224046,2.7731881822364925e-05,2.7731881822364925e-05,0.0949016564044826,1.1642501368443576,0.0002985411667759,0.0,0.09564652925569268,0.0,0.0062714705216511,0.0,2.7731881822364925e-05,0.47473949581871416,0.0,0.0,7.569306462295392e-06,0.0,0.0124378791216026,0.0,0.0666879563986289,0.0001733091471293,0.0,1.2702013203516112,0.7540805130543332,0.0961235562790363,0.0906540048100842,2.698909640505236e-05,1.3865940911182462e-05,0.076709607514031,1.3865940911182462e-05,4.960094763863376,0.0,0.0,0.0011192388114983,1.0971632158832223,0.0005502046672371,1.1503336488320606,26.79026437036955,8.245286004978221e-05,2.698909640505236e-05,0.0,0.0,0.0052278518281108,0.0,0.0003004869003751783,0.0,7.569306462295392e-06,4.085503731623482e-05,0.0,19.879987714774156,0.1454945521214377,1.3829059806667319
CN,0.0,21.80364311061043,1.6836392097592574,0.0,0.0,0.19801677782197752,0.2454512789919024,0.29737246051833827,7.10553522031053,48.544654016360795,966.9880788248074,0.0,0.0,0.5381979476518893,0.8350095517726643,0.1946630664998403,42.499419897872414,81.13133978747243,1.1360201621402095,3.8018804153626116,1.985526456398679,2.9762712643312885,0.0154239229675363,0.0,2.0987513890148377,0.0184876946077421,0.0,50.59078866630609,0.0,0.0088260309591504,0.0,0.0238635213727817,5.96330464376514,0.0577192820360046,700.352527855765,0.0,1.6346931273073395,1.3051885888368477,0.0666666666666666,139.2770446566737,0.2909510868906885,0.0,10.72868931694953,2.37302407803885,404836.1629222965,4.102120380993677,0.4388974433197703,4.479735065480312,0.0304123413307282,0.5858585858585859,0.4,4.166639462828544,24.79087972688215,696.1676701395774,0.0,79.79639263344424,0.0303030303030303,0.22781870056828407,6.061956163026302,2.3627170665657182,0.717328256390819,63.91254355493048,0.0,0.2,117.8768449030541,9.210256504896199,68.91134218305578,0.7380130229504978,0.0002622625317469,4.437049362174154e-05,256.18593902111695,0.8388975269575507,1033.8557664774123,3.1974679694482475,1.300349977363204,0.0,0.0,26.535495401902928,0.0454545454545454,0.0,0.0011988990758843002,2.2220390720390713,0.0,0.0,28.448213583739257,1.2292979480918642,0.0303030303030303,0.9921563061184724,0.6907820669021145,7.531276724007672,0.006432329217199,16.3661973284868,12.515619394340648,39.762570793903855,52.62983661752261,0.0,288.8773233224796,0.0,15.358383407005407,194.25396778727298,1.744670920440042,226.99634832614544,0.0,0.5345621415421994,5.83089621348643,687.4958552614594,5.427904002232546,0.15991452772313774,0.1504748174424803,0.0,0.0,0.5017615176151761,0.9833333333333334,489.80909289192925,2.190946079565847,0.25,23.039981930651848,0.7662462023921035,4.527294019999725,0.0,0.6555555555555556,5.485607626838475,8.599931200550395e-05,0.0,3.3858782168618036,2.0644290461152153,1.522618577746426,0.07178897692347841,3.59760294251731,0.0,0.0263325459812392,0.2148678492987781,0.0042154082476663,0.0001529382129619,0.0,1.02713082825518,0.2306674067874543,2.3421964628756955,4.741208603460179,0.1316048620405099,0.0003058764259239,0.0,0.9799232411962643,0.4741907851091719,0.3046620046620046,4.416134856226032,15.034625745265899,131.19141205128727,0.0309195995309728,2.9190476190476184,0.0246235246235245,0.8780400270184375,0.0667395226440858,22.423128211563252,0.0360201621402096,214.7706230549702,58.61035986224006,35.29245511492787,0.0,0.0,106.8388015249032,1.9779303438288465,0.6917429644043954,1.63982886203788,0.0250462385911302,0.1698499079099316,17.846218108186402,351.82382387093696,47.958760235675925,0.0,0.0,1.9790574546961335,36.24995498428835,0.0,0.060730425400694905,11.04680167711467,0.0,16.86383344094032,11.741263054484932,116.08578329293425,1.646244367256596,175.8457778746184,0.0002186220553958,0.0002186220553958,5.034413529651481,264.1113439006708,618.480768067978,0.0,3.2225333416847164,0.0,4.676988003477034,1.1,0.0002186220553958,0.0355009412311836,0.0,0.1839334647372722,4.844356135869051e-05,0.0303030303030303,0.7622268647212874,0.0571428571428571,0.6898942560707265,0.5334862715462954,0.0,0.0001529382129619,1.1206657587257824,76.28813007686591,1.7762615389796488,0.0012000586318101,0.4001093110276979,2.515749775771594,0.0001093110276979,35.90284199007915,0.5118548118548119,0.0,350.1792746783017,7.889274508300623,15.944186390452444,2.070990892899439,9343.58168983295,0.6146818650154795,6.6242614715142025,0.0,0.0303030303030303,0.5197899003912855,0.0,27.54600213411301,0.0329670329670329,0.0011060850209038905,6.718532221325764,0.0,18.24230543950711,3.201319384890344,0.28288331943616474
CO,0.0014224751066856,0.0918283413629187,1.7992730936701573e-05,0.0,0.0,0.00019787327708327456,0.383220822752823,4.070065032358775e-05,23.770254972460684,1.5056270554808449,12.309902719125443,0.0045977011494252,0.0,0.0053146898321778,5.11528144204938e-05,3.740006643428934e-05,1.1496996085555038,2.8830498813751304,0.3205308132437572,0.1622017483194983,0.00024903173462360797,8.996365468350786e-06,3.2775686366191114e-05,0.0,8.177056005603087e-05,0.8230730754261957,0.0,53.23638077134723,0.0,0.0,0.0,0.0019302002938992957,0.00018135184870106294,0.0026871662714038,11.14776312679685,0.0,0.0025227832851161,8.996365468350786e-06,0.0,6.663094269610052,3.905035837893855e-05,0.0,36.360216640437535,0.0130101972426751,4.102120380993677,2712.653139045607,2.765008633753733,1.7920725384294416,1.870003321714467e-05,0.0,0.0,0.09059764730517339,1.5245493119395173,20.026067298462312,0.0,0.6645735027480785,0.0,0.5486947634612163,0.0120138709671395,6.414119215018459,0.0033286011123979,1.1436308720380328,0.0,0.0,97.26403813480769,0.1076090840642869,6.661196089157864,0.002516478830041445,0.0002307530305915,2.218524681087077e-05,27.682617199373095,8.996365468350786e-06,23.292854634045717,0.0016543618520577,8.893200387530476e-05,0.0,0.0,0.11969964428199019,0.0,0.0,0.0008720740922266001,0.0012195121951219,0.0,0.0,0.7794022905052402,0.5991090168425965,0.0,3.353920650431386e-05,3.369050677138699,0.026244592846333202,0.0188083018846841,0.0803701333349314,0.0309883279973309,1.68016860649083,0.7887322624332089,0.0,9.02218169918438,0.0,0.9822612264395232,5.135306298493351,0.4370396864891849,17.753043217843764,0.0,0.0001789469563673,0.1684062619045855,1.8988470040289276,0.3939916264447473,4.639643190264013e-05,8.996365468350786e-06,0.0,0.0,0.0,0.0,0.5640912396047708,0.1532316661133796,0.0,0.0106450621969468,8.996365468350786e-06,0.0732081305728898,0.0072463768115942,0.0,0.0887825582916552,0.000171998624011,0.0,0.1892650351701778,0.022698013156779,0.3116012805016407,0.0006224578426287956,0.7355021355562265,1.0,3.005399291058776e-05,0.0047205608761902,0.0,8.996365468350786e-06,0.0,0.0013877897628279002,0.0038183448071507997,0.0978803011621133,3.118161227922156e-05,0.003003003003003,1.7992730936701573e-05,0.0,0.10862047267257259,1.870003321714467e-05,0.0,0.0175770977500056,65.49860212907731,0.5441201190735787,0.0022718825134573403,0.0,0.0,2.7696398685495456e-05,0.0021727228812194,0.1119188239430739,0.3930711197070118,13.532294235885896,5.206220638654656,0.0012661245322800956,0.0,0.0,0.4329733374080289,0.10718722763647884,1.143529098123914,10.357614820719956,0.0,8.996365468350786e-06,0.708732602670449,0.29850063992205966,2.75190016701813,0.0,0.0,0.0046127377588991,3.5050812067491544,0.0,0.8041238403990523,0.2427801343450039,0.0,0.1012178276356278,0.0317665504081339,1.4430113470182908,0.0022638425882689,1.8599269344053944,3.740006643428934e-05,3.740006643428934e-05,0.0352004054736117,1.7150483277918833,0.9750435474829593,0.0,0.13718548092804872,0.0,0.0414710255466247,0.0,3.740006643428934e-05,0.005525444515193901,0.0,0.0016543618520577,1.1353959693443088e-05,0.0,0.9361745884025022,0.0,0.0,8.996365468350786e-06,0.0,8.996365468350786e-06,0.006015002371474351,0.2922243864994672,4.875402612773243e-05,8.996365468350786e-06,1.870003321714467e-05,0.0239481812668883,1.870003321714467e-05,1.3974515483319374,0.0,0.0,0.17768178900367482,0.025299030022124802,0.1047895225987428,0.1490877091811171,167.1739352637145,4.357466550347469,0.0015326831137807216,0.0,0.0,21.678586825957925,0.0,0.0167372858621999,0.0,0.0008385348857222,0.00028063467608786623,0.0,0.7626223117794043,0.1620763733954553,0.0165634738128859
CR,0.0,8.739340176635283e-06,1.7992730936701573e-05,0.0246753246753246,0.0,4.875233534398466e-05,2.7075898691456045e-05,2.7075898691456045e-05,2.618319492340629,0.22369655168010572,0.1625031529920829,0.0,0.0,2.253431481407881e-05,0.058832268751941336,1.7478680353270565e-05,0.0364613112573296,0.2925438301994005,0.0030949158078597016,6.65748432753744e-05,0.2,8.996365468350786e-06,0.006171581859491086,0.0,1.7478680353270565e-05,0.07817891990864019,0.0,5.067164168094475,0.0,0.003076923076923,0.0,8.996365468350786e-06,1.7992730936701573e-05,4.541583877377235e-06,2.079349889343417,0.0,4.969701579193854e-05,8.996365468350786e-06,0.0,0.2668174133031345,2.2277289522363305e-05,0.0,2.3957224576150438,9.7591472974373e-05,0.4388974433197703,2.765008633753733,245.64424588630857,0.1007393743459206,8.739340176635283e-06,0.0,0.0,4.369670088317641e-05,0.0047776219218463,3.064262446231355,0.0,0.3118914786357147,0.0,0.16405958386723102,0.0003363285082505566,0.9714568334389425,0.0001138684475879,0.0529691328033279,0.0,0.0,5.430263873948752,0.002462720947823393,0.0598389048942651,0.0012282515352985354,0.0,0.0,6.592514777539476,8.996365468350786e-06,0.7658511206318669,0.0,4.0012995167349374e-05,0.0,0.0,0.009878731615866594,0.0,0.0,9.08316775475447e-06,0.0,0.0,0.0,0.2086446704687883,0.485976988348369,0.0,4.541583877377235e-06,0.1729230776658489,0.0001582528036273,0.0388006529847567,8.439735120676416e-05,0.5001921801322542,9.184818335732636e-05,0.4001687045185597,0.0,0.2899565988406712,0.0,0.0004046157262815,0.037479585020665306,4.369670088317641e-05,2.29315017698616,0.0,0.0129129618567399,0.0003939069860575802,0.035140471619156,0.0033775440847999,2.6475045821621352e-05,8.996365468350786e-06,0.0,0.0,0.0,0.0,0.2058098764817078,4.40405284612956e-05,0.0,0.0062684022565903,8.996365468350786e-06,0.0031123944882129723,0.0036231884057971,0.0,0.0033423296988016,0.0,0.0,0.0001096706912887,3.041577682916389e-05,0.0065888978040615,1.7992730936701573e-05,7.154367544977896e-05,0.0,1.3280924054012515e-05,3.495736070654113e-05,0.0,8.996365468350786e-06,0.0,0.029429500411527285,0.0023168433056493,6.982791912667857e-05,0.003085919442391351,0.0,1.7992730936701573e-05,0.0,0.0036938377736504603,8.739340176635283e-06,0.0,4.4467776758322925e-05,5.891233712865914,0.0145133643786037,4.027002045906488e-05,0.0,0.0,1.773570564498607e-05,0.0,0.0040852958075992,0.5748642998366852,0.6017888168162722,0.0041217034435586,0.0062549477279634,0.0,0.0,0.21761693665104828,0.0,1.4600954909418415,0.8084259576225954,0.0,8.996365468350786e-06,0.009611716976159285,0.0601591667050697,0.0308453404483012,0.0,0.0,0.0151864725122216,1.132483089487405,0.0,0.3464371530316669,1.7478680353270565e-05,0.0,0.0096864303067414,0.2056495242864918,1.0174574579766575,8.996365468350786e-06,0.005515198561665,1.7478680353270565e-05,1.7478680353270565e-05,2.253431481407881e-05,1.4275685311621862,0.0072802618559088,0.0,0.0743155930739164,0.0,6.623101569725522e-05,0.0,1.7478680353270565e-05,1.7992730936701573e-05,0.0,0.0,4.541583877377235e-06,0.0,1.4274617887147372,0.0,0.0,8.996365468350786e-06,0.0,8.996365468350786e-06,8.996365468350786e-06,0.0155056443944795,2.20202642306478e-05,0.003085919442391351,8.739340176635283e-06,0.00957230483386177,8.739340176635283e-06,0.4517865061690065,0.0212587412587412,0.0,0.046373892264672104,0.0179122130942896,4.5155431914561297e-05,0.014768429662922529,27.875772211112245,0.331334361337007,8.996365468350786e-06,0.0,0.0,0.605678880992293,0.0,0.0010526822256349,0.0,4.541583877377235e-06,1.773570564498607e-05,0.0,0.6150155831667656,1.7992730936701573e-05,0.0056652100704624
CU,0.0,0.23813293930020638,3.5985461873403146e-05,0.0,0.0,6.068962111084992e-05,4.204090704323946e-05,4.204090704323946e-05,5.66447553556211,0.8947613632303588,0.2013592046606063,0.0,0.0,3.9013184458321305e-05,0.012073590486425577,1.4450957768352408e-05,0.0953821790181363,6.685467889639564,3.5985461873403146e-05,0.0029229733941677,5.079287680695659e-06,1.7992730936701573e-05,3.0297497501573434e-05,0.0,1.4450957768352408e-05,0.0106960984301064,0.0,10.022638610841115,0.0,0.0,0.0,2.307201861739723e-05,3.5985461873403146e-05,3.027722584918157e-06,7.573415284876603,0.0,6.91168057346955e-05,1.7992730936701573e-05,0.0,0.9587196248589864,2.824593240579593e-05,0.0,3.549535867739945,0.00011452124413549566,4.479735065480312,1.7920725384294416,0.1007393743459206,347.705221431155,7.225478884176204e-06,0.0,0.0,3.612739442088102e-05,0.2934004798339929,3.806618012293815,0.0,0.0235613601967695,0.0,1.5528776452736581,4.474845526992585e-05,3.7762654617012688,0.00011485705290819133,0.1295735532017211,0.0,0.0,11.188563874436483,0.33392651394920364,0.000278896876040687,7.225478884176204e-06,0.0,0.0,4.462358689754915,1.7992730936701573e-05,4.176126962477666,0.0,5.346414222667371e-05,0.0,0.0,0.00011064828620429711,0.0,0.0,6.055445169836314e-06,0.0,0.0894105894105894,0.0,0.0108241696613012,0.0300113270790935,0.0,3.027722584918157e-06,0.0279758616776116,0.012282955555132292,4.623866334249751e-05,0.017557399267562,0.024361884518172287,0.0304247527695032,0.5694100840988578,0.0,0.8188324772913399,0.0,0.00022126491361138263,0.2587556130165071,3.612739442088102e-05,5.986845909405698,0.0,0.4129173298360445,0.00010580555717878237,0.657488315073074,0.00911759422954343,3.244368870505398e-05,1.7992730936701573e-05,0.0,0.0,0.0,0.0,0.48455201184914953,0.006073219152157941,0.0,0.0001023584101181,1.7992730936701573e-05,5.551570732245121e-05,0.0,0.0,1.7992730936701573e-05,0.0,0.0,0.0001005007212475,0.0190734932405708,6.488737741010796e-05,4.106474955409881e-05,0.00011554934530229566,0.0,1.025320146909436e-05,2.8901915536704812e-05,0.0,1.7992730936701573e-05,0.0,2.5218209820877776e-05,0.002334836036586,6.974111684027489e-05,0.00835132606427,0.504029304029304,3.5985461873403146e-05,0.0,3.281116950306058e-05,7.225478884176204e-06,0.0,6.842915057845712e-05,16.32125463049953,0.0033033366054641953,6.423139427919908e-05,0.0,0.0,2.5218209820877776e-05,0.0,0.0003145764520098609,0.0323048660066159,1.5791842879491007,0.5057285022044562,0.035835344782149094,0.0,0.0,0.00012054501727999565,0.0,0.0622894846678161,1.100574821758778,0.0185348506401138,1.7992730936701573e-05,0.0031707123698698,0.0033561227437506696,0.2378688694343762,0.0,0.0,2.8901915536704812e-05,1.1757109684107014,0.0,0.0854932482457329,2.9688820810439383e-05,0.0,0.0014987888036736,0.004886618822926578,0.8745911207557634,1.7992730936701573e-05,0.3388350404406552,1.4450957768352408e-05,1.4450957768352408e-05,3.9013184458321305e-05,0.4002556829248759,0.009210450047431,0.0,0.0029177994803792954,0.0,0.0090427484181679,0.0,1.4450957768352408e-05,3.5985461873403146e-05,0.0,0.0,3.027722584918157e-06,0.0,0.053616887318637195,0.0,0.0,1.7992730936701573e-05,0.0,1.7992730936701573e-05,1.7992730936701573e-05,0.1645485217034281,0.0190650977279723,1.7992730936701573e-05,7.225478884176204e-06,4.9922369058324544e-05,7.225478884176204e-06,0.38173993777093074,0.0,0.0,0.0045882617231445,0.0001044146124518,0.0191137081307688,0.4000975566143657,8.413934519968414,2.4777695165655453,1.7992730936701573e-05,0.0,0.0,0.7861176799168381,0.0,0.0001805313355919783,0.0,3.027722584918157e-06,2.5218209820877776e-05,0.0,0.9584743184240423,3.5985461873403146e-05,1.7992730936701573e-05
CV,0.0,1.806369721044051e-06,0.0,0.0,0.0,6.176039809361692e-06,1.5138612924590783e-06,0.32871724257702106,0.04763681880782946,3.659181663852559e-05,4.5916173672330815e-05,0.0,0.0,7.569306462295393e-07,1.806369721044051e-06,3.612739442088102e-06,9.031848605220255e-06,3.991204765202871e-05,0.0,9.49627082286482e-06,0.0,0.0,1.806369721044051e-06,0.0,3.612739442088102e-06,0.0,0.0,1.7243749768872167,0.0,0.0,0.0,0.0,0.0,7.569306462295393e-07,0.0725648212747572,0.0,3.784653231147696e-06,0.0,0.0,4.3817295522701787e-05,2.56330036727359e-06,0.0,0.14286920242833293,1.3865940911182462e-05,0.0304123413307282,1.870003321714467e-05,8.739340176635283e-06,7.225478884176204e-06,7.2970505325956605,0.0,0.0,9.031848605220255e-06,2.167643665252861e-05,7.638326965102893e-05,0.0,8.297241252850096e-05,0.0,5.419109163132152e-06,5.419109163132152e-06,5.12660073454718e-06,2.167643665252861e-05,9.031848605220255e-06,0.0,0.0,0.09533673996125593,3.3202310135031293e-06,6.141657051549773e-05,1.806369721044051e-06,0.0,0.0,0.0727933514763051,0.0,0.0728373406856168,0.0,4.369670088317641e-06,0.0,0.0,0.0190509392786325,0.0,0.0,1.5138612924590783e-06,0.0,0.0,0.0,4.789445718243446e-05,4.834092305962208e-06,0.0303030303030303,7.569306462295393e-07,0.0,3.012326840057892e-05,2.56330036727359e-06,1.281650183636795e-05,0.2222320110014736,1.730676656421097e-05,1.7771188781855535e-05,0.0,8.7170168827759e-05,0.0,7.569306462295393e-07,0.0001577905017375,9.031848605220255e-06,0.0001111173974189,0.0,1.5207888414581947e-05,1.4915379985996977e-05,3.507795534606651e-05,0.0424962616000056,3.612739442088102e-06,0.0,0.0,0.0,0.0,0.0,2.091950600629907e-05,8.739340176635283e-06,0.0,2.1091419795358664e-05,0.0,3.612739442088102e-06,0.0,0.0,0.0,0.0,0.0,2.0626997577714095e-05,6.468548237946665e-06,7.225478884176204e-06,0.0,5.12660073454718e-06,0.0,2.56330036727359e-06,7.225478884176204e-06,0.0,0.0,0.0,1.806369721044051e-06,0.0,1.293709647589333e-05,0.0,0.0,0.0,0.0,6.932970455591231e-06,1.806369721044051e-06,0.0,3.612739442088102e-06,2.709554581566077e-05,4.183901201259814e-05,0.2334801967780007,0.0,0.0,1.806369721044051e-06,0.0,0.0095325488639861,0.0,5.541244449519563e-05,4.9528913114418906e-05,1.550039684316692e-05,0.0,0.0,1.987006693148456e-05,0.0,5.88353138077672e-06,1.9577558502899587e-05,0.0,0.0,1.4450957768352408e-05,6.932970455591231e-06,8.297241252850096e-05,0.0,0.0,7.225478884176204e-06,1.8538090225660202,0.0,5.12660073454718e-06,3.612739442088102e-06,0.0,2.7852476461890304e-05,6.468548237946665e-06,3.041577682916389e-05,0.0395604395604395,9.788779251449794e-06,3.612739442088102e-06,3.612739442088102e-06,0.0095245664544557,5.238472191027748e-05,3.117270747539343e-05,0.0,6.932970455591231e-06,0.0,9.788779251449794e-06,0.0,3.612739442088102e-06,0.0095238095238095,0.0,0.0,7.569306462295393e-07,0.0303030303030303,0.0,0.0,0.0,0.0,0.0,0.0,0.0095238095238095,7.225478884176204e-06,4.369670088317641e-06,0.0,1.806369721044051e-06,7.982409530405743e-06,1.806369721044051e-06,1.882062785667005e-05,0.0,0.0,1.5964819060811486e-05,3.612739442088102e-06,3.027722584918157e-06,5.12660073454718e-06,1.0000599540283726,7.225478884176204e-06,0.0,0.0,0.0,6.6404620270062585e-06,0.0,2.5289176094616717e-05,0.0,7.569306462295393e-07,1.806369721044051e-06,0.0,0.18097271544153,0.0644688644688644,0.0
CW,0.0,0.0,0.0,0.0538961038961038,0.0,0.0,0.0,0.0,0.0,0.0,0.0,0.0,0.0,0.0,0.0,0.0181818181818181,0.0404040404040404,0.3333333333333333,0.0,0.0,0.0,0.0,0.0,0.0,0.0,0.0,0.0,0.0,0.0,0.0,0.0,0.0,0.0,0.1111111111111111,1.0658008658008655,0.0,0.0,0.0,0.0,0.0476190476190476,0.0,0.0,0.0,0.0,0.5858585858585859,0.0,0.0,0.0,0.0,23.577053381401207,0.0,0.0,0.0,0.0,0.0,0.0,0.0777777777777777,0.0,0.0,0.0,0.0,0.0222222222222222,0.0,0.0,0.0,0.0,0.0,0.0,0.0,0.0,0.0,0.0,0.0181818181818181,0.0,0.0,0.0,0.0,0.0363636363636363,0.0,0.0,0.0,0.0,0.0,0.0,0.0,0.2045454545454545,0.0,0.0,0.0,0.0,0.0,0.0,0.0,0.0,0.0128205128205128,0.0,1.8094794094794096,0.0,0.0,0.0,0.0,0.0,0.0,0.0,0.0,0.0,0.0,0.0,0.0,0.0,0.0,0.084992784992785,0.0,0.0,0.0,0.0,0.0,0.0,0.0,0.0357142857142857,0.0,0.0,0.0,0.0,0.0,0.0,0.0,0.0,0.0,0.0,0.0,0.0,0.0,0.0,0.0,0.0,0.0,0.0,0.0,0.0,0.0,0.0,0.0,0.0,0.0,0.0,0.0525252525252525,0.0,0.0,0.0,0.0,0.0,0.0,0.1239316239316239,0.0,6.996969696969696,0.0,0.0476190476190476,0.0,0.0,0.0,0.0,0.0,0.0,0.0,0.0,0.0627705627705627,0.490892440892441,0.0,0.0,0.0,0.0357142857142857,0.0,0.0,0.0,0.0,0.0,0.0,0.0222222222222222,0.0303030303030303,0.0,0.0,0.0,0.0,0.0151515151515151,0.0,0.0,0.0,0.0,0.0,0.0,0.0,0.0,0.0,0.0,0.0,0.0,0.0,0.0151515151515151,0.0,0.0,0.0,0.0,0.0,0.0,0.0,0.0,0.0,0.0,0.0,0.0,0.0128205128205128,0.0,0.0,0.0,0.0,0.0826617826617826,0.0,6.745601499949326,0.0,0.0,0.0,0.0508658008658008,0.0227272727272727,0.0,0.0,0.0,0.0,0.0,0.0,0.0,0.0,0.0
CX,0.0,0.0,0.0,0.0,0.0,0.0,0.0,0.0,0.0,0.0,0.0,0.0,0.0,0.0,0.0,0.0,0.0,0.0,0.0,0.0,0.0,0.0,0.0,0.0,0.0,0.0,0.0,0.0,0.0,0.0,0.0,0.0,0.0,0.0,0.0,0.0,0.0,0.0,0.0,0.0,0.0,0.0,0.0,0.0,0.4,0.0,0.0,0.0,0.0,0.0,2.2928571428571427,0.0,0.0,0.0,0.0,0.0,0.0,0.0,0.0,0.0,0.0,0.0,0.0,0.0,0.0,0.0,0.0,0.0,0.0,0.0,0.0,0.0,0.0,0.0,0.0,0.0,0.0,0.0,0.0,0.0,0.0,0.0,0.0,0.0,0.0,0.0,0.0,0.0,0.0,0.0,0.0,0.0,0.0,0.0,0.0,0.0,0.0,0.0,0.0,0.0,0.0,0.0,0.0,0.0,0.0,0.0,0.0,0.0,0.0,0.0,0.0,0.0,0.0,0.0,0.0,0.0,0.0,0.0,0.0,0.0,0.0,0.0,0.0,0.0,0.0,0.0,0.0,0.0,0.0,0.0,0.0,0.0,0.0,0.0,0.0,0.0,0.0,0.0,0.0,0.0,0.0,0.0,0.0,0.0,0.0,0.0,0.0,0.0,0.0,0.0,0.0,0.0,0.0,0.0,0.0,0.5357142857142857,0.0,0.0,0.0,0.0,0.0,0.0,0.0,0.0,0.0,0.0,0.0,0.0,0.0,0.0,0.0,0.0,0.0,0.0,0.0,0.0,0.0,0.0,0.0,0.0,0.0,0.0,0.0,0.0,0.0,0.0,0.0,0.0,0.0,0.0,0.0,0.0,0.0,0.0,0.0,0.0,0.0,0.0,0.0,0.0,0.0,0.0,0.0,0.0,0.0,0.0,0.0,0.0,0.0,0.0,0.0,0.0,0.0,0.0,0.0,0.0,0.0,0.0,0.0,0.0,0.0,0.0,0.0,0.0,0.0,0.0,0.0,0.0,0.0,0.0,0.0,0.0,0.0
CY,0.0,4.150751513197444,0.0,0.0,0.0,0.0086817047709448,0.001307536395903,7.569306462295392e-06,0.004709926998082,0.5922688339319303,1.8341928219810262,0.0,0.0,0.0067841972231174,0.4312219766838411,0.0012564361220235,0.0357594449573118,4.237180559837164,0.0,0.1415497312838315,0.0,0.0,9.031848605220255e-06,0.0,1.806369721044051e-05,0.0,0.0,0.3575750589326468,0.0,0.0,0.0,0.0007541478129713,0.8009623240675946,3.784653231147696e-06,4.9875831573915494,0.0,1.892326615573848e-05,0.0,0.0,3.566044996622436,1.281650183636795e-05,0.0,0.2876397767156006,0.0476883773236035,4.166639462828544,0.09059764730517339,4.369670088317641e-05,3.612739442088102e-05,9.031848605220255e-06,0.0,0.0,910.4210764527531,0.691389747838139,15.470755843862307,0.0,1.0655007191135608,0.0,2.709554581566077e-05,0.0171699526886728,0.0012787658357529,0.36908047141074574,3.6476044802605916,0.0,0.0,3.1387101812544316,1.6601155067515648e-05,1.864252728349533,9.031848605220255e-06,0.0,0.001850138760407,2.5301127271939503,0.0222222222222222,40.898551106272514,0.0,0.0021381419704946,0.0,0.0,0.0063291210269094,0.0,0.0,7.569306462295392e-06,0.0,0.0,0.0,92.01276199839718,2.417046152981104e-05,0.0,3.784653231147696e-06,0.0,1.1689653884166518,1.281650183636795e-05,0.709687627779114,0.0667156105629239,5.1928760832880245,2.6742646799767815,0.0357142857142857,1.4741972328244595,0.0,0.9453824079265912,14.319235850545574,0.038603629040825004,9.14935996543446,0.0,7.603944207290974e-05,0.9091867522707209,5.021063804103216,0.0020343761908671,0.0021343573172634,0.0,0.0,0.0,0.0,0.0,5.957996550425973,0.013710144590373001,0.0,0.0045033827833764,0.0,1.1835270662306032,0.0,0.0,0.0,0.0,0.0,0.0203454560901438,0.0266459590099783,0.028942636588482097,0.6666666666666666,0.2950683680464078,0.0,0.015561417103120001,0.022100623541073502,0.0,0.0,0.0,0.0063827990722310005,0.0,6.468548237946665e-05,0.0,0.0,0.0,0.0,0.08240757169600879,9.031848605220255e-06,0.0,1.806369721044051e-05,0.0160394229918067,0.058887224939731996,1.281650183636795e-05,0.0007541478129713,0.0,9.031848605220255e-06,0.6666666666666666,1.683986062447835,0.0,3.6274498208237826,1.8357000606375435,7.75019842158346e-05,0.0,0.0,1.068921206264445,0.0296169805507666,7.05529921568659e-05,9.788779251449794e-05,0.0,0.0,0.0025785204530021,0.8595794946553001,1.8575320170177552,0.0,0.0,0.0791528288950232,2.5560555539866856,0.0,2.56330036727359e-05,3.783172212536787,0.0,2.002807541833238,0.7207723670048184,1.2979324377067138,0.0,2.2587946009571045,1.806369721044051e-05,1.806369721044051e-05,0.0102659264943203,3.0260439869049924,0.058122455667588696,0.0,0.18516697561663942,0.0,0.2112315932180574,0.0,0.0019914314600518,0.0,0.0,0.0,3.784653231147696e-06,0.0,0.0,0.0,0.0,0.0007541478129713,0.0,0.0,0.0,0.0714646988229923,0.0026217825293231,0.0,0.0013089989380459,0.0061937582014981,9.031848605220255e-06,74.73535746128503,0.0,0.0,0.0246302820109469,0.3928752065543532,1.0617542985868424,0.0024402060215832997,38.33238347783999,0.001330395561754,0.0006265664160401,0.0,0.0,3.3202310135031295e-05,0.0,0.000126445880473,0.0,3.784653231147696e-06,0.0012621646806854,0.0,1.0489475222930222,0.0,0.0
CZ,0.0,1.5969564357191313,5.397819281010472e-05,0.0,0.0,0.2148585850667098,1.616149976930315,0.0003647846297681,1.7968919967363468,36.38014739350956,20.839224763748494,0.0,0.0,0.0466007434663551,1.8908599317249961,4.335287330505722e-05,1.161158823144511,25.462247089478012,0.0003466182942586,2.52954022070554,0.0024428976077203,0.0001733091471293,0.2144806998694961,0.0,0.0357687312109962,0.2303570084958404,0.0833333333333333,7.959296317107828,0.0,0.0,0.0,0.000178855458832,1.4646499780759443,9.08316775475447e-06,29.627052844946206,0.0,0.011961354676173,0.0030223119961321,0.0,35.27799166223578,0.0161483096957774,0.0,2.304984509393866,0.265643583689587,24.79087972688215,1.5245493119395173,0.0047776219218463,0.2934004798339929,2.167643665252861e-05,0.0,0.0,0.691389747838139,5069.67048498855,142.71586995717675,0.0,13.16507545613027,0.0,0.350177895119108,0.0450827348006615,0.2671985621955232,1.02396281982312,5.7291552806880315,0.0,0.0,53.533279364342754,0.1557724133070983,24.07221398778514,2.167643665252861e-05,0.0,0.003705823832516718,49.86934967517836,0.0001733091471293,84.08458366613277,0.1,0.315410248837568,0.0,0.0,0.0007497182957875,0.6666666666666666,0.0,2.3712647212226635e-05,0.0,0.0333333333333333,0.0,14.256639581245247,0.0155729138306784,0.0,0.047633677098505,0.002268817616951805,10.945630745696691,8.47377972173878e-05,16.971952572818704,0.769088138286039,6.6723568446628,9.842527909942087,0.0,31.623726424112444,0.0,0.2480093499460237,31.42759954948569,1.5113787047319944,90.69037180641931,0.0,0.000236472853785,0.9794966153251414,16.240872878999177,0.0327373085845244,0.0178229401428539,0.2143127033821193,0.0,0.0,0.0,0.0,4.092132575999929,1.036315706377689,0.0,1.0019846879936884,2.698909640505236e-05,0.47192738206036355,0.0,0.0,0.3812342895582189,0.0,0.0,3.6095940130241706,0.5335891756702953,1.7306092298241318,0.3338552628149419,0.04208896228901391,0.0,0.0173709057161433,0.0251251714857929,0.2119755244755244,0.0001733091471293,0.0,0.2029147072198976,0.0003466182942586,0.002286021070385,3.253540810777005e-05,0.0023178280321137,0.0003466182942586,0.0,0.10730133769356591,0.1032684296834057,0.0,0.000563280314693,7.461194961416374,1.2429318259845563,0.0027655264699369,0.0769230769230769,0.0,0.0001949855837818,0.022227768533924917,0.2677872863947851,5.397819281010472e-05,30.486671499625192,16.274967555594902,0.050298459580773,0.0,0.0,2.432894054853442,0.2288643917617906,0.004294389771395812,2.0932520491672446,0.0,2.698909640505236e-05,0.8425397785175035,4.251554444115578,53.51509256378828,0.0,0.0,8.670574661011444e-05,12.211048014087549,0.0,0.0778496495543814,2.434703540025594,0.0,5.746296445949747,6.636258744457346,24.177235248897595,0.0030506061420733,4.52269899112934,4.335287330505722e-05,4.335287330505722e-05,0.13612657546818152,33.93431930602866,7.0435292718887075,0.0,7.022241597866063,0.0,97.13606887987689,0.0,0.0149576310412723,0.0003466182942586,0.0,0.0,9.08316775475447e-06,0.0,7.831777871261657e-05,0.0,0.0151515151515151,0.0001733091471293,0.0,0.0001733091471293,0.0001733091471293,0.7053083152916239,0.0171519135106494,2.698909640505236e-05,0.0096050069027134,0.111385755484308,2.167643665252861e-05,8.809250154193208,0.0555555555555555,0.0,4.441945645176586,0.0009098986089517,13.771192570881928,0.0007603021090346,186.12910580152305,0.039264046248597397,0.0243896196723127,0.0,0.0,2.3311013784936834,0.0,1.2126616277219446,0.0,0.4761995593582309,0.3333875451780936,0.0,4.5352124397061715,0.094668962616603,0.0024961895187901
DE,0.1706190365921088,14.82209081628658,0.9448771657289416,0.0,0.0,0.4002942906907526,9.743760857502329,0.0005393646515936,37.62413261488156,705.5395543727875,268.63641928373966,0.4285714285714285,0.0,3.9112156489623007,4.120354779897072,0.000152766539302,5.446410443908697,251.40940061532146,2.059141256404777,33.62182724860591,0.9853391518263029,0.0002310788628391,0.5774278792104929,0.3428571428571428,0.0075833560796106,0.23738980645348118,0.0,149.59445248775552,0.0105263157894736,0.0579720279720279,0.0,1.3761139247803567,9.329104384636246,3.86034629577065e-05,393.06454280747005,0.0,1.9338865869036388,0.0344191130508732,0.1016624040920716,945.575341226443,3.4947964914702285,0.0,20.703038705381402,26.834816111561594,696.1676701395774,20.026067298462312,3.064262446231355,3.806618012293815,7.638326965102893e-05,0.0,0.0,15.470755843862307,142.71586995717675,61813.71320539109,0.1428571428571428,237.84309277257336,0.0,0.022731471521125198,3.342032515971736,2.210922868911588,9.354297928477902,125.17347888178375,0.0,0.0,450.05357913998193,37.4632390791453,118.14236275798059,0.0268622079959791,0.0009000318126714,3.882418191902385e-05,702.617774149971,0.0002310788628391,1112.6489314162095,0.3142857142857143,1.7672757281173364,0.0,0.0,7.0405628941497795,0.0151515151515151,0.0004551143474798,0.9342705350146603,0.0930232558139534,0.0,0.0,193.13790306997208,0.11283987926011341,0.0952380952380952,7.742764487673036e-05,0.2070391386296285,34.9086888817622,0.0001869576563555,114.92717818268277,13.682240309260791,68.22907286535391,164.71401399483366,0.0,180.24996591286498,0.0,16.92141907464753,173.41497040493152,3.205004639798438,941.032137259331,0.0,0.23172192486577897,19.680448714184013,194.31444970382847,13.859464060428257,0.6554660913888662,0.8095597949856829,0.0,0.0714285714285714,0.0148217636022514,0.0,83.71926123167547,1.3650902514132943,0.0,7.676356985959485,0.0439920294179173,10.62209410672445,0.0,0.0,3.4966532078760455,0.0004299965600275,0.0,24.073815894835235,38.354977578602785,8.221005237003006,0.6679025802413404,3.1534089737885904,0.7708437761069339,0.083989543194202,1.288127869051659,0.1610086150408731,0.8629391310445756,0.0,1.7908053554936547,1.5099921780724628,0.3908612581262346,1.916699296268279,0.0494097847039022,0.0004621577256782,0.0,2.5212852731568303,0.11944136651776,0.0172413793103448,0.7680562352200924,29.463228374080316,14.334620987457633,0.9634942010653763,1.3326211856986847,0.0,0.1669741287991568,0.6826877728209784,14.918965204975876,0.2176079308987311,753.4595037596721,126.75337965552964,3.639533026342671,0.0,0.0,17.579346160092218,15.154315407502054,2.1483972173103627,7.113653067012741,0.0162719110087531,0.16670265212854,5.35653317883521,46.37010078616859,248.57085100817227,0.0,0.003076923076923,1.2120611353320356,97.26148235859372,0.0,0.3575624543910817,15.521518327158375,0.0244992325775679,47.381942111558104,51.66547388763611,163.6075469007266,1.2230149539807278,32.293720309753596,0.000152766539302,0.0940743759569405,3.44876637882545,307.70583579303644,45.53765603604043,0.0,26.876255016222395,0.0,23.87669221115349,0.0467980295566502,0.0039035988703057,0.0811319508954714,0.0,0.0,0.0151901186144728,0.0,0.010090685360907299,0.0,9.292063492063491,0.2376518933424771,0.0,0.0002310788628391,0.8255398462768697,23.162230263487857,2.1311063138915003,0.0428564982823861,0.0218177521958424,7.688052281002916,7.638326965102893e-05,107.21213879268996,0.4561538461538461,0.0,26.41796982939836,9.4889413471546,37.5869967797824,3.0184062443879944,2778.7857023268207,6.906914204845162,1.2848505602090166,0.0,0.0,0.2339070964383062,0.0,14.54448642603099,0.0047619047619047,0.0004013823492265,0.7597813834562734,0.0,35.21035713143399,0.3938687511322717,2.028902979847553
DJ,0.0,0.0,0.0,0.0,0.0,0.0,0.0,0.0,0.0,0.0,0.0,0.0,0.0,0.0,0.0,0.0,0.0,0.0,0.0,0.0,0.0,0.0,0.0,0.0,0.0,0.0,0.0,0.0,0.0,0.0,0.0,0.0,0.0,0.0,0.0,0.0,0.0,0.0,0.0,0.0,0.0,0.0,0.0,0.0,0.0,0.0,0.0,0.0,0.0,0.0,0.0,0.0,0.0,0.1428571428571428,4.621428571428571,0.0,0.0,0.0,0.0,0.0,0.0,0.0,0.0,0.0,0.0,0.0,0.0,0.0,0.0,0.0,1.0,0.0,0.0,0.0,0.0,0.0,0.0,0.0,0.0,0.0,0.0,0.0,0.0,0.0,0.0,0.0,0.0,0.0,0.0,0.0,0.0,0.0,0.0,0.0,0.0,0.0,0.0,0.0,0.0,0.0,0.0,0.0,0.0,0.0,0.0,0.0,0.0,0.0,0.0,0.0,0.0,0.0,0.0,0.0,0.0,0.0,0.0,0.0,0.0,0.0,0.0,0.0,0.0,0.0,0.0,0.0,0.0,0.0,2.128571428571428,0.0,0.0,0.0,0.0,0.0,0.0,0.0,0.0,0.0,0.0,0.0,0.0,0.0,0.0,0.0,0.0,0.0,0.0,0.0,0.0,0.0,0.0,0.0,0.0,0.0,0.0,0.0,0.0,0.0,0.0,0.0,0.0,0.0,0.0,0.0,0.0,0.0,0.0,0.0,0.0,0.0,0.0,0.0,0.0,0.0,0.0,0.0,0.0,0.0,0.0,0.0,0.0,0.0714285714285714,0.0,0.0,0.0,0.0,0.0,0.0,0.0,0.0,0.0,0.0,0.0,0.0,0.0,0.0,0.0,0.0,0.0,0.0,0.0,0.0,0.0,0.0,0.0,0.0,0.0,0.0,0.0,0.0,0.0,0.0,0.0,0.0,0.0,0.0,0.0,0.0,0.0,0.0,0.0,0.0,0.0,0.0,0.0,0.0,0.0,0.0,0.0,0.0,0.0,0.0,0.0
DK,0.0,0.10172616774898191,3.5985461873403146e-05,0.0,0.0,0.6481483199711098,0.1070767102989202,0.000306771927462,2.9720041080690605,30.233331751736443,105.98114931954476,0.0,0.0,0.4873776723462278,0.168264732895406,0.0258069704660826,0.0066259033886465,50.85284189781825,0.4697115983433585,0.9644625803162145,0.00010217122309163498,0.0001155394314195,0.00020359113162869566,0.0,0.0001881300718678,0.047655033080921,0.0,32.49153817384361,0.0,0.0,0.0,0.00013171134250559565,0.5526790579711597,3.784653231147696e-05,70.30459904523235,0.0,0.0449802954002604,0.0001155394314195,0.0570742104528181,47.70990534083993,0.0023868960106681,0.0,3.949399954942424,0.028906434355907697,79.79639263344424,0.6645735027480785,0.3118914786357147,0.0235613601967695,8.297241252850096e-05,0.0,0.0,1.0655007191135608,13.16507545613027,237.84309277257336,0.0,10955.21359835334,0.0,0.0025620572687192,0.0959812708607645,1.987505476149493,4.421032198728541,4.169028046149985,0.0,0.0,94.11845088373576,0.1738688672322044,71.7983107735258,0.0129034852330413,8.599931200550395e-05,3.6971651438831326,86.8975641508151,0.0001155394314195,298.268625067391,0.0,0.4128842380617345,0.0,0.0,3.7574009658595293,0.0,10.884199134199134,8.67856880283893e-05,0.0,0.0357142857142857,0.0,15.611308590194183,0.0602239900143121,0.8571428571428571,4.8939155716912346e-05,3.5985461873403146e-05,3.1881774166155044,0.025797830047739,13.470622482599598,0.918848643344495,16.41348511613893,11.517160339330744,0.0,21.83499087453117,0.0,0.2971563059726944,43.68350609616931,14.238267220082037,109.52271217557056,0.0,0.0046443860957563,0.0383662431077635,18.17409452564774,2.234982784665804,0.1521081236885975,0.0714465641595081,0.0,0.0,0.0588235294117647,0.0,14.888670974580954,0.0838306997771617,0.0,1.2957621390095178,1.7992730936701573e-05,0.1149201372850995,0.0,0.0,1.1346123928286,8.599931200550395e-05,0.0,8.602887249052523,3.077846821552159,1.4576970747355247,0.0018124055101854956,0.3658827209013568,0.0052631578947368,0.056784329957659196,0.024905066064820798,0.0062924978247558,0.0223377616536417,0.0,0.07046118568287729,0.0205634346790659,0.0008398330572383,0.0147349677072833,0.0,0.0002310788628391,0.0,0.8450631612809343,8.297241252850096e-05,0.0,0.0026631007537242,3.9065801317603746,2.8073002817390544,0.0004674372390986,0.0,0.0,0.000198511843948,0.0296099148538066,0.1440994036437408,3.5985461873403146e-05,155.0820599734106,158.08698694706058,5.103339314934782,0.0,0.0,7.896569032410678,0.1607723445950486,0.0025554068397573956,0.16386303210499512,0.0,1.7992730936701573e-05,0.0958607256716945,2.9482529718315797,26.470120491138715,0.0,0.0,0.011053785752351102,24.16645287788225,0.0,0.0036109566848866,2.964996472811,0.0,3.894312935471027,3.5973251994109825,8.625898456716781,0.14331144523967929,1.6602870717228038,0.000165944825057,0.000165944825057,0.0004500079291743,279.6904708293491,5.0497124398708415,0.0,4.6146585506758715,0.0,1.3163677426529725,0.0,0.0233555593747406,0.0223816164972477,0.0,0.0,0.0151893616838266,0.0,3.5985461873403146e-05,0.0,0.0001277383917736,0.0001155394314195,0.0,0.0001155394314195,0.0001155394314195,3.7155574630552195,0.0291741588618277,1.7992730936701573e-05,0.046409828704105,0.6450575418306821,8.297241252850096e-05,5.792513100874631,0.0149346777253753,0.0,3.6833523654676923,12.404013023108286,1.329661890258777,1.9381194386138736,551.3630596728322,3.6051019753832527,1.2076763142864009,0.0,0.0,0.0012993088482368,0.0,2.693932327174472,0.0,3.784653231147696e-05,0.00019805707887610396,0.0,3.717151075684523,0.0365314451632053,0.4784565532563042
DM,0.0,0.0,0.0,2.2017543859649122,0.0,0.0,0.0,0.0,0.0,0.0,0.0,0.0,0.0,0.0,0.0,0.0181818181818181,0.0,0.0,0.0,0.0,0.0,0.0,0.0,0.0,0.0,0.0,0.0,0.0,0.0,0.0,0.0,0.0,0.0,0.0,0.0181818181818181,0.0,0.0,0.0,0.0,0.0,0.0,0.0,0.0,0.0,0.0303030303030303,0.0,0.0,0.0,0.0,0.0777777777777777,0.0,0.0,0.0,0.0,0.0,0.0,15.893056046595065,0.0,0.0,0.0,0.0,0.1114718614718614,0.0,0.0,0.5357142857142857,0.0,0.0,0.0,0.0,0.0,0.0,0.0,0.0181818181818181,0.0,0.0833333333333333,0.0,0.0,0.0363636363636363,0.0,0.0,0.0,0.0,0.0,0.0,0.0,0.0,0.0,0.0151515151515151,0.0,0.0,0.0,0.0,0.0,0.0,0.0,0.0,2.888429406850459,0.0,0.0,0.0,0.0,0.0,0.0,0.0,0.0,0.0,0.0,0.0,0.0,0.0,0.0,0.6341991341991341,0.0,0.0,0.0,0.0,0.0,0.0,0.0,0.1052631578947368,0.0,0.0,0.0,0.0,0.0,0.0,0.0,0.0,0.0,0.0,0.0,0.0,0.0,0.0,0.0,0.0,0.0,0.0,0.0,0.0,0.0,0.0,0.0,0.0,0.0,0.0,0.0,0.0,0.0,0.0,0.0,0.0,0.0,2.5952281435040057,0.0,0.0,0.0,0.0,0.0,0.0,0.0,0.0,0.0,0.0,0.0,0.0,0.0151515151515151,0.0984848484848484,0.0,0.0,0.0,0.0,0.0,0.0,0.0,0.0,0.0,0.0,0.0,0.0151515151515151,0.0,0.0,0.0,0.0,0.0151515151515151,0.0,0.0,0.0,0.0,0.0,0.0,0.0,0.0,0.0,0.0,0.0,0.0,0.0,0.0,0.0,0.0,0.0,0.0,0.0,0.0,0.0,0.0,0.0,0.0,0.0,0.0,0.0222222222222222,0.0,0.0,0.0,0.0,0.0,0.0,2.45686944634313,0.0,0.0,0.0,0.0984848484848484,0.0,0.0,0.0,0.0,0.0,0.0,0.0,0.0,0.0,0.0
DO,0.0,1.3532304463969434e-05,3.5985461873403146e-05,0.0,0.0,6.262677660232552e-05,4.052704575078038e-05,4.052704575078038e-05,0.6990375788292926,0.0128853620746361,0.024941985710178437,0.0022988505747126,0.0,3.825625381209176e-05,2.1645499764806714e-05,0.005858791434700464,0.0001350519314358,0.148359222759821,3.5985461873403146e-05,9.692705554534674e-05,0.0,1.7992730936701573e-05,2.3411840099833727e-05,0.0,1.0838218326264304e-05,0.027862384827871,0.0,0.4667899182603009,0.0058479532163742,0.0,0.0,1.7992730936701573e-05,3.5985461873403146e-05,2.2707919386886176e-06,0.5258827044090266,0.0,6.533215250354781e-05,1.7992730936701573e-05,0.0,0.06203163930385675,2.5682632038522345e-05,0.0,0.6097654152579628,0.0001594452114304,0.22781870056828407,0.5486947634612163,0.16405958386723102,1.5528776452736581,5.419109163132152e-06,0.0,0.0,2.709554581566077e-05,0.350177895119108,0.022731471521125198,0.0,0.0025620572687192,0.0,58.76022876998492,4.236325372693531e-05,0.0496273599541327,8.30220408942874e-05,0.46605155837497153,0.0,0.0,4.110315932479143,8.193161678731568e-05,0.0002022424424831,5.419109163132152e-06,0.0,0.0,0.1014016709519055,1.7992730936701573e-05,0.2433371624416289,0.0,4.909447213835607e-05,0.0,0.0,8.193161678731568e-05,0.0,0.0,4.541583877377235e-06,0.0,0.0,0.0,0.00021670212925483555,0.6535317070908865,0.0,2.2707919386886176e-06,0.18157520502405722,0.00012458892674007457,0.038785077944039,0.00014745372509004253,0.0005494235969061864,0.0007030457383782237,0.0021091875387152,0.0,3.0755410300823467,0.0,0.0002001908322424,0.0006451970867196,2.709554581566077e-05,0.7998571210616783,0.0,0.02347342199261415,0.0007832927565864,0.4383808023545506,5.22427893627996e-05,2.883094926296588e-05,1.7992730936701573e-05,0.0,0.0,0.0,0.0,0.002049475740937461,2.6218020529905845e-05,0.0116959064327485,8.126699032277756e-05,1.7992730936701573e-05,4.6823680199667454e-05,0.0,0.0,1.7992730936701573e-05,0.0,0.0,9.610011427151844e-05,1.9405644713839998e-05,5.766189852593176e-05,0.0005469390289679,0.0007521486110561372,0.0,7.68990110182077e-06,2.167643665252861e-05,0.0,1.7992730936701573e-05,0.0,2.3411840099833727e-05,0.002334836036586,5.680402036438156e-05,1.7992730936701573e-05,0.0,3.5985461873403146e-05,0.0,2.079891136677369e-05,5.419109163132152e-06,0.0,6.481641113636902e-05,1.9479896649075545,0.08546356032322645,6.166809391192548e-05,0.0,0.0,2.3411840099833727e-05,0.0,0.0027288856796278,0.2110429910546377,0.0087345648488098,0.0013598261280702117,0.0667671460500062,0.0,0.0,0.02325063790787844,0.0,0.0970449535020222,0.1373078694220657,0.0,1.7992730936701573e-05,0.03842512287454351,0.005367765326446649,0.000377680528438161,0.0,0.0,0.0002132840243129,0.00890654701309295,0.0,0.017003876372676502,0.0092416074490954,0.0,0.020302538346262403,0.7529532631055353,0.26742771325493075,0.001911932124876,0.0044358851848889744,1.0838218326264304e-05,1.0838218326264304e-05,3.825625381209176e-05,0.0013782730900936744,0.0001376167796003373,0.0,6.489756854101411e-05,0.0,0.00010591777613193893,0.0,1.0838218326264304e-05,3.5985461873403146e-05,0.0,0.0,2.2707919386886176e-06,0.0,0.1421493055655312,0.0,6.386919588682378e-05,1.7992730936701573e-05,0.0,1.7992730936701573e-05,1.7992730936701573e-05,0.0003042611106346237,1.3109010264952922e-05,1.7992730936701573e-05,5.419109163132152e-06,4.19399595279188e-05,5.419109163132152e-06,0.2576799281930808,0.023391812865497,0.0,0.14375629523870015,0.0001008018730097,7.928775116653375e-05,0.0019812901198898,9.836262438722827,0.0310555064451412,1.7992730936701573e-05,0.0,0.0,2.4103038146721985,0.0,0.002031898310334137,0.0,2.2707919386886176e-06,2.3411840099833727e-05,0.0,0.0003813514110787864,3.5985461873403146e-05,1.7992730936701573e-05
DZ,0.0,6.972221330936025,1.7992730936701573e-05,0.0,0.0,0.0001421807461484373,0.0078611531526539,0.0021402830354989,0.012916901058612599,0.1758396432958123,0.2508082284017281,0.0,0.0,0.0940062775088893,0.0035677447905448747,1.0838218326264304e-05,0.31582969383507187,7.479511121263187,0.0017962117003271,0.6002740277255744,0.1579760855636605,5.776971570977887e-05,0.0556238236681091,0.0,1.0838218326264304e-05,1.7992730936701573e-05,0.0,1.0695568806835696,0.0,0.0,0.0,0.008143657084198496,0.009188811995740601,2.2707919386886176e-06,8.293614225136809,0.0,0.0001846631068227,5.776971570977887e-05,0.0016806722689075,0.8396636937109426,6.545961681159965e-05,0.0,9.562059117881672e-05,0.09173876722865719,6.061956163026302,0.0120138709671395,0.0003363285082505566,4.474845526992585e-05,5.419109163132152e-06,0.0,0.0,0.0171699526886728,0.0450827348006615,3.342032515971736,0.0,0.0959812708607645,0.0,4.236325372693531e-05,753.5413023242872,0.14080275157043612,0.0062645789840732,6.675408763777725,0.0,0.0,9.938173402116249,0.0104537789578079,0.4590099116656099,6.417351574362569e-05,5.8754406580493536e-05,0.0,74.52978215226364,5.776971570977887e-05,4.97171455354551,0.0,0.0028277037723187,0.0,0.0,0.2837551516732612,0.0,0.0,4.541583877377235e-06,0.0,0.0,0.0,0.3312808829073467,4.872139845626276e-05,0.0,2.2707919386886176e-06,1.7992730936701573e-05,0.1488296905680187,2.5682632038522345e-05,0.5221762448305972,0.6009653368826895,1.3525053717351616,0.1073509580668587,0.0,3.8296809288345255,0.0,1.3253321053431073,0.6473754602767352,2.709554581566077e-05,12.985275979222468,0.0,6.361639618044741e-05,4.862357723065191,0.0722623585667775,0.6712234600364647,0.007468561200878227,8.996365468350786e-06,0.0,0.0,0.0,0.0,1.3211036323485934,0.1547417607709426,0.0,7.227062485442678e-05,8.996365468350786e-06,0.8912507293368486,0.0,0.0,0.0002630733649039,0.0,0.0,0.007098943912926,0.040462099079293636,0.00215334490033,0.46212489796475875,4.206290553571064,0.0,7.68990110182077e-06,0.0035677757274326,0.0,0.0020779717359117,0.0,0.0147514079697717,0.0041559434718235,0.3333811409882293,8.996365468350786e-06,0.0,0.0307071700230501,0.0,2.587819904746935e-05,0.0037062933982727,0.0,0.05448585760022863,0.000443823734788,1.1513795004705911,0.0038818733373407,0.004040404040404,0.0,6.318882487291102e-05,0.0,0.0503101553920006,1.7992730936701573e-05,0.29552412311932613,0.0024501987184884,0.005076475479962096,0.0,0.0,0.0095891470141067,0.09898392265037881,0.00014837296030263295,0.0005452137577415,0.0,8.996365468350786e-06,0.0481235349521319,1.647959630214699,2.846220950689621,0.0,0.0,0.1505774117101294,8.443381313151757,0.0,3.337253314034312e-05,0.3786186196920732,1.0,2.8362713553756165,0.019525340765153498,1.7371638242363956,0.0021367261424921936,13.402835139699233,1.0838218326264304e-05,1.0838218326264304e-05,0.1501249214827381,0.043855785546217496,0.2883971883941086,0.0,0.0022154284341468003,0.0,0.0019058031335286,0.0,1.0838218326264304e-05,0.0080092036891811,0.0,0.0,2.2707919386886176e-06,0.0,2.6105926237538855e-05,0.0,0.0829343425453265,5.776971570977887e-05,0.0,0.0017384419846173,5.776971570977887e-05,0.7425369226837888,1.3109010264952922e-05,8.996365468350786e-06,5.419109163132152e-06,4.069993095730491,5.419109163132152e-06,13.293463397519552,0.0,0.0,0.00013911217997514914,0.6726874297728533,0.0039972789320396,0.0033293814324705955,9.840004506653884,0.0036556539277186116,0.0151605115169835,0.0,0.0,7.036689822106947e-05,0.0,0.31799653723300014,0.0,2.2707919386886176e-06,0.4232117856514067,0.0,0.3795614415705647,0.0001155394314195,0.0037586440048193
EC,0.0,0.1496424709390523,5.397819281010472e-05,0.0,0.0,9.672530350117626e-05,0.018813670130913798,6.003363797994103e-05,3.3476129481979475,0.1707338587407278,1.3120828541211502,0.0,0.0,5.700591539502288e-05,5.380577253957087e-05,1.025320146909436e-05,0.5179234264944326,5.109405342478095,5.397819281010472e-05,0.0005653406626505479,4.976857612103718e-05,2.698909640505236e-05,3.211569713959954e-05,0.0,1.025320146909436e-05,0.2947024559186135,0.0,11.890208837539294,0.0,0.0,0.0,2.698909640505236e-05,5.397819281010472e-05,0.0027150310341878,2.618023500141662,0.0,9.610590213974786e-05,2.698909640505236e-05,0.0,0.116540038301191,3.5143419724517693e-05,0.0,10.3224558661023,0.043123493786714,2.3627170665657182,6.414119215018459,0.9714568334389425,3.7762654617012688,5.12660073454718e-06,0.0,0.0,0.0012787658357529,0.2671985621955232,2.210922868911588,0.0,1.987505476149493,0.0,0.0496273599541327,0.14080275157043612,487.8340256795201,0.0004729228607571185,0.15973415176129066,0.0,0.0,37.2562714137962,0.0029885996695719,0.0118508627763711,5.12660073454718e-06,0.0,0.0,2.294325053787357,2.698909640505236e-05,1.4698805252920275,0.0022012780817764997,0.0095910686406736,0.0,0.0,0.0131910338563611,0.0,0.0,0.0011066944860581,0.0,0.0,0.0,0.10996672708930061,0.43949323292770603,0.0,3.027722584918157e-06,0.33434734714282666,0.059442069704788,0.0162755175758957,0.0068497537949483,0.3597728119152311,0.2221521436265426,0.1461562576319753,0.0,3.1125116179837162,0.0,2.4874370794466376,1.2911454460345757,0.0003011150973366359,9.027370298151194,0.0,9.801872127140032e-05,0.6752310297690328,0.3458973058363245,0.0039978415337187,3.724229787414672e-05,2.698909640505236e-05,0.0,0.0,0.0,0.0,0.57589941184865,0.0476456094671556,0.0,0.4769253730922552,2.698909640505236e-05,0.2219756533057011,0.0,0.0,7.675767252608953e-05,0.0,0.0,0.0002440210607485895,0.0003269085558077,0.0017532043979080934,5.397819281010472e-05,0.06684226038123331,0.0,8.154323319465337e-06,2.050640293818872e-05,0.0,2.698909640505236e-05,0.0,0.0009996235581408996,0.0046516793422353,0.0667286131237782,2.698909640505236e-05,0.0,5.397819281010472e-05,0.0,0.00040584980291097784,5.12660073454718e-06,0.0,0.0017206802613451001,10.813903985948084,0.7183589920007337,0.0011965413246054224,0.0,0.0,3.211569713959954e-05,0.0,0.30158189598794877,0.0847011110639304,1.1838709667616907,0.2610734850701486,0.0360717913915418,0.0,0.0,0.0004950707471529118,0.0006265664160401,0.076572487170966,4.198749904934022,0.0,2.698909640505236e-05,0.0072904670624498,3.5664248937695606,0.5525531795388593,0.0,0.0,0.0019002056510584,2.305475461316081,0.0,0.11900885235461299,0.0409521141929206,0.0,1.6520632611262913,0.3931519396204053,2.2701916992743785,2.698909640505236e-05,1.3213779923658229,1.025320146909436e-05,1.025320146909436e-05,0.0006835723314351,3.347482380448561,0.1186583631338623,0.0,0.5005090518696841,0.0,0.0069059974427260005,0.0,1.025320146909436e-05,0.0006257965039257,0.0,0.0022012780817764997,3.027722584918157e-06,0.0,0.0973378886791644,0.0,0.0357142857142857,2.698909640505236e-05,0.0,2.698909640505236e-05,2.698909640505236e-05,0.2110464881403516,0.0182451350692208,2.698909640505236e-05,5.12660073454718e-06,0.1333838565552615,5.12660073454718e-06,1.0866888622566737,0.0,0.0,0.0001962999791218321,0.0004005612984075,0.0023430354331364003,0.0018514704891875,25.678095896238617,1.8979469338533963,0.196996686066102,0.0,0.0,8.719499403612247,0.0,0.00025173214958281186,0.0,0.0011036667634731,0.0006586821131796,0.0,0.0293792254794092,5.397819281010472e-05,2.698909640505236e-05
EE,0.0,1.0199205090069257,1.7992730936701573e-05,0.0,0.0,0.0386856420722256,0.0149172784740383,0.000133705766929,4.424594780415556,1.139911097483644,4.180158091580088,0.0,0.0,0.0089116517223558,1.0186176970531733,4.335287330505722e-05,0.0133091691967583,2.0820524810688146,0.0001155394314195,0.2045889326777974,0.3334405838441056,5.776971570977887e-05,8.960472772369881e-05,0.0,6.5538120115928e-05,1.7992730936701573e-05,0.0,0.7458879934008346,0.0,0.0,0.0,0.0008331687274479142,0.7761394632145064,9.08316775475447e-06,2.864463126601459,0.0,0.0002187249859031,5.776971570977887e-05,0.0,5.035888758579918,8.852932011706196e-05,0.0,0.047648571419486196,0.0003498590134248913,0.717328256390819,0.0033286011123979,0.0001138684475879,0.00011485705290819133,2.167643665252861e-05,0.0,0.0,0.36908047141074574,1.02396281982312,9.354297928477902,0.0,4.421032198728541,0.0,8.30220408942874e-05,0.0062645789840732,0.0004729228607571185,450.72383139006695,0.46699195422034045,0.0,0.0,6.678752552539114,0.002787528695926,15.544256023814626,2.167643665252861e-05,8.599931200550395e-05,0.0018612313838124355,8.0994584428935,5.776971570977887e-05,10.216881895600276,0.0,0.0347341789373637,0.0,0.0,0.00044099169402979995,0.0,0.0,2.925895891494433e-05,0.0,0.0,0.0,1.7162334493130194,7.600183860824808e-05,0.0,2.017579116018985e-05,1.7992730936701573e-05,0.1966052930485222,4.875233534398466e-05,0.6973836847358913,0.06452763238497027,0.9335256144845316,0.9588865030127243,0.0,10.983316257598627,0.0,0.2670122697020786,1.0876451067643886,0.7505667377182597,6.52271524423987,0.0,0.00036432781134299996,0.0117325830197245,0.5277575744822621,0.10095503370507121,0.0077241984143819,8.996365468350786e-06,0.0,0.0,0.0,0.0,0.19403404771408972,0.001265125943033428,0.0,0.0291151801268649,8.996365468350786e-06,0.01759646288103239,0.0,0.0,0.00011718092428472551,8.599931200550395e-05,0.0,3.8037492223902265,0.0132395548530309,4.9864348201238675,0.0001367906301862913,0.00038271160953569133,0.0,0.0089848192433179,0.0161789231112493,0.0,5.776971570977887e-05,0.0,0.5548477670609524,0.0001155394314195,0.000164241523179,2.008898887378617e-05,0.0,0.0001155394314195,0.0,0.0482589762883211,2.167643665252861e-05,0.0,0.0002166620204343,0.48592887544379393,0.7673057160932333,0.1521271456746135,0.0007541478129713,0.0,7.944615236230749e-05,0.20185609210947789,0.8315774098319041,1.7992730936701573e-05,5.262152475318315,4.446442519036841,0.0002786155509115913,0.0,0.0,0.005045330623177399,2.218524681087077e-05,0.00012093892967819132,0.002234742704920795,0.0,8.996365468350786e-06,0.0004110323948872,0.1439452978734432,0.9985264432763972,0.0,0.0,8.670574661011444e-05,3.2545473234466353,0.0,7.951193975126773e-05,0.0004342547188010739,0.0,0.2286748583171711,0.4050156836450751,1.2080002286369584,0.00022976833972077887,1.0413465592533409,4.335287330505722e-05,4.335287330505722e-05,0.0001246225991743,15.621054602901374,0.49421347207876065,0.0,0.3678649086869571,0.0,0.0142519683386368,0.0,0.0110103110250857,0.0167822060980862,0.0,0.0,9.08316775475447e-06,0.0,1.7992730936701573e-05,0.0,0.0,0.0008119175286810788,0.0,5.776971570977887e-05,5.776971570977887e-05,0.061570062476415395,0.0116962978685201,8.996365468350786e-06,0.0068771990816488,0.6668313179201467,2.167643665252861e-05,1.012801665483788,0.0,0.0,0.050020975314593,0.0003322014518539,0.8683492793837798,0.00031384927042049133,20.043481732605407,9.570211207846524e-05,0.0006466554049138,0.0,0.0,9.767827526077668e-05,0.0,4.300154490436107,0.0,9.08316775475447e-06,0.00012776473753181873,0.0,0.0186831486515203,0.0001155394314195,5.776971570977887e-05
EG,0.0,70.7272814014419,0.1389968452745091,0.0095238095238095,0.0,0.14837561718781503,0.8540877660138164,0.0209028260969998,0.4924237577625785,2.1884967797997477,14.214265358362152,0.0,0.0,0.24538308252934388,0.2758657926146317,0.4452561589353056,5.6049889736697,4.2090826481663575,0.00573525339524,0.0617759734979525,1.5273233945317193,0.0003466182942586,0.06717481048364674,0.0,0.0183329933598938,0.0001079563856202,0.0,5.152297829471387,0.0,0.0,0.0,0.02694029951822183,0.0362000484094838,3.784653231147696e-06,55.94252954296372,0.0,0.7179363208960396,0.0003466182942586,0.085518814642011,13.003053417310912,0.140807349454536,0.0,0.2801939222766424,0.4689091863938004,63.91254355493048,1.1436308720380328,0.0529691328033279,0.1295735532017211,9.031848605220255e-06,0.0222222222222222,0.0,3.6476044802605916,5.7291552806880315,125.17347888178375,0.0,4.169028046149985,0.1114718614718614,0.46605155837497153,6.675408763777725,0.15973415176129066,0.46699195422034045,16454.981615123295,0.0,0.0,20.14027299596302,0.9560383460155042,5.21996439134891,0.00018529506834662025,0.0001762632197414,6.65557404326123e-05,28.557717082638643,0.0003466182942586,128.2330227799725,0.0025641025641025,0.1117706516684025,0.0,0.0,0.3893005595941789,0.0,0.0,0.006227971200741,0.0,0.0,0.0,10.47993693962483,0.004870685383650298,0.0,7.034039366376e-05,0.0001079563856202,0.7897952864539977,0.0104184754186794,2.894878758412038,38.979970651284866,8.588731236259804,0.4348665324797612,0.0,46.36658037952947,0.0,29.128881516810676,8.570293549949051,4.515924302610127e-05,81.4511878129262,0.0,0.0001839958276931,29.049989091201805,96.9110305919927,1.9475121566492009,0.1740916497331578,5.397819281010472e-05,0.0,0.3,0.0,0.0,32.670683555598615,18.604387507764798,0.0,5.908906476646374,5.397819281010472e-05,16.667831719811524,0.0,0.0,0.017543681137071502,0.0,0.0,0.22784241502327532,0.15695135250079262,0.0102531735067477,20.451223958491994,10.661282209146428,0.0,1.281650183636795e-05,0.0393736015145036,0.0,0.0052158231634635,0.0,0.0582286495074283,0.0047336406289213,0.0005861718565827,0.0362316450443538,0.0,0.0027134386087193,0.0,0.0001159334551690867,0.9594522030564824,0.0,0.0613753788974467,2.2127679059449137,11.33478571528064,0.008114890211537,0.004040404040404,0.0,0.0086889834761972,6.65557404326123e-05,7.463929684535314,0.0001079563856202,9.44242243681767,1.1340425180441212,0.28231610369823856,0.0,0.0,3.047987564466296,10.580584903729983,0.0047206787079991,0.33752719526786734,0.0,5.397819281010472e-05,0.2635493067421735,23.00479004388779,15.998569772868205,0.0,0.0,6.6681543315115395,2.528086642801632,0.0,0.1009839295253473,15.981613291240375,0.0,5.76456470778013,0.7807653495961008,6.423992881502945,0.007569154598009,1035.5598104753055,1.806369721044051e-05,1.806369721044051e-05,7.191415876341804,16.58713170174985,1.6680986817813597,0.0,0.1081370341793862,0.0,1.60360048310201,0.0,1.806369721044051e-05,0.0504544492936811,1.5,0.0,3.784653231147696e-06,0.0,0.1001404091668235,0.0,4.16274182361229,0.0003466182942586,0.0,0.5053886351009813,0.4011402690879094,1.1173176566035772,0.0615088993111767,5.397819281010472e-05,9.031848605220255e-06,3.279444155163385,9.031848605220255e-06,13.61991148028529,0.1380952380952381,0.0,22.306924511836378,1.3256004698637385,0.6950268922625705,0.7369253703549509,407.39055788069317,0.28280611201495964,0.4669315007442095,0.0,0.0,0.086929797655867,0.0,7.00134353444583,0.0,3.784653231147696e-06,20.095044365319072,0.0,6.663546966042865,0.210814278057107,0.12526924366083508
EH,0.0,0.0,0.0,0.0,0.0,0.0,0.0,0.0,0.0,0.0,0.0,0.0,0.0,0.0,0.0,0.0,0.0,0.0,0.0,0.0,0.0,0.0,0.0,0.0,0.0,0.0,0.0,0.0,0.0,0.0,0.0,0.0,0.0,0.0,0.0,0.0,0.0,0.0,0.0,0.0,0.0,0.0,0.0,0.0,0.0,0.0,0.0,0.0,0.0,0.0,0.0,0.0,0.0,0.0,0.0,0.0,0.0,0.0,0.0,0.0,0.0,0.0,1.0,0.0,0.0,0.0,0.0,0.0,0.0,0.0,0.0,0.0,0.0,0.0,0.0,0.0,0.0,0.0,0.0,0.0,0.0,0.0,0.0,0.0,0.0,0.0,0.0,0.0,0.0,0.0,0.0,0.0,0.0,0.0,0.0,0.0,0.0,0.0,0.0,0.0,0.0,0.0,0.0,0.0,0.0,0.0,0.0,0.0,0.0,0.0,0.0,0.0,0.0,0.0,0.0,0.0,0.0,0.0,0.0,0.0,0.0,0.0,0.0,0.0,0.0,0.0,0.0,0.0,0.0,0.0,0.0,0.0,0.0,0.0,0.0,0.0,0.0,0.0,0.0,0.0,0.0,0.0,0.0,0.0,0.0,0.0,0.0,0.0,0.0,0.0,0.0,0.0,0.0,0.0,0.0,0.0,0.0,0.0,0.0,0.0,0.0,0.0,0.0,0.0,0.0,0.0,0.0,0.0,0.0,0.0,0.0,0.0,0.0,0.0,0.0,0.0,0.0,0.0,0.0,0.0,0.0,0.0,0.0,0.0,0.0,0.0,0.0,0.0,0.0,0.0,0.0,0.0,0.0,0.0,0.0,0.0,0.0,0.0,0.0,0.0,0.0,0.0,0.0,0.0,0.0,0.0,0.0,0.0,0.0,0.0,0.0,0.0,0.0,0.0,0.0,0.0,0.0,0.0,0.0,0.0,0.0,0.0,0.0,0.0,0.0,0.0,0.0,0.0,0.0,0.0,0.0,0.0,0.0
ER,0.0,0.0,0.0,0.0,0.0,0.0,0.0,0.0,0.0,0.0,0.0,0.0,0.0,0.0,0.0,0.0,0.0,0.0,0.0,0.0,0.0,0.0,0.0,0.0,0.0,0.0,0.0,0.0,0.0,0.0,0.0,0.0,0.0,0.0,0.0,0.0,0.0,0.0,0.0,0.0,0.0,0.0,0.0,0.0,0.2,0.0,0.0,0.0,0.0,0.0,0.0,0.0,0.0,0.0,0.0,0.0,0.0,0.0,0.0,0.0,0.0,0.0,0.0,10.45,0.0,0.5,0.0,0.0,0.0,0.0,0.0,0.0,0.0,0.0,0.0,0.0,0.0,0.0,0.0,0.0,0.0,0.0,0.0,0.0,0.0,0.0,0.0,0.0,0.0,0.0,0.0,0.0,0.0,0.0,0.0,0.0,1.833333333333333,0.0,0.0,0.0,0.0,0.0,0.0,0.0,0.0,0.0,0.0,0.0,0.0,0.0,0.0,0.0,0.0,0.0,0.0,0.0,0.0,0.0,0.0,0.0,0.0,0.0,0.0,0.0,0.0,0.0,0.0,0.0,0.0,0.0,0.0,0.0,0.0,0.0,0.0,0.0,0.0,0.0,0.0,0.0,0.0,0.0,0.0,0.0,0.0,0.0,0.0,0.0,0.0,0.0,0.0,0.0,0.0,0.0,0.0,0.0,0.0,0.0,0.0,0.0,0.0,0.0,0.0,0.0,0.0,0.0,0.0,0.0,0.0,0.0,0.0,0.0,0.0,0.0,0.0,0.0,0.0,0.0,0.0,0.0,0.0,0.4,0.0,0.0,0.8333333333333333,0.0,0.0,0.0,0.0,0.0,0.0,0.0,0.0,0.0,0.0,0.0,0.0,0.0,0.0,0.0,0.0,0.0,0.0,0.0,0.0,0.0,0.0,0.0,0.0,0.0,0.0,0.0,0.0,0.0,0.0,0.0,0.0,0.0,0.6666666666666666,0.0,0.0,0.0,0.0,0.0,0.0,0.0,0.0,0.0,0.0,0.0,0.0,0.0,0.0
ES,1.2786380597742106,10.279608075413774,0.0279756978180814,0.0,0.0,0.4121254898619693,0.1253683046492624,0.1013632792844551,122.76433421068737,90.6496590092171,110.17336390339902,0.0,0.0,0.0550182452254869,1.2516685663545357,0.0051233978207056,2.901909011995192,149.16543815707303,0.11682531400587759,5.847242719217732,0.1136565681936373,0.0006354668728075,0.23885982541729048,0.0,0.0076056937398192,2.0857541608095262,0.0,157.30119118060907,0.0049261083743842,0.0,0.0,0.009777727359105499,1.7637736136220308,4.617276942000189e-05,158.16556855100436,0.0,1.69900764554643,1.0006354668728077,0.0357142857142857,153.30216683858106,0.0007802843653882,0.0,123.01414653343727,1.3704778599501513,117.8768449030541,97.26403813480769,5.430263873948752,11.188563874436483,0.09533673996125593,0.0,0.0,3.1387101812544316,53.533279364342754,450.05357913998193,0.0,94.11845088373576,0.5357142857142857,4.110315932479143,9.938173402116249,37.2562714137962,6.678752552539114,20.14027299596302,0.0,0.0,34144.082980033345,1.3908936477678702,43.115291127903646,0.15877520169364823,0.0002895074371719,0.0037280090793275883,513.8545677617985,0.0006354668728075,711.9455597557089,0.0833333333333333,0.8932093582076275,0.0,0.0,2.5858113322333867,0.8484848484848484,0.0001137785868699,0.3001200770973535,0.0,1.0552099946836786,0.0,76.59086366699779,0.7359329477118173,0.1158730158730158,7.390432793359035e-05,0.6505747821017942,9.795356867281003,0.0106404400641073,28.560425634357706,3.4921240570712495,54.40134209419964,40.56749109167866,0.0,83.03877564055479,0.1538461538461538,2.34553095826331,64.43739677295457,3.7587184853424156,849.8757482652843,0.0,0.0059593589693937,2.822675317998179,69.72973980966594,2.4325647771858856,0.0184967387167,2.5000989600201518,0.0,0.0,0.0,0.0,28.475389538509503,0.7013288030826237,0.0,2.5366443276482338,9.896002015185864e-05,3.8794022395192327,1.4303030303030304,0.0,0.4261964145394161,0.10017199862401101,0.0,8.162297922984305,8.154244416430394,4.170266242601958,0.09971164354185887,14.395732888889565,0.3409076991120334,0.7033910067604658,0.027981854199317098,0.0096617163255533,0.0427407300307023,0.0,1.70478157352917,0.0234931559678373,0.0166550882661661,0.1307725591210846,0.1344747711974602,0.0012709337456151,0.0,3.2679675388915523,0.35731365193816783,0.0,0.4653904990412083,135.2631554750718,7.459215494735693,3.266382261065057,0.0015082956259426,0.0,0.0007341115959682,0.1433415450732788,2.109656745955696,4.155496783463697,266.2921573858272,64.88219189664451,0.038302815454879374,0.0,0.0,7.602623711483739,1.0972631036091405,1.7701671208422756,23.100749387978553,0.0,0.0667656266868185,5.212850867470938,12.488177826519689,115.47180301485358,0.0,0.0,1.4860502475997899,280.2386410750664,0.0,3.479847385799065,3.463400613752234,0.0091702123525868,18.80669766042751,24.451039967633207,25.487369317152478,1.0228375087783,18.188779204637616,0.0001972894463214,0.0001972894463214,0.8489189065427962,114.10633222659875,15.736866169459224,0.1111111111111111,19.27083793785483,0.0,9.446282235699272,0.0,0.0205739105695414,0.0901417851164665,0.0,0.0256410256410256,4.617276942000189e-05,0.0,1.5392648970332234,0.0,0.0724548534857023,0.0021437624987501,0.0,0.0006354668728075,0.0006354668728075,5.539034246857345,0.062492702803560105,9.896002015185864e-05,0.013471907027934,13.65304644483704,9.864472316072748e-05,39.7620756205287,0.2708949964763917,0.0,15.875963803005634,0.6992307268219523,5.63281995292359,0.34135962566896,1431.939221190327,17.69959075415421,0.0403567917158863,0.0,0.0,3.0954512361253865,0.0,3.0110121433955133,0.0047619047619047,4.617276942000189e-05,0.209498509800704,0.0,6.902275392008395,0.011568636276838,0.2275131893786938
ET,0.0,1.711137797719169,7.197092374680629e-05,0.0666666666666666,0.0,0.0004913656982221,0.0004666993095556,0.0196586185014748,0.1690529028538163,0.0894412933999897,12.70634177296459,0.0,0.0,0.0024784722127497,0.0277810980087912,6.6404620270062585e-06,1.1418078300127394,6.672577353428777,0.1989682268199825,0.3305493955972713,0.005684548888926401,0.0002310788628391,0.047993393179348996,0.0,0.0002174003067302,7.197092374680629e-05,0.0,0.500028513637343,0.0,0.0,0.0,1.8430147414927296,0.0004621577256782,2.2707919386886176e-06,6.720478881042787,0.0,0.0242633547688391,0.0002310788628391,0.0252394506189572,1.1583207438116827,0.0751650043049615,0.0,0.001458532825916,0.4174908932286234,9.210256504896199,0.1076090840642869,0.002462720947823393,0.33392651394920364,3.3202310135031293e-06,0.0,0.0,1.6601155067515648e-05,0.1557724133070983,37.4632390791453,0.0,0.1738688672322044,0.0,8.193161678731568e-05,0.0104537789578079,0.0029885996695719,0.002787528695926,0.9560383460155042,0.0,0.5,1.3908936477678702,1391.290796858822,0.477083264137124,0.001472180395525803,0.0027588498445948,0.0001053799223516,3.2955446860304685,0.0002310788628391,7.762400996530895,0.0,0.0504943470957558,0.0,0.0,2.602954874554347,0.0,0.0,0.0431038883237252,0.0012195121951219,0.0,0.0,0.0044443893690352,8.437432251506389e-05,0.0,0.0290931579606671,7.197092374680629e-05,0.0017405414691834,0.0110665729357099,0.086929645083861,0.315180684429886,0.0022819671069655,1.452332533114559,0.0,53.484582761411886,0.0,0.2539948405174374,8.91117364824369,1.6601155067515648e-05,2.6114737250678246,0.0,0.2092250126880026,0.189889735757243,2.069994650505389,4.951489217092925,0.0011920512112567094,3.5985461873403146e-05,0.0,0.0,0.0,0.0,5.420197920656286,1.3926064761148738,0.0,0.0001836508621148,3.5985461873403146e-05,0.0794159566144441,0.0,0.0,0.044577455859005,0.0012899896800825,0.0,0.000286848683491,0.0011943883946010695,0.0004754386497322,0.2031975273616897,0.6740764398111064,0.0,5.591022952191747e-06,1.3280924054012515e-05,0.0,0.1198796564061535,0.0,0.0002343990938526,0.0499400348980524,5.800572610405095e-05,0.000141365384225,0.0,0.0014722587357792,0.0,0.0017419432401092998,0.051079031035902396,0.0,0.739795806717403,0.4470799815548314,0.3038568249039005,0.0627966608601514,0.0739457115127895,0.0,0.0669010657605193,0.0001053799223516,2.309131537929227,0.0012914831188687,6.239658391179274,5.597347647593398,0.0233926182748529,0.0,0.0,0.0061264838500095,0.11925837889232219,0.0012520295594519,0.020799720273575,0.0,3.5985461873403146e-05,0.6668705793608731,2.5552964834340686,0.058967803090230794,0.0,0.0,0.0014821410885663125,0.4325066161098025,0.0,8.315296965118979e-05,0.0026238222332761003,0.0,0.0765713503446533,0.3808710678633494,2.58483438328155,1.906374074876525,8.940492461497392,6.6404620270062585e-06,0.028241975369861498,0.2462814651161203,9.165959213073283,0.8899468610795955,0.0,0.001364856748256,0.0,0.168367208534473,0.2,6.6404620270062585e-06,0.11116618527172409,0.2,0.0,2.2707919386886176e-06,0.0,7.197092374680629e-05,0.0,0.0,0.6691965961042184,0.0,0.0019117511317466,0.0002310788628391,0.11625699588987,8.911253965694876e-06,3.5985461873403146e-05,3.3202310135031293e-06,0.0234030335522065,3.3202310135031293e-06,0.5856871700637135,0.6666666666666666,0.0,0.1519490558584967,1.2796300249524823,0.0030011703309847,1.5135670498388056,56.569265938656144,4.926638592741566e-05,0.000141365384225,0.0,0.0222222222222222,0.0411533338950299,0.0,0.08850417814020389,0.0,0.083335604125272,0.0075012366092586,0.0,8.889445723503119,0.0535371242938981,0.15425358110794649
FI,0.0,5.384663476333712,0.1666846593976033,0.0,0.0,0.0318022364809053,0.0493845774465415,0.0001670107153631,2.5307783062317655,17.946894947534,34.55310449403173,0.0,0.0,0.0485771700147381,0.012250124166898699,0.0001228331410309,0.5849552578243488,25.372331307997236,0.8286869680028481,1.455969985212059,0.00015655206287125488,5.776971570977887e-05,0.027912201927045088,0.0,0.0001339257644364,1.7992730936701573e-05,0.0,32.778816120668566,0.0,0.0,0.0,0.001972493284393887,0.802320030305339,2.5735641971804333e-05,42.615126889085644,0.0,0.0003019873569883,5.776971570977887e-05,0.003076923076923,25.07559389804502,0.000144921928197,0.0,1.8980317917765686,1.1373028885852274,68.91134218305578,6.661196089157864,0.0598389048942651,0.000278896876040687,6.141657051549773e-05,0.0,0.0,1.864252728349533,24.07221398778514,118.14236275798059,0.0,71.7983107735258,0.0,0.0002022424424831,0.4590099116656099,0.0118508627763711,15.544256023814626,5.21996439134891,0.0,0.0,43.115291127903646,0.477083264137124,5697.149016065074,0.00012017097709599126,0.0001447537185859,0.038182948015523195,50.711806056688516,5.776971570977887e-05,125.99509417223001,0.0,0.0192602339368211,0.0,0.0,1.9020013996169622,0.0,0.0,5.701759564632636e-05,0.0,0.1804653679653679,0.0,11.390525329010318,0.0001823518693394,0.0,3.1281953674522024e-05,1.7992730936701573e-05,2.3836974086358915,0.000105144943424,9.201374668364576,0.3061762356518698,7.664033554610928,7.645095899477241,0.0,38.271376086485084,0.0,0.4363803546660272,23.874222414543627,7.883187285509406,65.58219759485748,0.0363636363636363,0.001272342824474,0.0874749491217765,12.527895780945045,2.2144624599325864,0.1933335876415586,8.996365468350786e-06,0.0,0.0,0.0,0.0,4.551135886031021,1.5972425599194986,0.0,0.9969782284304244,8.996365468350786e-06,0.3029579764828395,0.0,0.0,0.0187322900804104,8.599931200550395e-05,0.0,6.461983886374258,3.432663123354152,2.678795958891256,0.6653854535611766,0.5505372167355072,0.0,0.024771536967447202,0.0069559533192088,0.0,5.776971570977887e-05,0.0,0.0486727847465583,0.0001155394314195,0.0004488576456487,1.454267717106848e-05,0.0,0.0001155394314195,0.0,0.0375587679575528,6.141657051549773e-05,0.0,0.0004877131693863,1.3363003554224975,4.469353188410144,0.0002604613596166,0.0,0.0,0.0001191862862252,0.0270855935927018,0.1688475381737431,1.7992730936701573e-05,69.80578572619132,73.74480495906045,1.2196445910582474,0.0,0.0,3.047826089376178,0.7619158545281673,0.007729343707428187,0.2428246607284385,0.0,8.996365468350786e-06,0.0928584118804385,2.9252680857211186,24.68176132802148,0.0,0.0,0.00030442068864239356,20.391961898151283,0.0,0.0001922971559113,0.1214504153014049,0.0083333333333333,2.389945081003447,1.9103316306619391,12.582135574665422,0.0033937399691655002,7.210978652032001,0.0001228331410309,0.0001228331410309,0.0007823169012176,201.20787946254035,6.702655670699374,0.0,3.0961859969427348,0.0,0.612658142441507,0.0,0.0059746146318073,0.0001155394314195,0.0,0.0,2.5735641971804333e-05,0.0,1.7992730936701573e-05,0.0,0.0126007326007326,5.776971570977887e-05,0.0,5.776971570977887e-05,5.776971570977887e-05,2.908275282072007,0.0063239820503593,8.996365468350786e-06,0.0041827149354599,1.1233617211962352,6.141657051549773e-05,10.273767193935026,0.0,0.0,3.9659399495125567,0.39817945067378946,4.71196127830694,0.0392050155854398,227.8448665927726,0.0233856872029061,0.4924550141424103,0.0,0.0,0.002109291977205,0.0,0.8948913098703754,0.0,2.5735641971804333e-05,0.0032976360431955,0.0,4.416015232599498,0.0001155394314195,5.776971570977887e-05
FJ,0.0,1.806369721044051e-06,0.0,0.2,0.0,6.176039809361692e-06,1.5138612924590783e-06,1.5138612924590783e-06,0.0036763077741476555,0.0667032584833051,10.584222500025556,0.0,0.0,7.569306462295393e-07,1.806369721044051e-06,0.1988048115406409,6.778625518571379e-05,3.991204765202871e-05,0.0,9.49627082286482e-06,0.0,0.0,1.806369721044051e-06,0.0,3.612739442088102e-06,0.0,0.0,0.0002500614579533,0.0,0.0,0.0,0.0,0.0,7.569306462295393e-07,1.0270153953965933,0.0,3.784653231147696e-06,0.0,0.0,4.3817295522701787e-05,2.56330036727359e-06,0.0079051383399209,0.0036705961565559387,1.3865940911182462e-05,0.7380130229504978,0.002516478830041445,0.0012282515352985354,7.225478884176204e-06,1.806369721044051e-06,0.0,0.0,9.031848605220255e-06,2.167643665252861e-05,0.0268622079959791,0.0,0.0129034852330413,0.0,5.419109163132152e-06,6.417351574362569e-05,5.12660073454718e-06,2.167643665252861e-05,0.00018529506834662025,0.0,0.0,0.15877520169364823,0.001472180395525803,0.00012017097709599126,45.19308894925087,0.013130649831417,0.0,0.0746966381622004,0.0,1.1124771405726679,0.0,4.369670088317641e-06,0.0,0.0,6.207463759399667e-05,0.0,0.0,1.5138612924590783e-06,0.0,0.0,0.0,0.00016540327034333447,0.004882882872793762,0.0,7.569306462295393e-07,0.0,3.012326840057892e-05,0.0256435889413929,0.266679483168503,9.788779251449794e-06,1.0000173067665643,7.652559536234908e-05,0.0,2.8482929663925267,0.0,0.00011826574380712954,0.0006278257543814,9.031848605220255e-06,0.0001111173974189,0.0,0.0303182381914448,7.366978656649052e-05,0.6320253061698305,5.419109163132152e-06,3.612739442088102e-06,0.0,0.6666666666666666,0.0,0.0,0.0,0.9113670482434393,8.739340176635283e-06,0.0,2.1091419795358664e-05,0.0,3.612739442088102e-06,0.0,0.0,5.8754406580493536e-05,0.0,0.0,2.0626997577714095e-05,6.468548237946665e-06,7.225478884176204e-06,0.0,5.12660073454718e-06,0.0,2.56330036727359e-06,7.225478884176204e-06,0.0,0.0,0.3,1.806369721044051e-06,0.0,1.293709647589333e-05,0.0,0.0,0.0,0.0,0.0036654695558213913,1.806369721044051e-06,0.0,3.612739442088102e-06,0.0660693165097507,0.0247030856244787,2.56330036727359e-06,0.0,0.6348892653240479,1.806369721044051e-06,0.0,0.00024375696649853529,0.0,1.0000554124444951,0.09113488304194682,1.550039684316692e-05,0.0,0.0,1.3353447071383844,0.0,5.88353138077672e-06,7.833196508339312e-05,0.0,0.1219574259216202,0.007919589297689251,0.00024195059677749125,8.297241252850096e-05,0.0,0.0,6.597988546466974e-05,0.00023348203395763968,0.0,5.12660073454718e-06,3.612739442088102e-06,0.0,2.7852476461890304e-05,0.00012397736139884666,0.23146171920301747,5.8754406580493536e-05,0.6668527186656594,0.3666702794061087,3.612739442088102e-06,7.569306462295393e-07,0.1839457255946562,3.117270747539343e-05,0.0,0.002445957360699491,0.0,9.788779251449794e-06,0.0,3.612739442088102e-06,0.0,0.0,0.0,7.569306462295393e-07,0.0,0.0,0.0,0.0,0.0,0.0,0.0,0.0,1.2024462498691284,4.369670088317641e-06,0.0,1.806369721044051e-06,7.982409530405743e-06,0.0620619400411078,1.882062785667005e-05,0.0734265734265734,0.0,1.5964819060811486e-05,3.612739442088102e-06,3.027722584918157e-06,5.12660073454718e-06,0.8942278879863186,7.225478884176204e-06,0.0,0.0,0.0,6.6404620270062585e-06,0.0,8.404358267511025e-05,0.5398692810457516,0.1881886275993352,6.056077630153759e-05,0.0,0.032879897995584204,0.0,0.0
FM,0.0,0.000171998624011,0.0,0.0,0.0,0.0,0.0,0.0,0.0,0.0,0.0270165777569196,0.0,0.0,0.0,0.0,0.0,5.8754406580493536e-05,0.0,0.0,0.0,8.599931200550395e-05,0.0,0.0,0.0,0.0,0.0,0.0,0.0003755067491774,0.0,0.0,0.0,0.0,0.0,0.0,0.0003755067491774,0.0,0.0,0.0,0.0,0.0,0.0,0.0,0.0,0.0,0.0002622625317469,0.0002307530305915,0.0,0.0,0.0,0.0,0.0,0.0,0.0,0.0009000318126714,0.0,8.599931200550395e-05,0.0,0.0,5.8754406580493536e-05,0.0,8.599931200550395e-05,0.0001762632197414,0.0,0.0,0.0002895074371719,0.0027588498445948,0.0001447537185859,0.013130649831417,8.306235647412118,0.0,5.8754406580493536e-05,0.0,0.0013887827792794,0.0,0.0,0.0,0.0,0.0001447537185859,0.0,0.0,0.0,0.0,0.0,0.0,0.0001175088131609,0.0,0.0,0.0,0.0,0.0,0.0,0.0,0.0,0.0,0.0001447537185859,0.0,0.0012440290606934,0.0,0.0002035081251664,0.0019320235567375,0.0,0.0002579979360165,0.0,0.0,0.0001447537185859,0.0005832794700744,0.0,0.0,0.0,0.0,0.0,0.0,0.0,0.0005790148743439,0.0,0.0,0.0,0.0,0.0,0.0,0.0,0.0001447537185859,8.599931200550395e-05,0.0,0.0,0.0,0.0,0.0,0.0,0.0,0.0,0.0,0.0,0.0,0.1603174603174603,0.0,0.0,0.0,0.0,0.0,0.0,0.0,0.0,0.0,0.0,0.0,0.0002307530305915,0.0,0.0,0.0,0.2857142857142857,0.0,0.0,0.0005790148743439,0.0,8.599931200550395e-05,0.0002622625317469,0.0,0.0,0.0,0.065359477124183,0.0,0.0,0.0001447537185859,0.0,0.0392156862745098,0.0,0.0004930155623384,8.599931200550395e-05,0.0,0.0,5.8754406580493536e-05,0.0003482618437524,0.0888888888888888,0.0,0.0,0.0,0.0,0.0003755067491774,0.0001447537185859,0.0002307530305915,0.0001762632197414,0.0,0.0,0.0,5.8754406580493536e-05,0.0,0.0,0.0,0.0,0.0,0.0,0.0,0.0,0.0,0.0,0.0,0.0,0.0,0.0,0.0,0.0,0.0,0.0,0.0,0.0,0.0,0.0,0.0,0.0,0.0130718954248366,0.0,0.0,0.0,0.0,0.0,0.0,0.0,3.2717467818760055,0.0,0.0,0.0,0.0,0.0,0.0,0.000316752342597,0.0130718954248366,0.0130718954248366,0.0001447537185859,0.0,0.0002035081251664,0.0,0.0
FO,0.0,5.546311702717693e-05,0.0,0.0,0.0,0.0,0.0,0.0,0.0,0.0,0.000155296727676,0.0,0.0,5.546311702717693e-06,0.0,0.0,3.327787021630615e-05,0.0,0.0,5.546311702717693e-06,5.546311702717693e-06,0.0,0.0,0.0,1.1092623405435386e-05,0.0,0.0,6.65557404326123e-05,0.0,0.0,0.0,5.546311702717693e-06,0.0,0.0,4.991680532445923e-05,0.0,0.0,0.0,0.0,1.1092623405435386e-05,0.0,0.0,5.546311702717693e-06,0.0,4.437049362174154e-05,2.218524681087077e-05,0.0,0.0,0.0,0.0,0.0,0.001850138760407,0.003705823832516718,3.882418191902385e-05,0.0,3.6971651438831326,0.0,0.0,0.0,0.0,0.0018612313838124355,6.65557404326123e-05,0.0,0.0,0.0037280090793275883,0.0001053799223516,0.038182948015523195,0.0,0.0,11.51983869912622,0.01203915716585,0.0,0.0074948423405743,0.0,5.546311702717693e-06,0.0,0.0,1.6638935108153077e-05,0.0,0.0,5.546311702717693e-06,0.0,0.0,0.0,0.0037113701442194353,0.0,0.0,5.546311702717693e-06,0.0,0.0037113701442194353,0.0,0.003722462767624871,1.1092623405435386e-05,0.0,0.003700277520814,0.0,0.1074423579748038,0.0,5.546311702717693e-05,0.0005047143649473,0.0508169934640522,0.0038222963782737,0.0,0.0,1.6638935108153077e-05,4.991680532445923e-05,0.0,0.0,0.0,0.0,0.0,0.0,0.0,3.327787021630615e-05,5.546311702717693e-06,0.0,5.546311702717693e-06,0.0,0.0,0.0,0.0,1.1092623405435386e-05,0.0,0.0,0.003700277520814,0.0,0.0,5.546311702717693e-06,1.1092623405435386e-05,0.0,0.003700277520814,0.0,0.0,0.0,0.0,0.0,0.0,0.0,5.546311702717693e-06,0.0,0.0,0.0,0.003700277520814,0.0,0.0,0.0,2.7731558513588465e-05,0.0714784882338958,0.0,0.0,0.0,0.0,5.546311702717693e-06,7.210205213533001e-05,0.0,0.0083499722684414,1.5652882916893878,2.7731558513588465e-05,0.0,0.0,5.546311702717693e-06,1.1092623405435386e-05,1.1092623405435386e-05,5.546311702717693e-06,0.0,0.0,5.546311702717693e-06,9.428729894620078e-05,2.7731558513588465e-05,0.0,0.0,0.0,0.003739101702733024,0.0,0.0,2.218524681087077e-05,0.0,0.001905601877434177,1.6638935108153077e-05,0.0037501943261384592,0.0,0.0714895808573013,0.0,0.0,0.0,0.0555087557651344,5.546311702717693e-06,0.0,5.546311702717693e-06,0.0,0.0,0.0,0.0,0.0,0.0,0.0,0.0,0.0,0.0,0.0,0.0,0.0,0.0,0.0,0.0,5.546311702717693e-06,0.0,0.0,0.0,5.546311702717693e-06,0.0,2.218524681087077e-05,0.0,0.0,2.218524681087077e-05,0.0,0.0,5.546311702717693e-06,1.0560325383619893,0.0,5.546311702717693e-06,0.0,0.0,0.0,0.0,4.437049362174154e-05,0.0,0.0,5.546311702717693e-06,0.0,2.218524681087077e-05,0.0,0.0
FR,0.063847919952571,11.496667345117428,0.5000539781928102,0.0,0.0,0.06577191758887971,4.840044028234522,0.2254011173007871,46.87735460291144,117.79936671085332,215.5173157647085,0.1443223443223442,0.0,0.0544530007620746,4.056338641126263,0.0188561235904518,1.567537469369224,471.5253902511434,8.178883466722748,11.704904161220206,0.15922621070478082,0.5025542615280817,5.466994597733214,0.0043290043290043,0.0110834459854832,0.3692275180054724,0.0,149.09440781991407,0.0116959064327485,1.893806567663825,0.0,0.1016563812010636,7.529107343876959,0.0027392528148671,369.03096202271706,0.0,0.6470509595103885,0.9881593971332173,1.7766173239758145,454.5189540557177,17.50125297512817,0.0134763786937699,20.193941813393447,18.631356480555425,256.18593902111695,27.682617199373095,6.592514777539476,4.462358689754915,0.0727933514763051,0.0,0.0,2.5301127271939503,49.86934967517836,702.617774149971,1.0,86.8975641508151,0.0,0.1014016709519055,74.52978215226364,2.294325053787357,8.0994584428935,28.557717082638643,0.0,0.0,513.8545677617985,3.2955446860304685,50.711806056688516,0.0746966381622004,5.8754406580493536e-05,0.01203915716585,40899.41350384713,5.305945314919136,793.8568168392999,0.0140957357112614,0.9355791199753822,3.4452380952380954,0.0,1.6716412289284805,0.0,0.0003413357606098,1.1454227622485014,1.4256367663344407,11.048547255637292,0.0,93.91794066035143,0.09207644677188029,0.0,3.279581496698111e-05,0.7315370400748701,17.87294197982755,1.0668139731117734,30.561140510225968,6.425301807987709,55.0844268030752,74.88211968155659,0.0,123.87218162587055,0.0,0.4850927352356948,68.3606845220637,2.6350963863761083,907.0783740872453,0.010752688172043,0.0947181300747293,4.35818730560208,154.00352617743533,4.515499154488586,1.8422271108052397,2.497038803626392,0.0,0.3571428571428571,0.0691056910569105,0.0,41.24607526652513,2.985346061770928,0.023391812865497,10.038411589654103,1.6121643064179292,123.29994190483984,0.4391116130246565,0.2222222222222222,1.0720985460895076,0.0,0.0095238095238095,4.595385812678927,39.17132174840371,5.664620524736264,0.1518763868457719,98.99924010502653,23.27271213863184,1.3519910938423496,0.7973897289149399,0.0890809011776753,3.109164610243694,0.0,1.0362171630141028,6.2106436016797275,0.7440037451559032,1.096379091818818,11.549284723668851,1.2687448866925268,0.0,0.6895719259435231,1.8015664764345634,0.0,2.6372002196290234,49.97118099437841,18.59610986671261,1.1928807591346848,0.9608087965450133,3.0145576074065774,0.9017545394113132,2.695876820631253,4.336031596876952,0.0060984374551615005,341.17121259599844,78.55317602978641,0.6798289549475809,0.0,0.0,14.280013971439324,1.170439772864205,0.3564102022000414,9.911387641955628,6.042455043770834,0.0039795582663654525,1.6494969319830202,22.50518274278909,100.50828480295817,0.0,0.0,1.5794798709488034,95.3378512258895,0.0,0.7629263934004051,13.964708609419814,11.796263339179035,44.83073546859123,13.673645446262924,90.39549627054271,3.928534873967096,36.181017254032675,0.0001321574980648,0.686941869525168,3.4955144737090587,120.46892585515035,36.088328123541174,0.0,11.512428045599943,0.0,6.319104536861509,0.0222222222222222,0.0052297911758698,13.787922582432952,0.0,0.0022012780817764997,2.7249503264263413e-05,0.0,0.1748532204118561,0.0362123256860098,0.0667092461305912,0.2334276365191037,0.0,1.0850217939956144,3.643023217631713,18.77698092818754,0.0106744778591171,2.698909640505236e-05,0.0034332293010054,121.38441816096079,0.0040186479189928005,40.3286688935027,0.44775107933002656,0.0,21.507444667716168,4.68630369306238,10.323632560549676,2.960473094670416,1772.3073182164458,7.0362831530403085,0.0893145640090218,0.0,0.0,0.7344937308304504,0.0,28.001755996613525,0.0095238095238095,0.0796522627207006,0.0093527708625712,1.1635199108883318,23.078436592010245,2.2493666561469943,1.0789007563130177
GA,0.0,0.0,1.7992730936701573e-05,0.0,0.0,0.0001155394314195,0.0001155394314195,0.0001155394314195,8.996365468350786e-06,0.0001155394314195,7.197092374680629e-05,0.0,0.0,1.7992730936701573e-05,0.0,0.0,5.397819281010472e-05,0.4477345870504672,0.2286869680028481,0.0002130861319024,0.0,5.776971570977887e-05,0.16672443638237638,0.0,0.0,1.7992730936701573e-05,0.0,0.0351327011255873,0.0,0.0,0.0,5.776971570977887e-05,0.0001155394314195,0.0,0.142117470256302,0.0,0.0365369455107657,1.618239587897528,1.5904761904761906,0.1019276951120415,5.776971570977887e-05,0.0,2.698909640505236e-05,2.8025542615280816,0.8388975269575507,8.996365468350786e-06,8.996365468350786e-06,1.7992730936701573e-05,0.0,0.0,0.0,0.0222222222222222,0.0001733091471293,0.0002310788628391,0.0,0.0001155394314195,0.0,1.7992730936701573e-05,5.776971570977887e-05,2.698909640505236e-05,5.776971570977887e-05,0.0003466182942586,0.0,0.0,0.0006354668728075,0.0002310788628391,5.776971570977887e-05,0.0,0.0,0.0,5.305945314919136,39.358183714768046,0.0006932365885173,0.0,0.0001155394314195,0.0,0.0,0.0002310788628391,0.0,0.0,0.0,0.0,0.0,0.0,0.0,1.7992730936701573e-05,0.0,0.0,1.7992730936701573e-05,5.776971570977887e-05,1.7992730936701573e-05,0.0001155394314195,0.0001439418474936,5.776971570977887e-05,0.0003248340404222,0.0,0.0446783499466215,0.0,9.896002015185864e-05,0.0444984226372545,0.0,0.0353765678767945,0.0,1.7992730936701573e-05,1.7992730936701573e-05,8.996365468350786e-06,0.20813558955673278,8.996365468350786e-06,8.996365468350786e-06,0.0,0.0,0.0,0.0,1.7992730936701573e-05,0.0,0.0,8.996365468350786e-06,8.996365468350786e-06,1.7992730936701573e-05,0.0,0.0,8.996365468350786e-06,0.0,0.0,5.776971570977887e-05,0.0,0.0001155394314195,0.0001155394314195,1.4796539279436283,0.0,0.0,0.0,0.0,5.776971570977887e-05,0.0,5.776971570977887e-05,0.1112266505425306,8.996365468350786e-06,8.996365468350786e-06,0.0,0.0001155394314195,0.0,0.0,0.0,0.0,0.0001733091471293,2.698909640505236e-05,2.698909640505236e-05,0.0001733091471293,0.0,0.0,5.776971570977887e-05,0.0,0.0229732285264493,1.7992730936701573e-05,1.9581370500845092,5.776971570977887e-05,2.698909640505236e-05,0.0,0.0,1.7992730936701573e-05,0.0,1.7992730936701573e-05,8.096728921515707e-05,0.0,8.996365468350786e-06,1.7992730936701573e-05,0.0445524008300646,0.0002310788628391,0.0,0.0,0.0,0.0001155394314195,0.0,1.7992730936701573e-05,0.0,0.0,0.0001733091471293,0.0001733091471293,0.0003466182942586,5.776971570977887e-05,1.7992730936701573e-05,0.0,0.0,0.0001155394314195,0.0001155394314195,1.7992730936701573e-05,0.0,0.0001155394314195,0.0,0.0001155394314195,0.0,0.0,0.6001155394314196,0.0,0.0,0.0,0.0,1.7992730936701573e-05,0.0,0.0,5.776971570977887e-05,0.0,0.18187595153389158,0.0667244363823764,0.0001169527510885,0.0,8.996365468350786e-06,0.0,5.776971570977887e-05,0.0,7.197092374680629e-05,0.0,0.0,8.996365468350786e-06,0.0002888485785488,0.0001733091471293,0.0002310788628391,1.6608377855656982,8.996365468350786e-06,8.996365468350786e-06,0.0,0.0,1.7992730936701573e-05,0.0,2.698909640505236e-05,0.0,0.0,8.996365468350786e-06,0.0,0.2526412885365692,0.0001155394314195,0.095295864953805
GB,0.932008555692766,53.05217333910721,1.0768265570289435,0.1,0.0,1.2199503766694173,3.1332481755748995,0.5902294629056334,25.40343464973741,167.8718347194991,925.2591237706679,0.0,0.0047619047619047,1.5205774362493498,2.5539875606784337,3.2389755378592078,29.596386969043994,276.9101561865648,2.0625325166760193,17.647762877417016,10.372989266995383,0.1045893404846212,1.575909371579511,0.18051948051948039,2.5913050690579986,0.6881807419606727,0.0,244.5764110909588,0.0688405363541479,0.0,0.0,2.8244986946675645,8.116698016383157,0.0245930296219115,612.3016591993687,0.0,1.8515172253195287,0.0006932365885173,0.240266947848379,424.14106370540594,0.5514377302904796,0.0285714285714285,47.69057884291624,6.111226634812315,1033.8557664774123,23.292854634045717,0.7658511206318669,4.176126962477666,0.0728373406856168,0.0181818181818181,0.0,40.898551106272514,84.08458366613277,1112.6489314162095,0.0,298.268625067391,0.0181818181818181,0.2433371624416289,4.97171455354551,1.4698805252920275,10.216881895600276,128.2330227799725,0.0,0.0,711.9455597557089,7.762400996530895,125.99509417223001,1.1124771405726679,0.0013887827792794,0.0074948423405743,793.8568168392999,0.0006932365885173,63461.192949576274,1.3556136848413742,5.312617689033512,0.0,0.8333333333333333,30.008148808075525,0.5151515151515151,0.0013653430424394,6.445809494878137,0.2784080166383059,1.5202051763419386,0.0,323.34307093275027,0.9167433063505666,0.0,1.9406196782671414,0.07572568451724221,23.764164371948382,1.102939283785692,59.75287190744467,31.555641010914666,377.7979667071034,98.03584195139894,0.057269292006495,440.73765544288756,0.0,38.308080870531185,220.29689824175975,8.659415020866195,1211.4487655860098,0.0,5.273156664051725,54.642394123164216,254.59404254925855,21.87331016230352,1.03364261865258,1.3441939778909966,0.0,0.0,0.7529299968324358,0.0,104.4031496377822,26.366128191838712,0.0476190476190476,8.585982005399938,0.6440673312626032,22.781359441702733,0.0043290043290043,0.3846153846153846,26.079427351117168,0.000859993120055,0.0341097542590079,14.701291728039957,8.514181291926366,5.633976652950832,4.55731710553253,4.9416540734780385,0.2388265897217303,1.533670372967613,0.0285130336863003,0.0310961958245489,0.2592790951743758,0.0,2.0666741024689665,0.1784619717163042,0.4251869617032129,0.2402743693647498,0.0529120002804212,0.0044167762073377,0.0,32.65801066884953,4.494411293986499,0.0,10.186495526288725,52.48630783124315,147.7235692746126,0.664146777859299,1.6182456643808318,0.0312169312169312,0.0008033045468615,40.47600505188778,79.97203084383405,0.0239739210201393,854.2290835908545,207.771646132633,13.663353226040513,0.0,0.0,125.00066082608845,17.953044494170413,0.5377126894307623,9.846376682650536,0.20541505278347372,0.7612190674967313,4.139947492472489,120.9983727264937,155.46248303025163,0.0,0.0,3.470554871067262,176.53225562884364,0.0545454545454545,0.1830606800783927,52.58886663647884,0.4258993070912575,32.50647650826734,24.935013913146562,93.9559838804802,2.0711530423231155,175.39164616705872,0.0002201359166883,0.3283452052357271,9.006105811309126,427.8020623320794,137.24404815529743,0.0,28.67357447505791,0.0,13.693274949851446,0.3333333333333333,0.0164661287592683,1.8987577719032396,0.2,0.18559251826848341,4.920049200492005e-05,0.0,0.0701138605016744,0.0095238095238095,2.449878457040749,0.0138125433864895,0.0,0.0006932365885173,0.036407522302803,70.84490047333188,0.0283192208341266,0.0006590723955402,0.65084111652221,6.435153195425334,0.0001100679583441,103.63269588809115,7.241015767178558,0.0,86.02257946275034,13.834438339729058,14.464786264504943,30.941480903112584,3758.264384600001,2.24908919926874,0.2119719815731507,0.0,0.0,1.2670539580114855,0.4,20.773284180659964,0.0,0.1317343485151355,0.1760988995924127,0.0,112.32951912667465,10.65283695300118,6.067994512519993
GD,0.0,0.0,0.0,0.0,0.0,0.0,0.0011436366222312999,0.0,0.0,0.0011436366222312999,0.013718393720486,0.0,0.0,0.0,0.0,0.1053981106612685,0.0,0.1861372344130965,0.0,0.0,0.0,0.0,0.0,0.0,0.0,0.0,0.0,0.2687297525210684,0.0,0.0,0.0,0.0,0.0,0.0054240066232059,1.3611111111111112,0.0,0.0,0.0,0.0,0.0,0.0,0.0,0.006689829408015999,0.1944444444444444,3.1974679694482475,0.0016543618520577,0.0,0.0,0.0,0.0,0.0,0.0,0.1,0.3142857142857143,0.0,0.0,0.0,0.0,0.0,0.0022012780817764997,0.0,0.0025641025641025,0.0,0.0,0.0833333333333333,0.0,0.0,0.0,0.0,0.0,0.0140957357112614,0.0,1.3556136848413742,99.65569769594455,0.0,0.0,0.0,0.0053981106612685,0.0,0.0,0.0022012780817764997,0.0,0.0134952766531713,0.0,0.0033449147040079995,0.0,0.0,0.0,0.238095238095238,0.0,0.0,0.0,0.0,0.0022988505747126,0.0,0.0,0.2838346957933887,0.0,0.1,1.0,0.0,0.24477001202982082,0.0,0.1747638326585694,0.0,0.3439717370751853,0.1083091464769578,0.0,0.0,0.0,0.0,0.3333333333333333,0.0,0.0,0.0,0.0,0.0,0.0,0.4022988505747126,0.0,0.0,0.0,0.0,0.0,0.2,0.0,0.0,0.0,0.0,0.0,0.0,0.0,0.0,0.0,0.0,0.0,0.0,0.0,0.0,0.0,0.0,0.0,0.0,0.0,0.0,0.0032589195413217,0.0076614757048750004,0.0,0.0,0.0026990553306342,0.0,0.0,1.4285714285714284,0.1125251647214526,0.0034309098666941,0.0022012780817764997,0.0,0.0,0.0,0.0,0.0,0.0,0.0022012780817764997,0.0022988505747126,0.0,0.0,0.1,0.3218982477787462,0.0,0.0,0.0,0.0,0.0044025561635532,0.0,0.0022012780817764997,0.0,0.0,0.6022012780817765,0.0,0.0049132813933795,0.0,0.0,0.0,0.0,0.0,0.001532175689479,0.0,0.0,0.6666666666666666,0.0,0.0,0.0,0.0,0.0011436366222312999,0.0,0.0044025561635532,0.0,0.0,0.0,0.0833333333333333,0.0,0.0,0.1428571428571428,0.0,0.0,0.1666666666666666,0.0,0.0,0.0,0.0,0.0,0.0011436366222312999,0.0348098753671508,0.0,1.2360028860028858,0.0005107252298263,0.0044025561635532,0.0022012780817764997,64.79686177004038,0.0022012780817764997,0.0,0.0,0.4666666666666667,0.0022012780817764997,0.0952380952380952,0.0,0.0,0.0022012780817764997,0.0,0.0,0.0236420158049165,0.0,0.0
GE,0.0,5.983278711549456e-05,3.5985461873403146e-05,0.0,0.0,0.020998509821109,1.6259535250458907,0.0002356204467164,0.0023607119203215,0.59737702448648,0.6971850685538233,0.0,0.0,0.2557926521623088,0.0311168223464448,8.739340176635283e-06,0.0246841554032129,1.0312070808266383,0.0002310788628391,0.1079519739351263,0.0013550739770198,0.0001155394314195,0.0067865757681745,0.0,1.9831963582070668e-05,3.5985461873403146e-05,0.0,0.1307080231042488,0.0,0.0033333333333333,0.0,0.0001210857431222,0.1579031836832814,2.2707919386886176e-06,0.7665243549986707,0.0,0.0026568228286647,0.0001155394314195,0.0,0.7907720270272096,0.0001221798934465,0.0,0.0198514527173443,0.0003819194825433,1.300349977363204,8.893200387530476e-05,4.0012995167349374e-05,5.346414222667371e-05,4.369670088317641e-06,0.0,0.0,0.0021381419704946,0.315410248837568,1.7672757281173364,0.0,0.4128842380617345,0.0833333333333333,4.909447213835607e-05,0.0028277037723187,0.0095910686406736,0.0347341789373637,0.1117706516684025,0.0,0.0,0.8932093582076275,0.0504943470957558,0.0192602339368211,4.369670088317641e-06,0.0,5.546311702717693e-06,0.9355791199753822,0.0001155394314195,5.312617689033512,0.0,195.27044294962587,0.0,0.0,0.000487707914752,0.0,0.0,1.0087895580094929e-05,0.0,0.0,0.0,0.4923503588259689,4.943829971647525e-05,0.0,7.81710364140631e-06,3.5985461873403146e-05,0.0648760242958215,4.262592390040941e-05,0.4848725271636592,0.0003230954607729,0.0460018861064805,0.1980301494489324,0.0,2.5019527031498425,0.0,0.0079526151852507,5.001637967757935,2.1848350441588205e-05,3.0917559044137963,0.0,7.32136145186329e-05,0.0014395521287329,0.033595908836915406,0.0125430384478167,0.041230912796956204,1.7992730936701573e-05,0.0,0.0,0.0,0.0,0.6937326077611746,0.0013770942412505,0.0,0.3360652706111495,1.7992730936701573e-05,0.1532978842258083,0.0,0.0,0.1000290853543421,0.0,0.0,0.0554098181520416,0.0023380882600754,0.045028957819814,0.0002366251745418,0.0033011260351915,0.0,0.1395267089429246,0.0090546976246929,0.0,0.0001155394314195,0.0,0.0650789918533108,0.0002310788628391,4.840850776586547e-05,2.3539042639419264e-05,0.0,0.0002310788628391,0.0,0.0142916007990965,4.369670088317641e-06,0.0,0.0003553576344353,0.1738320092496533,0.0265021563137583,0.0003532587562856,0.0,0.0,0.0001199091015078,5.546311702717693e-06,0.0015961349248202,3.5985461873403146e-05,1.409501474037592,0.5832834575947469,0.001468293655497,0.0,0.0,0.0044186024735519,0.0027101479540397,6.262980127153966e-05,0.0002157191748935,0.0,1.7992730936701573e-05,0.0753363944224555,0.1927076728989606,1.2433635485982868,0.0,0.0,0.0013670063456704,0.08650178099118139,0.0,4.926638592741566e-05,3.092458698750605e-05,0.0,0.0565624232217309,3.1412181997917115,2.0322504826176373,0.0001155394314195,0.9280948946383432,8.739340176635283e-06,0.0033420726735099,0.0015828773200949,0.21308582268638138,0.0734654198767684,0.0,0.4562555546182602,0.0,0.0384889630040678,0.0,0.0117298453049286,0.0002310788628391,0.0,0.1666666666666666,2.2707919386886176e-06,0.0,3.5985461873403146e-05,0.0,0.0026990553306342,0.0034488727647528,0.0,0.0001155394314195,0.0001155394314195,0.0953310609573795,0.0310720702770296,0.00335132606427,0.0243842264634597,0.0183226533972323,4.369670088317641e-06,0.629426877505343,0.0033333333333333,0.0,0.2106951484073681,0.0039197698306077,1.3926296143388934,0.0038143182947682,19.1288535281317,3.547141128997214e-05,0.15799196081843758,0.0,0.0833333333333333,0.0023526585445174,0.0,0.0001595240676682,0.0,2.2707919386886176e-06,0.0489964839970924,0.0,0.674792500833878,0.0002310788628391,0.0001155394314195
GF,0.0,0.0,0.0,0.0,0.0,0.0,0.0,0.0,0.0,0.3333333333333333,0.0,0.0,0.0,0.0,0.0,0.0,0.0,0.0888888888888888,0.0,0.0,0.0,0.0,0.0,0.0,0.0,0.0,0.0,0.0,0.0,0.0,0.0,0.0,0.0,0.0,0.0,0.0,0.4,0.0,0.0,0.0,0.0,0.0,0.0,0.0,0.0,0.0,0.0,0.0,0.0,0.0,0.0,0.0,0.0,0.0,0.0,0.0,0.0,0.0,0.0,0.0,0.0,0.0,0.0,0.0,0.0,0.0,0.0,0.0,0.0,0.0,3.4452380952380954,0.0,0.0,0.0,0.0,22.141144639674053,0.0,0.0,0.0,0.0,0.0,0.0,0.1363636363636363,0.0,0.0,0.0,0.0,0.0,0.0,0.0,0.0,0.0,0.0,0.0,0.0,0.0,0.0,0.0,0.0,0.0,0.0,0.1,0.0,0.0,0.0,0.0,0.0,0.0,0.0,0.0,0.0,0.0,0.0,0.0,0.0,0.0,0.0,0.0,0.0,0.0,0.0,0.0,0.0,0.0,0.0,0.0,0.0,0.0,0.0,0.0,0.0,0.0,0.0,0.0,0.0,0.0,0.0,0.0,0.0,2.9686083524318816,0.0,0.0,0.0,0.0,0.0,0.0,0.0,0.0,0.0,0.0,0.0,0.0,0.0,0.0,0.0,0.0,0.0,0.0,0.0,0.0,0.0,0.0,0.0,0.0,0.0,0.0,0.0,0.0,0.0,0.0,0.0,0.0,0.0,0.0,0.0,0.0,0.0909090909090909,0.0,0.0,0.0,0.0,0.0,0.0,0.0,0.0,0.0,0.0,0.0,0.0,0.0,0.0,0.0,0.0,0.0,0.0,0.0,0.0,0.0,0.0,0.0,0.0,0.0,0.0,0.0,0.0,0.0,0.0,0.0,0.0,0.0,0.0,0.0,0.0,0.0,0.0,0.0,0.0,0.0,0.0666666666666666,0.0,0.0,0.0,0.0,0.0,0.0,0.0,0.0,0.0,0.0,0.0,0.0,0.0,0.0
GG,0.0,0.0,0.0,0.0,0.0,0.0,0.0,0.0,0.0,0.0,0.0,0.0,0.0,0.0,0.0,0.0,0.0,0.0,0.0,0.0,0.0,0.0,0.0,0.0,0.0,0.0,0.0,0.0,0.0,0.0,0.0,0.0,0.0,0.0,0.0,0.0,0.0,0.0,0.0,0.0,0.0,0.0,0.0,0.0,0.0,0.0,0.0,0.0,0.0,0.0,0.0,0.0,0.0,0.0,0.0,0.0,0.0,0.0,0.0,0.0,0.0,0.0,0.0,0.0,0.0,0.0,0.0,0.0,0.0,0.0,0.0,0.0,0.8333333333333333,0.0,0.0,0.0,0.8333333333333333,0.0,0.0,0.0,0.0,0.0,0.0,0.0,0.0,0.0,0.0,0.0,0.0,0.0,0.0,0.0,0.0,0.0,0.0,0.0,0.0,0.0,0.0,0.0,0.0,0.0,0.0,0.0,0.0,0.0,0.0,0.0,0.0,0.0,0.0,0.0,0.0,0.0,0.0,0.0,0.0,0.0,0.0,0.0,0.0,0.0,0.0,0.0,0.0,0.0,0.0,0.0,0.0,0.0,0.0,0.0,0.0,0.0,0.0,0.0,0.0,0.0,0.0,0.0,0.0,0.0,0.0,0.0,0.0,0.0,0.0,0.0,0.0,0.0,0.0,0.0,0.0,0.0,0.0,0.0,0.0,0.0,0.0,0.0,0.0,0.0,0.0,0.0,0.0,0.0,0.0,0.0,0.0,0.0,0.0,0.0,0.0,0.0,0.0,0.0,0.0,0.0,0.0,0.0,0.0,0.0,0.0,0.0,0.0,0.0,0.0,0.0,0.0,0.0,0.0,0.0,0.0,0.0,0.0,0.0,0.0,0.0,0.0,0.0,0.0,0.0,0.0,0.0,0.0,0.0,0.0,0.0,0.0,0.0,0.0,0.0,0.0,0.0,0.0,0.0,0.0,0.0,0.0,0.0,0.0,0.0,0.0,0.0,0.0,0.0,0.0,0.0,0.0,0.0,0.0,0.0,0.0
GH,0.0,0.0109044211830313,7.197092374680629e-05,0.0761904761904761,0.0,0.0004743892106574,0.0004666993095556,0.0014768003196566,0.072498864469774,1.3731002270589232,22.60087052590953,0.0,0.0,9.0880650793648e-05,3.3202310135031293e-06,0.0454835047613712,0.138030576896445,0.40375776896892135,3.8976916602492975,0.0794444982059231,0.00012803468551705308,0.0002310788628391,0.0608506208289636,0.0,3.991833224331241e-05,0.0131438663485834,0.1333333333333333,1.0217478828010906,0.0,0.0,0.0,0.23112178626149318,0.0004621577256782,2.2707919386886176e-06,17.090707073696905,0.0,0.0035535933972136,0.0002310788628391,0.18986726670859932,1.826439444391498,0.1458511445175434,0.0,0.0001502796435506,2.1338273444782656,26.535495401902928,0.11969964428199019,0.009878731615866594,0.00011064828620429711,0.0190509392786325,0.0363636363636363,0.0,0.0063291210269094,0.0007497182957875,7.0405628941497795,0.0,3.7574009658595293,0.0363636363636363,8.193161678731568e-05,0.2837551516732612,0.0131910338563611,0.00044099169402979995,0.3893005595941789,0.0,0.0,2.5858113322333867,2.602954874554347,1.9020013996169622,6.207463759399667e-05,0.0001447537185859,1.6638935108153077e-05,1.6716412289284805,0.0002310788628391,30.008148808075525,0.0053981106612685,0.000487707914752,0.0,0.0,922.326216493012,0.0,0.0,0.446496595651117,0.0,0.0187151687813042,0.0,0.0059243569217776,0.0094747901082796,0.0,1.890972704684169e-05,0.0318180026697785,0.0030857723859478567,7.756194669899803e-05,0.5059019901921415,0.0311722059722966,0.6611403951955903,0.0398614269261873,0.0,6.90715318743567,0.0,0.0487897558437079,1.1779501092563986,1.6601155067515648e-05,2.8002174386933194,0.0,0.1769292382869651,1.3421233875711778,3.2299969587522606,4.685952707104601,0.00013841136451343624,3.5985461873403146e-05,0.0,0.0,0.0444444444444444,0.0,5.391795882308564,5.985788144302113e-05,0.0,9.490987487134198e-05,3.5985461873403146e-05,0.2111602380487645,0.0,0.0,0.0029553051367913,0.0667526659786721,0.0018091361374943,0.0021638115898657,0.00010679557272835072,0.0004754386497322,0.0025243951193918784,0.1601918790582116,0.0,5.591022952191747e-06,1.3280924054012515e-05,0.0,0.0590609429558611,0.0,0.0002343990938526,0.0181794464107088,0.1368855572595378,0.0018617605344759,0.0,0.0014722587357792,0.0,3.9898715321364916e-05,0.0395169019081824,0.0,0.8272676490707502,0.3705337614215927,0.953882318622664,0.1252368972195853,0.13572317531469139,0.0,0.0002343990938526,1.6638935108153077e-05,10.003997279876623,0.022294193145969,3.26890810864904,1.9811274781423305,0.1171032256458141,0.0,0.0,3.248418512451218,0.0110222888592272,0.0034774314035429786,0.008944754360461,0.0,0.0147418678148145,1.2674956753866213,0.598010605088185,0.22628080374193332,0.0,0.0,7.203533063450604e-05,0.7469488196553626,0.0,0.05186796946035,1.1849841585877372,0.0,0.1192138612159645,0.011177361553826799,0.3860006080638883,0.5149058000637091,2.4796291368517225,6.6404620270062585e-06,0.0532533937087802,0.432916421866097,1.7522601656194488,0.1427467620626912,0.0,0.145856690714103,0.0,0.0004810296726844,0.9730158730158731,6.6404620270062585e-06,0.4861771481518417,0.0,0.0,2.2707919386886176e-06,0.0,0.0113563261034507,0.0,0.0,0.0020402150003334,0.0,0.0035924234006542,0.5978501264818867,0.038799581518308104,8.911253965694876e-06,3.5985461873403146e-05,3.3202310135031293e-06,1.2023400598260243,3.3202310135031293e-06,0.029150289365925876,0.049842555105713,0.0,0.0676868361236531,0.7137907562688861,0.5007023197562721,1.7511491396190095,80.71657577246165,0.019775019935210303,0.020565444909802,0.0,0.0222222222222222,0.0223099167757507,0.0,0.1940642547600308,0.0,2.2707919386886176e-06,0.00020069834658095937,0.0,35.16774101201112,0.4321251245404087,0.63218087560592
GI,0.0,0.0,0.0,0.0,0.0,0.0,0.0,0.0,0.0,0.0,0.0,0.0,0.0,0.0,0.0,0.0,0.0,0.0,0.0,0.0,0.0,0.0,0.0,0.0,0.0,0.0,0.0,0.0,0.0,0.0,0.0,0.0,0.0,0.0,0.0,0.0,0.0,0.0,0.0,0.0303030303030303,0.0,0.0,0.0,0.0,0.0454545454545454,0.0,0.0,0.0,0.0,0.0,0.0,0.0,0.6666666666666666,0.0151515151515151,0.0,0.0,0.0,0.0,0.0,0.0,0.0,0.0,0.0,0.0,0.8484848484848484,0.0,0.0,0.0,0.0,0.0,0.0,0.0,0.5151515151515151,0.0,0.0,0.0,0.0,0.0,9.015151515151516,0.0,0.0,0.0,0.0,0.0,0.0,0.0,0.0,0.0,0.0,0.0,0.0,0.0,0.0,0.0,0.0,0.0,0.0,0.0,0.0,0.0,0.0,0.0,0.0,0.0,0.0,0.0,0.0,0.0,0.0,0.0,0.0,0.0,0.0,0.0,0.0,0.0,0.0,0.0,0.0,0.0,0.0,0.0,0.0,0.0,0.0,0.0,0.0,0.0,0.0,0.0,0.0,0.0,0.0,0.0,0.0,0.0,0.0,0.0,0.0,0.0,0.0,0.0,0.0,0.0,0.0,0.0,0.0,0.0,0.0,0.0,0.0,0.0,0.0,0.0,0.0,0.0,0.0,0.0,0.0,0.0,0.0,0.0,0.0,0.0,0.0,0.0,0.0,0.0,0.0,0.0,0.0,0.0,0.0,0.0,0.0,0.0,0.0,0.0,0.0,0.0,0.0,0.0,0.0,0.0,0.0,0.0,0.0,0.0,0.0,0.0,0.0,0.0,0.0,0.0,0.0,0.0,0.0,0.0,0.0,0.0,0.0,0.0,0.0,0.0,0.0,0.0,0.0,0.0,0.0,0.0,0.0,0.0,0.0,0.0,0.0,0.0,0.0,0.0,0.0606060606060606,0.0,0.0,0.0,0.0,0.0,0.0,0.0,0.0,0.0,0.0,0.0,0.0,0.0,0.0
GL,0.0,0.0,0.0,0.0,0.0,0.0,0.0,0.0,0.0003413357606098,0.025,0.0005688929343497,0.0,0.0,0.0,0.0,0.0,0.0,0.0,0.0,0.0,0.0,0.0,0.0,0.0,0.0,0.0,0.0,0.0,0.0,0.0,0.0,0.0,0.0,0.0,0.0897741495050631,0.0,0.0,0.0,0.0,0.0002275571737399,0.0,0.0,0.0,0.0,0.0,0.0,0.0,0.0,0.0,0.0,0.0,0.0,0.0,0.0004551143474798,0.0,10.884199134199134,0.0,0.0,0.0,0.0,0.0,0.0,0.0,0.0,0.0001137785868699,0.0,0.0,0.0,0.0,0.0,0.0003413357606098,0.0,0.0013653430424394,0.0,0.0,0.0,0.0,0.0,0.0,17.842308341776427,0.0,0.0,0.0,0.0,0.0,0.0,0.0,0.0,0.0,0.0,0.0,0.0,0.0,0.0001137785868699,0.0,0.0,0.0001137785868699,0.0,0.0,0.0,0.0,0.0,0.0,0.0,0.0,0.0001137785868699,0.0,0.0,0.0,0.0,0.0,0.0,0.0,0.0,0.0,0.0,0.0,0.0,0.0,0.0,0.0,0.0,0.0,0.0,0.0,0.0,0.0,0.0,0.0,0.0,0.0,0.0,0.0,0.0,0.0,0.0,0.0,0.0,0.0,0.0,0.0,0.0,0.0,0.0,0.0,0.0,0.0,0.0,0.0,0.0,0.0,0.0,0.0,0.0,0.0,0.1227272727272727,0.0556693341424254,0.0,0.0,0.0,0.0007964501080896,0.0,0.0,0.0,0.0,0.0,1.0,0.0,0.3334471119202033,0.0,0.0,0.0,0.0,0.0,0.0,0.0,0.0,0.0,0.0,0.0,0.0,0.0,0.0,0.0,0.0,0.0714285714285714,0.0,0.0,0.0,0.0,0.0,0.0,0.0,0.0,0.0,0.0,0.0,0.0,0.0,0.0,0.0,0.0,0.0,0.0,0.0,0.0,0.0,0.0,0.0,0.0,0.0,0.0,0.0,0.0,0.0,0.0,0.0,0.0,0.038503621951682,0.0,0.0,0.0,0.0,0.0,0.0,0.0,0.0,0.0,0.0,0.0,0.0003413357606098,0.0,0.0
GM,0.0,5.6976978319636e-05,0.0,0.0,0.0,6.055445169836314e-06,0.0005748460337005,3.027722584918157e-06,1.6652474217049864e-05,0.0006051232595497,0.2567751471810771,0.0,0.0,7.060172995176771e-06,1.5138612924590783e-06,3.027722584918157e-06,0.2049901267528238,3.784653231147696e-05,0.0,1.614334074993124e-05,5.546311702717693e-06,0.0,1.5138612924590783e-06,0.0,1.4120345990353542e-05,0.0,0.0,0.0029683303431838996,0.0,0.0,0.0,5.546311702717693e-06,0.0,0.0027135171728953,0.0569345524648678,0.0,0.0030844923833853,0.0,0.2930672268907562,0.2197635757152066,0.0104328919759785,0.0,0.0033640857673427997,0.0092459078436938,0.0011988990758843002,0.0008720740922266001,9.08316775475447e-06,6.055445169836314e-06,1.5138612924590783e-06,0.0,0.0,7.569306462295392e-06,2.3712647212226635e-05,0.9342705350146603,0.0,8.67856880283893e-05,0.0,4.541583877377235e-06,4.541583877377235e-06,0.0011066944860581,2.925895891494433e-05,0.006227971200741,0.0,0.0,0.3001200770973535,0.0431038883237252,5.701759564632636e-05,1.5138612924590783e-06,0.0,5.546311702717693e-06,1.1454227622485014,0.0,6.445809494878137,0.0022012780817764997,1.0087895580094929e-05,0.0,0.0,0.446496595651117,0.0,0.0,27.85772499428136,0.0,0.0,0.0,0.0017289658141831001,7.569306462295392e-06,0.0,7.060172995176771e-06,0.0,3.9855987962157874e-05,3.027722584918157e-06,3.732385973546156e-05,0.3144932648911149,1.3624751632131706e-05,1.6652474217049864e-05,0.0,0.2864317359324582,0.0,5.6976978319636e-05,0.0006439896038535,7.569306462295392e-06,0.1622941437684863,0.0,1.3624751632131706e-05,3.1777548032743864e-05,0.1099703039212835,0.0106593998830128,3.027722584918157e-06,0.0,0.0,0.0,0.0,0.0,4.9930344433356014e-05,1.4629479457472165e-05,0.0,2.6740369797144788e-05,0.0,3.027722584918157e-06,0.0,0.0,1.1092623405435386e-05,0.3,0.0036182722749886,1.816633550950894e-05,4.541583877377235e-06,6.055445169836314e-06,5.546311702717693e-06,0.0030940711454983,0.0,3.027722584918157e-06,6.055445169836314e-06,0.0,0.0,0.0,1.5138612924590783e-06,0.0073529411764705,9.08316775475447e-06,0.0036238185866914,0.0,0.0,0.0,7.569306462295392e-06,0.007354455037763,0.0,0.0052507597682344,0.003881177330338,8.322175375855895e-05,0.0036212999975736,0.0036182722749886,0.0,1.5138612924590783e-06,5.546311702717693e-06,2.9697965053557054,0.0017154549333469999,0.0399221843440237,6.457336299972496e-05,3.984244885326109e-05,0.0,0.0,2.219878591976756e-05,1.1092623405435386e-05,0.001119300970756,2.3712647212226635e-05,0.0,0.0,0.003635929477031,0.7734247178685189,0.0001034246231365,0.0,0.0,6.055445169836314e-06,0.0022915735476390997,0.0,0.0011066944860581,2.5212969395788927e-05,0.0,0.0011803239385947,2.1180518985530316e-05,0.0303115847830562,0.0,0.1778478703742624,3.027722584918157e-06,0.0073559688990555,1.5138612924590783e-06,0.5008210824456263,3.4309676259440183e-05,0.0,1.3115618165013083e-05,0.0,9.08316775475447e-06,0.0,3.027722584918157e-06,0.1352187805442847,0.0,0.0022012780817764997,1.5138612924590783e-06,0.0,0.0,0.0,0.0,0.0036182722749886,0.0,0.1818181818181818,0.0,1.1601756872554009e-05,4.541583877377235e-06,0.0,1.5138612924590783e-06,1.3115618165013083e-05,1.5138612924590783e-06,0.0006106560321435,0.0,0.0,0.1000373238597354,0.0074949348874754,0.0022073335269463,0.0629972668048237,2.211943579195489,0.0011066944860581,5.546311702717693e-06,0.0,0.0,0.001109722208643,0.0,0.0036838368267048,0.0,0.0011021529021806998,7.060172995176771e-06,0.0,1.8484624054109235,0.0,0.0147058823529411
GN,0.0,0.0,0.0,0.0,0.0,0.0,0.0,0.0166666666666666,0.0,0.0,0.0913279132791328,0.0,0.0,0.0,0.0,0.0,0.0,0.0465116279069767,1.173015873015873,0.0,0.0,0.0,0.3929292929292929,0.0,0.0,0.0,0.0,0.0024390243902439,0.0,0.0,0.0,0.0,0.0,0.0,0.1818181818181818,0.0,0.0024390243902439,0.0,0.0555555555555555,0.0116279069767441,0.5222222222222221,0.0,0.0012195121951219,1.163003663003663,2.2220390720390713,0.0012195121951219,0.0,0.0,0.0,0.0,0.0,0.0,0.0,0.0930232558139534,0.0,0.0,0.0,0.0,0.0,0.0,0.0,0.0,0.0,0.0,0.0,0.0012195121951219,0.0,0.0,0.0,0.0,1.4256367663344407,0.0,0.2784080166383059,0.0,0.0,0.0,0.0,0.0,0.0,0.0,0.0,46.536114923395125,0.0,0.0,0.0,0.0,0.0,0.0,0.0,0.0,0.0,0.0,0.0,0.0012195121951219,0.0012195121951219,0.0,0.0,0.0,0.0,0.0,0.0,0.0,0.0,0.0,0.0,0.0,0.0048780487804878,0.0,0.0,0.0,0.0,0.0,0.0,0.0,0.0,0.0,0.0,0.0,0.0,0.0,0.0,0.0,0.0222222222222222,0.0,0.0,0.0,0.0,0.0,0.0,0.0,0.0,0.0,0.0,0.0,0.0,0.0,0.2333333333333333,0.0,0.0,0.0,0.0,0.0,0.0012195121951219,0.0141025641025641,0.0,0.0012195121951219,0.0,0.0,0.0,0.0,0.0,0.0166666666666666,0.0,0.0234417344173441,0.0012195121951219,0.0,0.0,0.0,0.0,0.0,0.0012195121951219,0.0,0.0,0.0,0.0,0.0,0.0,0.0012195121951219,0.0,0.0,0.0,0.0,0.0,0.0,0.0,0.0,0.0,0.0,0.0,0.0,0.0,0.0,0.0,0.0,0.0,0.0,0.0,0.0,0.0,0.0,0.0012195121951219,0.0,0.0,1.6085081585081582,0.0,0.0,0.0,0.0,0.0,0.0,0.0,0.0,0.0,0.2,0.0,0.0,0.0,0.0,0.0,0.0,0.0,0.0,0.0,0.0,0.0012195121951219,0.0777777777777777,0.0,0.0024390243902439,0.0287367104440275,0.0,0.0,0.0,0.0,0.0,0.0,0.0,0.0,0.0,0.0,0.0,0.4297909407665504,0.0,0.0222222222222222
GP,0.0,0.0,0.0,0.0,0.0,0.0,0.0,0.0,0.0,0.0439560439560439,0.0,0.0,0.0,0.0,0.0,0.0134952766531713,0.0,0.0989010989010989,0.0,0.0,0.0,0.0,0.0,0.0,0.0,0.0,0.0,0.7727272727272727,0.0,0.0,0.0,0.0,0.0,0.0,0.0193728012036018,0.0,0.1666666666666666,0.0,0.0,0.0,0.0,0.0,0.0,0.0,0.0,0.0,0.0,0.0894105894105894,0.0,0.0,0.0,0.0,0.0333333333333333,0.0,0.0,0.0357142857142857,0.0,0.0,0.0,0.0,0.0,0.0,0.0,0.0,1.0552099946836786,0.0,0.1804653679653679,0.0,0.0,0.0,11.048547255637292,0.0,1.5202051763419386,0.0134952766531713,0.0,0.1363636363636363,0.0,0.0187151687813042,0.0,0.0,0.0,0.0,36.81769320864788,0.0,0.0727272727272727,0.0,0.0,0.0,0.0,0.0,0.0,0.2967032967032967,0.0,0.0,0.0,0.0,0.0,0.0,0.0,0.0,0.0,0.1698412698412698,0.0,0.020242914979757,0.0666666666666666,0.0,0.0269905533063427,0.0,0.0,0.0,0.0,0.0,0.0,0.0,0.0,0.0,0.0,0.0,0.0,0.0,0.0,0.0,0.0,0.0,0.0,0.0,0.0,0.0,0.0989010989010989,0.0,0.0,0.0,0.0,0.0,0.0,0.0,0.0,0.0,0.0,2.180943938389381,0.0,0.0,0.0,0.0,0.0,0.0,0.0683760683760683,0.0,0.0,0.0067476383265856,0.0,0.0,0.0,0.0700839451954527,0.0,0.0,0.0,0.0,0.0,0.0,0.0,0.0,0.0,0.0,0.0,0.0,0.0,0.0,0.0,0.0,0.0,0.0,0.0,0.0,0.0,0.0,0.0,0.0,0.0,0.0,0.0,0.0,0.0,0.0,0.0,0.069047619047619,0.0,0.0,0.0,0.0,0.0,0.0,0.0,0.0011589164131537,0.0,0.0,0.0,0.0,0.0,0.0,0.0,0.0,0.0,0.0,0.0,0.0,0.0,0.0,0.0,0.0,0.0,0.0,0.0134952766531713,0.0,0.0,0.0,0.0,0.0016243902859916,0.846524916496309,0.0,0.0,0.0,0.0,0.0,0.0,0.0,0.0,0.0,0.0,0.0,0.0,0.0,0.0
GQ,0.0,0.0,0.0,0.0,0.0,0.0,0.0,0.0,0.0,0.0,0.0,0.0,0.0,0.0,0.0,0.0,0.0,0.0,0.0,0.0,0.0,0.0,0.0,0.0,0.0,0.0,0.0,0.0,0.0,0.0,0.0,0.0,0.0,0.0,0.0,0.0,0.0,0.0,0.0,0.0,0.0,0.0,0.0,0.0,0.0,0.0,0.0,0.0,0.0,0.0,0.0,0.0,0.0,0.0,0.0,0.0,0.0,0.0,0.0,0.0,0.0,0.0,0.0,0.0,0.0,0.0,0.0,0.0,0.0,0.0,0.0,0.0,0.0,0.0,0.0,0.0,0.0,0.0,0.0,0.0,0.0,0.0,0.0,0.6403162055335969,0.0,0.0,0.0,0.0,0.0,0.0,0.0,0.0,0.0,0.0,0.0,0.0,0.0355731225296442,0.0,0.0,0.0,0.0,0.0,0.0,0.0,0.0,0.0,0.0,0.0,0.0,0.0,0.0,0.0,0.0,0.0,0.0,0.0,0.0,0.0,0.0,0.0,0.0,0.0,0.0,0.0,0.0,0.0,0.0,0.0,0.0,0.0,0.0,0.0,0.0,0.0,0.0,0.0,0.0,0.0,0.0,0.0,0.0,0.0,0.0,0.0,0.0,0.0,0.0,0.0,0.0,0.0,0.0,0.0,0.0,0.0,0.0,0.0,0.0,0.0,0.0,0.0,0.0,0.0,0.0,0.0,0.0,0.0,0.0,0.0,0.0,0.0,0.0,0.0,0.0,0.0,0.0,0.0,0.0,0.0,0.0,0.0,0.0,0.0,0.0,0.0,0.0,0.0,0.0,0.0,0.0,0.0,0.0,0.0,0.0,0.0,0.0,0.0,0.0,0.0,0.0,0.0,0.0,0.0,0.0,0.0,0.0,0.0,0.0,0.0,0.0,0.0,0.0,0.0,0.0,0.0,0.0,0.1422924901185771,0.0,0.0,0.3201581027667984,0.0,0.0,0.0,0.0,0.0,0.0,0.0,0.0,0.0,0.0,0.0,0.0,0.0,0.0
GR,0.0151515151515151,2.8734491192215996,0.0,0.0,0.0,1.2778904875469608,0.1910610210793936,4.541583877377235e-05,1.9101167336187446,20.367948755857665,19.419238051908955,0.0,0.0,0.395036028843881,0.2945470258887447,9.578891436486892e-05,1.5059090643838569,35.31481103328515,0.0,10.972829315232941,2.1251198766826705e-05,0.0,5.8053032543825776e-05,0.0,0.0001179741611757,0.0476190476190476,0.0,8.75818433124397,0.0,0.0,0.0,0.0015295468247094354,1.414163923436297,0.0043890730830476,17.700569214112328,0.0,0.0001135395969344,0.0,0.0,64.0813649943185,7.060237656932063e-05,0.0,1.1978004513272649,0.1223453272288357,28.448213583739257,0.7794022905052402,0.2086446704687883,0.0108241696613012,4.789445718243446e-05,0.0,0.0,92.01276199839718,14.256639581245247,193.13790306997208,0.0,15.611308590194183,0.0,0.00021670212925483555,0.3312808829073467,0.10996672708930061,1.7162334493130194,10.47993693962483,0.0,0.0,76.59086366699779,0.0044443893690352,11.390525329010318,0.00016540327034333447,0.0001175088131609,0.0037113701442194353,93.91794066035143,0.0,323.34307093275027,0.0033449147040079995,0.4923503588259689,0.0,0.0,0.0059243569217776,0.0,0.0,0.0017289658141831001,0.0,0.0727272727272727,0.0,8903.965259432618,0.0013921833622158,0.0,3.380054279232156e-05,0.0011074197120708,2.363636807277087,7.060237656932063e-05,7.90305636507583,0.022405992506252997,8.443690650409774,21.52769452179885,0.1071428571428571,14.554573851975944,0.0,0.0014914590845995,13.105279032264665,0.1748241995688948,187.86639142427669,0.0,0.0004877837865620369,1.6331266841641938,15.514305008464625,0.0092997543842906,0.0497838139296787,0.0,0.0,0.0,0.0,0.0,4.8978789143506045,0.09974664656217609,0.0,0.9117386330110386,0.0,14.582296032487102,0.0,0.0,1.019847899715876,0.0,0.0,1.2384610363602264,2.6506117470587194,1.1217067630051463,0.4003947339251907,0.1640741777407222,0.0083333333333333,0.0127354833378319,0.3020308725399734,0.0020770895770895,0.0,0.0,1.65113160482785,0.0,0.0003377398186857,0.0057834503469826,0.0577688651218063,0.0,0.0,2.509383161281141,4.789445718243446e-05,0.0,0.0022970669961414,1.2302267686769897,1.9578565496734741,0.0011780220886401206,0.0015082956259426,0.0,4.789445718243446e-05,1.2243838524800363,1.125799298002371,0.0034309098666941,52.7965661774044,11.288384844686902,0.008639395821284993,0.0,0.0,1.1014462287618,0.2651136017082722,0.2686495346063289,0.1206102918487619,0.0148692810457516,0.0,0.2602777099754126,3.0557860908618673,24.536717266842707,0.0,0.0,0.0003090866418906,18.464117046785304,0.0,0.011287595996387699,2.706919793730279,0.0560524746571258,27.770743199915614,18.520399059059773,11.768326722862309,0.0001797559342315505,12.211331763944965,9.578891436486892e-05,9.578891436486892e-05,0.408184651375448,56.49283191389317,3.2878399094934694,0.0,2.824571829579419,0.0,1.8448889420661738,0.0,0.0020691566772063,0.013669759924216702,0.0,0.0033449147040079995,2.2707919386886177e-05,0.0,7.301875770753553e-05,0.0,0.0033613445378151,0.0015082956259426,0.0,0.0,0.0,1.584116022793004,0.0027184310126333,0.0,0.0164993766981383,0.5563100344561781,4.789445718243446e-05,31.979652107120387,0.0,0.0,2.934801495313314,0.33393984747752453,4.064264777403788,0.3624922739612701,362.98502654890746,0.1692426727430802,0.0006376590394455,0.0,0.0,0.0177606214320546,0.0,0.3683932595345657,0.0,0.0016951652713908,0.0024753464684613997,0.0,3.468323293937236,0.0,0.1333333333333333
GT,0.0,2.1060482907636772e-05,3.5985461873403146e-05,0.0,0.0,7.049878262411203e-05,4.355476833569854e-05,4.355476833569854e-05,0.7992494336410487,0.0268119566149631,0.038681703745416005,0.0,0.0,3.977011510455085e-05,3.728687350931133e-05,9.668184611924416e-06,0.003209049924073,0.0175840606381973,0.0151875006133885,0.00013158135319739332,0.0,1.7992730936701573e-05,2.282682324266378e-05,0.0,9.668184611924416e-06,0.0737451230313563,0.0,9.341449336002954,0.0,0.0,0.0,1.7992730936701573e-05,3.5985461873403146e-05,3.784653231147696e-06,2.482303842823274,0.0,7.29014589658432e-05,1.7992730936701573e-05,0.0,0.4694525520680307,0.0454811569310192,0.0,0.8834254766522792,0.0002045700193818,1.2292979480918642,0.5991090168425965,0.485976988348369,0.0300113270790935,4.834092305962208e-06,0.2045454545454545,0.0,2.417046152981104e-05,0.0155729138306784,0.11283987926011341,0.0,0.0602239900143121,0.0,0.6535317070908865,4.872139845626276e-05,0.43949323292770603,7.600183860824808e-05,0.004870685383650298,0.0,0.0,0.7359329477118173,8.437432251506389e-05,0.0001823518693394,0.004882882872793762,0.0,0.0,0.09207644677188029,1.7992730936701573e-05,0.9167433063505666,0.0,4.943829971647525e-05,0.0,0.0,0.0094747901082796,0.0,0.0,7.569306462295392e-06,0.0,0.0,0.0,0.0013921833622158,98.07230511037278,0.0,3.784653231147696e-06,1.0679106945586097,0.00013809550965404913,0.0985265728726784,0.2931322096120668,0.0033618193876932996,0.0016614088458766474,0.0002130107156462,0.0,0.33050725784396606,0.0,0.0002017046935348,0.0006507460249815,2.417046152981104e-05,1.4896490266505114,0.0,7.844285355224851e-05,0.0182722277141691,0.21484612632559058,5.048773879128977e-05,2.766091554862599e-05,1.7992730936701573e-05,0.0,0.0,0.0,0.0,0.054638978216675904,2.6905675686144223e-05,0.0,8.147226692091443e-05,1.7992730936701573e-05,0.0081408917417234,0.0,0.0,0.0081132308261747,0.0,0.0,0.00010740518073678268,1.5551715992701137e-05,0.0079639823713367,0.0008875747403643,0.008540855310943675,0.0,8.618745537109903e-06,1.933636922384883e-05,0.0,1.7992730936701573e-05,0.0,2.282682324266378e-05,0.002334836036586,4.909616292210384e-05,0.0588415221427014,0.0,3.5985461873403146e-05,0.0,0.020504171141217782,4.834092305962208e-06,0.0,0.002709149022924629,2.5067686056106666,0.0290797284444972,0.0011700166504180147,0.0,0.0,2.282682324266378e-05,0.0,0.0629383061297402,0.5886934692540882,0.047981211810657794,0.0002009770482338237,9.37003703326169e-05,0.0,0.0,0.0172144256052867,0.0,0.5930435130844548,0.5681343736519935,0.0,1.7992730936701573e-05,0.0710421218442732,0.0156673023881651,0.0094359944520432,0.0,0.0,0.0003386823486579,0.0119997013543347,0.0,0.1185143296506417,0.003086591261535,0.0,0.0120046709599975,0.006083501881640973,0.0087999117650664,0.0010750751833679,0.0751472262561105,9.668184611924416e-06,9.668184611924416e-06,3.977011510455085e-05,0.004268712375383949,0.1438835364270378,0.0,0.009830380996830786,0.0,0.0001450725296427347,0.0,9.668184611924416e-06,0.0010930679143046,0.0,0.0,3.784653231147696e-06,0.0,0.5592621123853473,0.0,0.0001064486598113,1.7992730936701573e-05,0.0,1.7992730936701573e-05,1.7992730936701573e-05,0.0101066977759865,1.3452837843072112e-05,1.7992730936701573e-05,4.834092305962208e-06,0.0078239191832559,4.834092305962208e-06,0.0089446992316361,0.0,0.0,0.5227416155823075,9.963183929543228e-05,0.00010156958693804462,0.1322952376796738,39.05795312417842,0.6280224438835356,1.7992730936701573e-05,0.0,0.0,0.6070972938136356,0.0,0.00013788187569517457,0.0,3.784653231147696e-06,2.282682324266378e-05,0.0,0.1443160713951626,0.0031129085387964,0.0151695078824518
GW,0.0,0.0,0.0,0.0,0.0,0.0,0.0,0.0303030303030303,0.0,0.0,0.0,0.0,0.0,0.0,0.0,0.0,0.0,0.0,0.0,0.0,0.0,0.0,0.0,0.0,0.0,0.0,0.0,0.0909090909090909,0.0,0.0,0.0,0.0,0.0,0.0,0.0476190476190476,0.0,0.0,0.0,0.0,0.0,0.0,0.0,0.0,0.0,0.0303030303030303,0.0,0.0,0.0,0.0303030303030303,0.0,0.0,0.0,0.0,0.0952380952380952,0.0,0.8571428571428571,0.0,0.0,0.0,0.0,0.0,0.0,0.0,0.0,0.1158730158730158,0.0,0.0,0.0,0.0,0.0,0.0,0.0,0.0,0.0,0.0,0.0,0.0,0.0,0.0,0.0,0.0,0.0,0.0,0.0,0.0,0.0,3.069047619047619,0.0,0.0,0.0,0.0,0.0,0.0,0.0,0.0,0.0,0.0,0.0,0.0,0.0,0.5333333333333333,0.0,0.0,0.0,0.0,0.0,0.0,0.0,0.0,0.0,0.0,0.0,0.0,0.0,0.0,0.0,0.0,0.0,0.0,0.0,0.0,0.0,0.0,0.0,0.0,0.0,0.0,0.0,0.0,0.0,0.0,0.0,0.0,0.0,0.0,0.0,0.0,0.0,0.0,0.0,0.0,0.0,0.0,0.0,0.0,0.0,0.0,0.0,0.0303030303030303,0.0,0.0,0.0,0.0,0.0,0.0,0.0476190476190476,0.0,0.0,0.0,0.0,0.0,0.0,0.0,0.0,0.0,0.0,0.0,0.0,0.0,0.0,0.0,0.0,0.8250360750360751,0.0,0.0,0.0,0.0,0.0,0.0,0.0,0.0,0.0,0.0,0.0,0.0,0.0,0.0,0.0,0.0,0.0,0.0,0.0,0.0,0.0,0.0,0.0,0.0,0.0303030303030303,0.0,0.0,0.0,0.0,0.0,0.0,0.0,0.0,0.0,0.0,0.0,0.0,0.0,0.0,0.0,0.0,0.0,0.0,0.0,0.0,0.0476190476190476,0.0,0.0,0.0,0.0,0.0,0.0,0.0,0.0,0.0,0.0,0.0,0.0476190476190476,0.0,0.0
GY,0.0,0.4048181248095782,0.0,0.0,0.0,3.027722584918157e-06,1.5138612924590783e-06,1.5138612924590783e-06,8.326237108524932e-06,1.6652474217049864e-05,0.000174976924478,0.0,0.0,6.303242348947232e-06,7.569306462295393e-07,1.5138612924590783e-06,3.706252344745385e-05,1.892326615573848e-05,0.0,1.0844826226324469e-05,5.546311702717693e-06,0.0,7.569306462295393e-07,0.0,1.2606484697894464e-05,0.0,0.0,0.0001308948453621,0.0,0.0,0.0,5.546311702717693e-06,0.0,7.569306462295393e-07,6.732621018773863e-05,0.0,3.784653231147696e-06,0.0,0.0,0.0072771496318016,1.5138612924590783e-06,0.0,1.2358687518783543e-05,7.569306462295392e-06,0.9921563061184724,3.353920650431386e-05,4.541583877377235e-06,3.027722584918157e-06,7.569306462295393e-07,0.0,0.0,3.784653231147696e-06,0.047633677098505,7.742764487673036e-05,0.0,4.8939155716912346e-05,0.0151515151515151,2.2707919386886176e-06,2.2707919386886176e-06,3.027722584918157e-06,2.017579116018985e-05,7.034039366376e-05,0.0,0.0,7.390432793359035e-05,0.0290931579606671,3.1281953674522024e-05,7.569306462295393e-07,0.0,5.546311702717693e-06,3.279581496698111e-05,0.0,1.9406196782671414,0.0,7.81710364140631e-06,0.0,0.0,1.890972704684169e-05,0.0,0.0,7.060172995176771e-06,0.0,0.0,0.0,3.380054279232156e-05,3.784653231147696e-06,0.0,11.627125087106434,0.0,1.0000254743056838,1.5138612924590783e-06,2.9754553273166163e-05,1.563420728281262e-05,6.812375816065853e-06,8.326237108524932e-06,0.0,1.201306667898796,0.0,5.622004767340646e-05,0.0005743519844004,3.784653231147696e-06,0.0001712193494647,0.0,6.812375816065853e-06,2.420824157044847e-05,6.505541824905001e-05,2.2707919386886176e-06,1.5138612924590783e-06,0.0,0.0,0.0,0.0303030303030303,0.0,4.160410732483109e-05,1.0087895580094929e-05,0.0,1.614334074993124e-05,0.0,1.5138612924590783e-06,0.0,0.0,0.0145038462465938,0.0,0.0,9.08316775475447e-06,2.2707919386886176e-06,3.027722584918157e-06,5.546311702717693e-06,1.4120345990353542e-05,0.0,1.5138612924590783e-06,3.027722584918157e-06,0.0,0.0,0.0,7.569306462295393e-07,0.0,4.541583877377235e-06,5.546311702717693e-06,0.0,0.0,0.0,3.784653231147696e-06,0.3333340902639795,0.0,1.5138612924590783e-06,3.908551820703155e-05,6.65692795415091e-05,1.5138612924590783e-06,0.0,0.0,7.569306462295393e-07,5.546311702717693e-06,0.4940160375754066,0.0,4.161764643372787e-05,4.337930490529787e-05,3.3787003683424774e-05,0.0,0.0,1.3872548811242625e-05,1.1092623405435386e-05,1.4877276636583082e-05,1.4629479457472165e-05,0.0,0.0,0.0151631169083877,0.0509638728179782,6.557809082506542e-05,0.0,0.0,3.027722584918157e-06,6.455982389082818e-05,0.0,3.027722584918157e-06,0.0476427467271509,0.0,6.757400736684955e-05,1.890972704684169e-05,6.354155695659093e-05,0.0217391304347826,0.4762560272030834,1.5138612924590783e-06,1.5138612924590783e-06,7.569306462295393e-07,3.3043612146092024e-05,1.9927993981078937e-05,0.0,9.330964933865387e-06,0.0,4.541583877377235e-06,0.0,1.5138612924590783e-06,0.0217391304347826,0.0,0.0,7.569306462295393e-07,0.0,0.0,0.0,0.0,0.0,0.0,0.0,0.0,8.57403428763585e-06,2.2707919386886176e-06,0.0,7.569306462295393e-07,9.330964933865387e-06,7.569306462295393e-07,3.0511483919395705e-05,0.0,0.0,2.9754553273166163e-05,1.5138612924590783e-06,0.0151545428741,0.0289940812806644,1.3652062960622993,3.027722584918157e-06,5.546311702717693e-06,0.0,0.0,4.541583877377235e-06,0.0,5.496752266895509e-05,0.0,7.569306462295393e-07,6.303242348947232e-06,0.0,0.0555875809007674,0.0,0.0
HN,0.0,0.0095238095238095,3.5985461873403146e-05,0.0,0.0,3.5985461873403146e-05,3.5985461873403146e-05,3.5985461873403146e-05,0.7152852550075213,0.0095597949856829,0.010775171083373999,0.0,0.0,3.5985461873403146e-05,0.0,0.0,0.005371114280357,3.5985461873403146e-05,3.5985461873403146e-05,0.20003598546187343,0.0,1.7992730936701573e-05,1.7992730936701573e-05,0.0,0.0,0.0798182609591885,0.0,0.3364646657888173,0.0,0.0,0.0,1.7992730936701573e-05,3.5985461873403146e-05,0.0,0.0181787744564382,0.0,5.397819281010472e-05,1.7992730936701573e-05,0.0,0.0859707542102207,1.7992730936701573e-05,0.0,0.1071041578468421,5.397819281010472e-05,0.6907820669021145,3.369050677138699,0.1729230776658489,0.0279758616776116,0.0,0.0,0.0,0.0,0.002268817616951805,0.2070391386296285,0.0,3.5985461873403146e-05,0.0,0.18157520502405722,1.7992730936701573e-05,0.33434734714282666,1.7992730936701573e-05,0.0001079563856202,0.0,0.0,0.6505747821017942,7.197092374680629e-05,1.7992730936701573e-05,0.0,0.0,0.0,0.7315370400748701,1.7992730936701573e-05,0.07572568451724221,0.238095238095238,3.5985461873403146e-05,0.0,0.0,0.0318180026697785,0.0,0.0,0.0,0.0,0.0,0.0,0.0011074197120708,1.0679106945586097,0.0,0.0,56.74794627258147,1.7992730936701573e-05,0.0790268454824711,3.5985461873403146e-05,0.0002878836949872,0.0095418022547462,0.0001619345784303,0.0,0.2171344776710209,0.0,0.0001979200403037,0.0001079563856202,0.0,0.4158038793685992,0.0,3.5985461873403146e-05,3.5985461873403146e-05,0.0130898881557733,0.0083693187952067,1.7992730936701573e-05,1.7992730936701573e-05,0.0,0.0,0.0,0.0,0.0225486339321141,0.0,0.0,1.7992730936701573e-05,1.7992730936701573e-05,3.5985461873403146e-05,0.0,0.0,1.7992730936701573e-05,0.0,0.0,1.7992730936701573e-05,0.0,3.5985461873403146e-05,3.5985461873403146e-05,0.010616279444157108,0.0,0.0,0.0,0.0,0.0222402149531589,0.0,1.7992730936701573e-05,0.007597993931322801,1.7992730936701573e-05,1.7992730936701573e-05,0.0,3.5985461873403146e-05,0.0,0.0,0.0,0.0,0.0222762004150323,0.5204058203755828,5.397819281010472e-05,0.0011613979048809048,0.0,0.0,1.7992730936701573e-05,0.0,0.0002339055021771,0.5132436274658109,0.0022508248860151035,1.7992730936701573e-05,5.397819281010472e-05,0.0,0.0,3.5985461873403146e-05,0.0,0.1482092875766511,0.5210925488254287,0.0,1.7992730936701573e-05,0.060627342289460304,0.0359301984855261,0.0077153383482359,0.0,0.0,0.0,0.0193448419800322,0.0,0.1369294126498166,0.0,0.0,0.0083873115261434,5.397819281010472e-05,0.0001079563856202,1.7992730936701573e-05,3.5985461873403146e-05,0.0,0.0,3.5985461873403146e-05,0.0085829940088819,3.5985461873403146e-05,0.0,3.5985461873403146e-05,0.0,3.5985461873403146e-05,0.0,0.0,0.005299143356610203,0.0,0.0,0.0,0.0,0.2637516091119,0.0,0.0,1.7992730936701573e-05,0.0,1.7992730936701573e-05,1.7992730936701573e-05,0.0002339055021771,0.0,1.7992730936701573e-05,0.0,1.7992730936701573e-05,0.0,0.0001439418474936,0.0,0.0,1.7992730936701573e-05,8.996365468350786e-05,5.397819281010472e-05,7.197092374680629e-05,16.456636510366224,0.0494334375418389,1.7992730936701573e-05,0.0,0.0,0.0526193541090583,0.0,5.397819281010472e-05,0.0,0.0,1.7992730936701573e-05,0.0,0.0097397222950499,3.5985461873403146e-05,1.7992730936701573e-05
HR,0.0,0.0027096335157673,1.7992730936701573e-05,0.0,0.0,0.1005031454921583,0.0229609365800755,0.0001443027959762,0.0931640663854343,13.968668362124106,2.2393376172347734,0.0,0.0,0.0086078439600273,24.728883730317705,6.024653680115784e-05,0.0008556038111895,10.073015431057112,0.0001155394314195,3.3879566674489983,0.0024088339186633914,5.776971570977887e-05,9.805155947174912e-05,0.0,8.243178361202862e-05,1.7992730936701573e-05,0.0,2.9726735590753988,0.0,0.0,0.0,7.902091447660558e-05,0.10670724135669168,1.4381682278361244e-05,4.567291046612669,0.0,0.0002452175585211,5.776971570977887e-05,0.0,9.193356121047504,0.0910113655754796,0.0,1.2754728650604656,0.0027205846367201916,7.531276724007672,0.026244592846333202,0.0001582528036273,0.012282955555132292,3.012326840057892e-05,0.0,0.0,1.1689653884166518,10.945630745696691,34.9086888817622,0.0,3.1881774166155044,0.0,0.00012458892674007457,0.1488296905680187,0.059442069704788,0.1966052930485222,0.7897952864539977,0.0,0.0,9.795356867281003,0.0017405414691834,2.3836974086358915,3.012326840057892e-05,0.0,0.0037113701442194353,17.87294197982755,5.776971570977887e-05,23.764164371948382,0.0,0.0648760242958215,0.0,0.0,0.0030857723859478567,0.0,0.0,3.9855987962157874e-05,0.0,0.0,0.0,2.363636807277087,0.00013809550965404913,0.0,1.0000254743056838,1.7992730936701573e-05,1824.2259373158818,6.249768161564174e-05,4.433367440073114,0.0080353007506764,1.228667883976309,3.520959639382199,0.0,2.6008165564825916,0.0,0.00048635283318596527,2.294180985131852,0.581628441493187,30.54457860939787,0.0,0.0003143206652774684,0.1944174380336784,0.8092266220921445,0.0025250769620566824,0.0309112365925604,8.996365468350786e-06,0.0,0.0,0.0,0.0,1.6821914994682445,0.00039076793108882554,0.0,0.1375690415341953,8.996365468350786e-06,0.2143142794336938,0.0,0.0,0.0002252399221856,0.0,0.0,0.2591620073278701,0.7604446558147218,0.6936815791736037,0.0001367906301862913,0.003302437761443966,0.0,0.0142734954267152,1.7929511095714261,0.0,5.776971570977887e-05,0.0,1.243634753562933,0.0001155394314195,0.0006887273295094,2.008898887378617e-05,0.0,0.0001155394314195,0.0,0.8774326625095284,0.0909392141774914,0.0,0.0002335556839304,0.34252552108058965,0.3508080019277614,0.0002178140978082,0.0,0.0,8.78929841103578e-05,0.0052742505181422,0.06180010323197122,1.7992730936701573e-05,5.098054071301969,2.438668286378059,0.0034430918807925913,0.0,0.0,1.5976669051299326,0.0178785119180846,0.0002197231034678659,0.0452251706131416,0.0,8.996365468350786e-06,0.0003646501462178719,0.3830718606828855,7.529430905053393,0.0,0.0,0.0001204930736023,6.500157849382919,0.0,0.0001070026322945,3.173726610413736,0.0,2.56994284201867,15.601919582399653,3.9336129796747796,5.776971570977887e-05,0.1943615295382814,6.024653680115784e-05,6.024653680115784e-05,0.2667965877803646,4.4128058497155145,1.7947103615949167,0.0,20.700445164133072,0.0,0.9345535346991989,0.0,0.0127914535116541,0.0126416627334049,0.0,0.0,1.4381682278361244e-05,0.0,3.421912153837614e-05,0.0,0.0,5.776971570977887e-05,0.0,5.776971570977887e-05,5.776971570977887e-05,0.16130150139473065,0.0142368866825835,8.996365468350786e-06,0.0086498947364692,0.0072677920313911,3.012326840057892e-05,2.074601512241852,0.0,0.0,0.1617176811490576,0.00034909511535,2.21736376141401,0.0021784052310187003,43.11213507249961,0.016076487175624526,0.0490198508369328,0.0,0.0,0.00020067155925799826,0.0,0.09166036374883042,0.0,1.4381682278361244e-05,5.021225727436509e-05,0.0,0.7090363291056023,0.0001155394314195,5.776971570977887e-05
HT,0.0,2.56330036727359e-06,3.5985461873403146e-05,0.0,0.0,4.5189224267682994e-05,3.9013184458321305e-05,3.9013184458321305e-05,0.0253874055416063,8.92297527289786e-05,0.0002095382179679,0.0,0.0,3.749932316586222e-05,2.56330036727359e-06,0.0618134936722595,0.0001207728874565,0.1000948207756811,3.5985461873403146e-05,5.078024721987474e-05,0.0,1.7992730936701573e-05,2.0556031303975164e-05,0.0,5.12660073454718e-06,0.0043747142854741,0.0,0.032556804287996,0.0210526315789473,0.0,0.0,0.006553940443355,0.0060046836640919,1.5138612924590783e-06,0.3439557635939752,0.0,6.154749927240011e-05,1.7992730936701573e-05,0.0,0.0001174756851347,2.206989259643424e-05,0.0,0.018424078575837,0.5000754134401835,0.006432329217199,0.0188083018846841,0.0388006529847567,4.623866334249751e-05,2.56330036727359e-06,0.0,0.0,1.281650183636795e-05,8.47377972173878e-05,0.0001869576563555,0.0,0.025797830047739,0.0,0.038785077944039,2.5682632038522345e-05,0.0162755175758957,4.875233534398466e-05,0.0104184754186794,0.0,0.0,0.0106404400641073,0.0110665729357099,0.000105144943424,0.0256435889413929,0.0,0.0,1.0668139731117734,1.7992730936701573e-05,1.102939283785692,0.0,4.262592390040941e-05,0.0,0.0,7.756194669899803e-05,0.0,0.0,3.027722584918157e-06,0.0,0.0,0.0,7.060237656932063e-05,0.0985265728726784,0.0,1.5138612924590783e-06,0.0790268454824711,6.249768161564174e-05,19.620776117678883,5.637127017206649e-05,0.0062709122603345,4.21118733169784e-05,0.0001880320043206,0.0,0.0456074473065745,0.0,0.0001994339015961,0.0003353845068108,1.281650183636795e-05,0.0002502815441074,0.0,0.0158474794103145,5.847014832169551e-05,6.820929920735886e-05,4.367536297522392e-05,2.3119331671248758e-05,1.7992730936701573e-05,0.0,0.0,0.0,0.0,6.523120498822716e-05,1.3280924054012515e-05,0.0052631578947368,4.9681179779273785e-05,1.7992730936701573e-05,4.111206260795033e-05,0.0,0.0,0.0110070037199476,0.0,0.0,4.770289626917015e-05,8.739340176635283e-06,4.623866334249751e-05,3.5985461873403146e-05,9.81179780029732e-05,0.0,4.077161659732669e-06,1.025320146909436e-05,0.0,1.7992730936701573e-05,0.0,2.0556031303975164e-05,3.5985461873403146e-05,3.547141128997214e-05,1.7992730936701573e-05,0.0,3.5985461873403146e-05,0.0,1.0717623686738928e-05,2.56330036727359e-06,0.0,0.0474300345174154,0.1444116064177572,0.0001124696790397,5.805535446983739e-05,0.0,0.0,2.0556031303975164e-05,0.0,0.0002471864262311,0.0153565772994825,0.0001163766176941,8.871570214554758e-05,7.553403482310795e-05,0.0,0.0,6.418176591341264e-05,0.0,0.0620343699850257,0.0429293288446851,0.0,1.7992730936701573e-05,0.0103541943960344,0.012540461958408,0.0001927898685867,0.0,0.0,1.025320146909436e-05,0.0001189399180614,0.0,0.0017248120541004,5.12660073454718e-06,0.0,9.394155961166766e-05,6.271753298674e-05,0.0001519969140815,1.7992730936701573e-05,5.0315825002230175e-05,5.12660073454718e-06,5.12660073454718e-06,3.749932316586222e-05,0.0001103211725243,8.153985162715783e-05,0.0,4.670308556014208e-05,0.0,5.0315825002230175e-05,0.0,5.12660073454718e-06,3.5985461873403146e-05,0.0,0.0,1.5138612924590783e-06,0.0,0.0721086416602425,0.0,0.0,1.7992730936701573e-05,0.0,1.7992730936701573e-05,1.7992730936701573e-05,0.0045731630326505,6.6404620270062585e-06,1.7992730936701573e-05,2.56330036727359e-06,2.975979369825501e-05,2.56330036727359e-06,0.0001710887124588,0.0309041835357624,0.0,4.152685645980845e-05,9.509025541805505e-05,6.003363797994103e-05,0.0103778277782891,10.068367122909438,0.0033895904702209,1.7992730936701573e-05,0.0,0.0,4.716750777778664e-05,0.0,8.986439795193497e-05,0.0,1.5138612924590783e-06,2.0556031303975164e-05,0.0,0.0388096416852769,0.0103336879930962,0.0108829447723593
HU,0.0,1.3562956719938273,3.5985461873403146e-05,0.0,0.0,0.15660117718271038,0.3338935133423671,0.0002462174757637,1.06069408097853,52.933695434318395,6.136780760802393,0.2417582417582417,0.0,0.009010079660848,0.27547269334745816,0.0110146439926837,1.5015667808161406,16.16471012707597,0.0002310788628391,4.0969240360357775,0.004702892822042696,0.0001155394314195,0.00013343522093659565,0.0,7.000349729447745e-05,0.0065719331742917,0.0,6.711703004508005,0.0,0.0,0.0,0.0039306827537898955,0.0842607808395401,7.569306462295392e-06,15.01593414193475,0.0,0.0136723263902937,0.0001155394314195,0.003076923076923,11.354761134562949,0.0752428100989249,0.0,0.3913631673741783,0.032204905564838494,16.3661973284868,0.0803701333349314,8.439735120676416e-05,0.017557399267562,1.281650183636795e-05,0.0,0.0,0.709687627779114,16.971952572818704,114.92717818268277,0.0,13.470622482599598,0.0,0.00014745372509004253,0.5221762448305972,0.0068497537949483,0.6973836847358913,2.894878758412038,0.0,0.0,28.560425634357706,0.086929645083861,9.201374668364576,0.266679483168503,0.0,0.003722462767624871,30.561140510225968,0.0001155394314195,59.75287190744467,0.0,0.4848725271636592,0.0,0.0,0.5059019901921415,0.0,0.0,3.732385973546156e-05,0.0,0.2967032967032967,0.0,7.90305636507583,0.2931322096120668,0.0,2.9754553273166163e-05,3.5985461873403146e-05,4.433367440073114,5.637127017206649e-05,3735.313560901875,3.61061468498628,4.35510695019877,5.679074526967119,0.0,6.570690971528895,0.0,0.772481513098843,9.344777189572904,0.044064631198115406,51.880635994750975,0.0,0.0001460867830266,0.6650807019104858,12.051205587659371,2.607218342158227,0.0032591808228519,1.7992730936701573e-05,0.0,0.0,0.0,0.0,7.644919439648701,0.021964686242265698,0.0,1.1423396909522163,1.7992730936701573e-05,0.10215290538242529,0.0,0.0222222222222222,6.236322455844311e-05,0.0,0.0,0.5246615132536157,0.5447868489506965,2.6719987901601563,0.0002583433973305957,3.652522768674746,0.0256410256410256,0.7117165327042678,0.3125684337139347,0.0153346653346653,0.0001155394314195,0.0,0.0694223390492784,0.0002310788628391,0.0003391402233996,0.5952767841899635,0.0015015015015015,0.0002310788628391,0.0,0.6243334411407234,0.341686760033365,0.0,0.0003722512979314,1.1179136548082158,1.0568785311788083,0.5408431945787477,0.2857142857142857,0.0,0.0001283559332559,0.22839825362287922,1.1065581448584685,3.5985461873403146e-05,27.914712768610116,3.040244416227687,0.037417855062311094,0.0,0.0,0.517351815513355,0.0709891580708829,0.0002479302591959312,0.1992166049551404,0.0,1.7992730936701573e-05,0.17057822710652348,4.314014112091062,20.71963002530633,0.0,0.0,5.12660073454718e-05,12.116401856793717,0.0,7.675707847072983e-05,1.0040511654670778,0.0,32.81210560014074,6.04251518625848,5.821901895348851,0.0477345870504671,2.283236565022147,2.56330036727359e-05,2.56330036727359e-05,0.0280164259470791,18.23166376361923,0.8738124627548352,0.0,8.351187983751647,0.0,12.39715087272084,0.0,0.0050760289511463,0.0002310788628391,0.0,0.0,7.569306462295392e-06,0.0,0.0020029436135202356,0.0,2.3364102564102565,0.0001155394314195,0.0,0.0001155394314195,0.0001155394314195,0.1840822260020046,0.0064643124866201,1.7992730936701573e-05,0.0032283715900789,0.5557521155475937,1.281650183636795e-05,10.876014076203381,0.0,0.0,6.827226627776808,0.0006033301607705,2.386899489052368,0.0322762256227988,120.03998222592296,0.30314002482262936,0.0728494636353304,0.0,0.0,0.474247342087465,0.0,2.4847640609225095,0.0,7.569306462295392e-06,0.0054287681312196,0.0,4.990193044495284,0.4745900532218134,0.0496285264444065
ID,0.0,1.06280924335636,0.0119837901277357,0.0,0.0,0.00036235759312308645,0.0678454191452807,0.0002969668627419,0.250181735996913,2.8699219611213995,31.40221936885834,0.0,0.0,0.0011853035181421,0.6667575873989265,1.9577558502899587e-05,8.045359791293262,1.2815748561319869,0.0002878836949872,0.017974327142849997,0.003459200972022887,0.0001439418474936,0.00016896848978708697,0.0,2.2636825373333944,0.0002878836949872,0.0,0.1888733046735064,0.0,0.0283420742442939,0.0,0.013646651027711086,0.1809818566224805,4.541583877377235e-06,2.344008755272756,0.0,0.0178834813255981,0.0001439418474936,0.0,3.873409208980817,0.0001582722106224,0.0,0.0231767486316554,0.08216677898084898,12.515619394340648,0.0309883279973309,0.5001921801322542,0.024361884518172287,0.2222320110014736,0.0,0.0,0.0667156105629239,0.769088138286039,13.682240309260791,0.0,0.918848643344495,0.0,0.0005494235969061864,0.6009653368826895,0.3597728119152311,0.06452763238497027,38.979970651284866,0.0,0.0,3.4921240570712495,0.315180684429886,0.3061762356518698,9.788779251449794e-06,0.0,1.1092623405435386e-05,6.425301807987709,0.0001439418474936,31.555641010914666,0.0,0.0003230954607729,0.0,0.0,0.0311722059722966,0.0,0.0,0.3144932648911149,0.0,0.0,0.0,0.022405992506252997,0.0033618193876932996,0.0,1.563420728281262e-05,0.0002878836949872,0.0080353007506764,0.0062709122603345,3.61061468498628,8813.825738016667,1.2229914856049489,0.208060697098598,0.0,33.442820446311124,0.0,5.749741595130994,8.497972765951761,4.894389625724897e-05,7.142410833260511,0.0,0.3337040688462095,2.1135084506986366,113.29227143421843,2.0247360345328826,0.002022876078353727,0.72901446541513,0.0,0.0,0.0,0.0,14.725815973938806,7.4568771208076e-05,0.0,0.7430784323168238,0.0472640677782143,0.0434362122604372,0.0,0.0,0.10106649565048094,0.2857142857142857,0.0072365445499773,0.1560371372454863,0.00013039897374144877,0.000327038811993,0.6856736525970142,1.5274489974855225,0.0,0.0545597849085833,3.915511700579917e-05,0.0,0.0001439418474936,0.0,0.000153730626745,0.0002878836949872,3.299627559073443,0.16303286825350952,0.0,0.0002878836949872,0.0,5.368736855119083e-05,0.0117056952119999,0.0116959064327485,0.34376256907041003,0.0995743293933273,87.94166622785953,0.007682700455587,0.0072365445499773,0.0,0.000153730626745,1.1092623405435386e-05,1.2120759533321166,0.0002878836949872,40.371858259862925,0.8009156705168887,0.2062875730411895,0.0,0.0,3.9270354478265146,0.0005686333342425,0.0004986122437214734,0.1449740435326361,0.0,0.5074968830239642,5.699744417693632,4.86671145663283,2.063721730914228,0.0,0.0,0.264184292834667,1.6650005922043742,0.0,0.0003165444212448,0.6542128267591939,0.0,0.0896393186148417,0.704135291857125,1.8463715044066806,0.0081956950435309,11.750208379450562,1.9577558502899587e-05,1.9577558502899587e-05,0.5488995229268829,0.8216528180537519,7.715763624754029,0.5,0.009245296631363174,0.0,0.000977068258999,0.0,1.9577558502899587e-05,0.1076408248714578,0.0,0.0,4.541583877377235e-06,0.0,0.0048678917109334,0.0,6.386919588682378e-05,0.0073804863974709,0.0,0.0001439418474936,0.0001439418474936,32.10928062058288,0.1428812619995231,0.6676923941300325,9.788779251449794e-06,0.2902700104671994,9.788779251449794e-06,1.8730202609031557,0.0,0.0,50.48659818291128,0.1952613124666014,2.055476178776053,0.07318151920136678,39.37259878983139,0.0003047948940119,0.2525679563519939,0.0,0.0,0.00048789149501630004,0.0,2.8864557383299485,0.0,4.541583877377235e-06,0.5797061722596726,0.0,0.3964569409802757,0.0307219715799867,0.0066892624309602
IE,0.0,0.9862057000433874,1.7992730936701573e-05,0.0109890109890109,0.0,0.054257777201076704,0.0686904652059781,0.0001291641830516,0.4754888357995203,7.278282779679545,68.00594430019387,0.2142857142857142,0.0,0.0006513715227928,1.4457859100741663,0.0051967230509548,0.6596513038145932,19.719455421373066,0.0477345870504671,1.4412542364783776,5.3,5.776971570977887e-05,7.507648227398984e-05,0.0,0.3333679468664617,1.7992730936701573e-05,0.0,19.95294333822614,0.0051621095178263,0.0,0.0,5.776971570977887e-05,0.0243486702963537,6.812375816065853e-06,68.85160126608962,0.0,0.0026463954164535,5.776971570977887e-05,0.0,22.349483793410954,8.188885809005569e-05,0.0,2.4299694870510575,0.0010887129752688999,39.762570793903855,1.68016860649083,9.184818335732636e-05,0.0304247527695032,1.730676656421097e-05,0.0,0.0,5.1928760832880245,6.6723568446628,68.22907286535391,0.0,16.41348511613893,0.0,0.0007030457383782237,1.3525053717351616,0.2221521436265426,0.9335256144845316,8.588731236259804,0.0,0.0,54.40134209419964,0.0022819671069655,7.664033554610928,1.0000173067665643,0.0,0.0,55.0844268030752,5.776971570977887e-05,377.7979667071034,0.0022988505747126,0.0460018861064805,0.0,0.0,0.6611403951955903,0.0,0.0001137785868699,1.3624751632131706e-05,0.0012195121951219,0.0,0.0,8.443690650409774,0.0016614088458766474,0.0,6.812375816065853e-06,0.0095418022547462,1.228667883976309,4.21118733169784e-05,4.35510695019877,1.2229914856049489,5319.308135964951,4.028574031531887,0.000169458739195,26.745328004066494,0.0,0.2645561264358176,22.628612407889715,0.7888777017133506,76.5136944564886,0.0,0.0026672735313163685,0.3947074352099845,5.8575416149783415,0.0803869237376764,0.0475066092951758,8.996365468350786e-06,0.0,0.0,0.7714285714285714,0.0,4.66754061299583,0.273233351258255,0.0,0.6728468716615899,0.008342329698801651,2.619607203041892,0.0,0.0,0.6752975758330392,0.0,0.0,0.5882859639649166,2.4031622065335387,0.1461031115673297,0.7625635489382525,0.10292274822340522,0.0,0.0033533234985991004,0.0192533425640018,0.0,5.776971570977887e-05,0.0,0.2578760533944817,0.0182973576132377,0.0001338257463499,8.996365468350786e-06,0.0,0.0001155394314195,0.0,3.0890495503796256,0.0393335460828035,0.0,0.6377910712390159,0.6698015629906833,8.307660343726464,0.0001974282895096,0.0,0.0,7.507648227398984e-05,0.3934985576364886,2.7985471041723375,0.0012375049260586,42.14250757421318,11.451023498584664,0.197584489758448,0.0,0.0,8.411664005822846,1.3243727598566308,0.0035842730846923237,0.34389071960694306,0.0,8.996365468350786e-06,0.7166763212194338,16.188532888744827,13.422632101405426,0.0,0.0,0.0476882746853044,13.524262317616232,0.0,6.623101569725522e-05,1.643384301178743,0.0011074197120708,2.4870234297181435,2.6431230812216424,5.007222504521848,0.0001483109827216,17.71273008328206,3.461353312842194e-05,3.461353312842194e-05,2.5393626207688667,25.959592389230213,5.2447523177351005,0.0,2.558566832968944,0.0,0.8289834263439473,0.0,0.0198421371502118,0.0001155394314195,0.0,0.0,6.812375816065853e-06,0.0,6.667190274172526e-05,0.0,0.0,5.776971570977887e-05,0.0,5.776971570977887e-05,5.776971570977887e-05,2.7900923961244413,0.0231415685397211,8.996365468350786e-06,0.0126009698132186,0.4866266858783632,1.730676656421097e-05,13.523893870105903,0.0,0.0,3.1139229644917594,0.5660521778403931,0.7990403870527776,0.7942521734735792,255.5076517775349,0.19275531476063248,0.0021438584074511,0.0,0.0,0.057675427533423,0.0,0.7812314835031251,0.0,6.812375816065853e-06,0.1000263031320325,0.0,3.9287694542719835,0.0017609295023413999,5.776971570977887e-05
IL,0.0,0.5038204289059156,0.0001619345784303,0.0,0.0,0.0148165384932886,0.0273041197191472,0.0006663205550616,3.3381194954239426,17.34041698760033,32.00211347512564,0.0,0.0,0.0065008779342518,0.043181575615397,3.554237756371107e-05,0.0985983875082614,21.5229562461381,0.0006496680808445,1.5846740495478435,0.0358002850262912,0.0003248340404222,1.0003426052292044,0.0,3.554237756371107e-05,0.0001619345784303,0.0,9.87562095499128,0.0,0.0,0.0,0.0003248340404222,0.0508787498089061,8.326237108524932e-06,101.43266631928277,0.0,0.0034551576970534,0.0003248340404222,0.0,31.08355746414231,0.0003509314663126,0.0,2.2610787909325407,0.0183731997775876,52.62983661752261,0.7887322624332089,0.4001687045185597,0.5694100840988578,1.7771188781855535e-05,0.0128205128205128,0.0,2.6742646799767815,9.842527909942087,164.71401399483366,0.0,11.517160339330744,0.0,0.0021091875387152,0.1073509580668587,0.1461562576319753,0.9588865030127243,0.4348665324797612,0.0,0.0,40.56749109167866,1.452332533114559,7.645095899477241,7.652559536234908e-05,0.0001447537185859,0.003700277520814,74.88211968155659,0.0003248340404222,98.03584195139894,0.0,0.1980301494489324,0.0,0.0,0.0398614269261873,0.0,0.0,1.6652474217049864e-05,0.0012195121951219,0.0,0.0,21.52769452179885,0.0002130107156462,0.0,8.326237108524932e-06,0.0001619345784303,3.520959639382199,0.0001880320043206,5.679074526967119,0.208060697098598,4.028574031531887,8093.206010865926,0.0,43.59321696607006,0.0,0.5942178014424572,0.18632414629083532,0.0606602876640355,127.70588556856673,0.0021505376344086,0.0669790969924602,1.0743303300225424,11.283329720113482,0.1497807124177964,0.0024411882293033,8.096728921515707e-05,0.0,0.0,0.0,0.0,13.048885749620299,0.045031632278124095,0.0,4.381759888429414,0.0009627529050872,0.6322928570753452,0.0,0.0,0.0191370114651261,8.599931200550395e-05,0.0,1.6112870443320186,0.6474624253765568,3.4931278908006016,0.0006496680808445,0.0757405185758237,0.0021505376344086,0.5976493323829206,0.0024707008165575,0.0429292929292929,0.0003248340404222,0.0,0.0326459759883269,0.0036526710838475,0.0002064843252529,0.0013743750161623,0.0,0.0006496680808445,0.0,0.4472477779272468,3.4188451426477324,0.0,0.011753366217762,5.3789487358468255,0.21007032741980208,0.0010005995471572,0.0,0.0,0.0003426052292041,0.0005288207297726,1.4702940541666039,0.0013814467735522,48.64645632019351,18.001821124811197,0.0317113839983422,0.0,0.0,1.428873671417444,0.044526310347912004,0.004257295507786,0.0947583487248356,0.0,8.096728921515707e-05,0.0546238298588954,1.0992083806752238,19.85993439875429,0.0,0.0,9.560968725175194,17.89064527299646,0.0,0.0044314729332688,0.1068540803695683,0.0011074197120708,4.796392343299938,1.6778715716853467,25.629892136612114,0.0055264495418762,0.711287837095173,3.554237756371107e-05,3.554237756371107e-05,0.0709903278081812,17.773532515127656,9.405521484903083,0.0,2.183332469985425,0.0,1.16982818551555,0.0,0.0006621087936038,0.0268923908752915,0.0,0.0,8.326237108524932e-06,0.0,0.0001619345784303,0.0,0.0584045584045584,0.0003248340404222,0.0,0.0003248340404222,0.0003248340404222,0.5199889823341427,0.0012970014467524,0.0005218600971512,0.0006443376048219,0.0021772946780483,1.7771188781855535e-05,11.810017806904387,0.0,0.0,7.800413048168993,0.0073577182776808,2.0979844158046563,0.2774561101288849,771.0568652258057,1.182411831752073,0.2736399413717494,0.0,0.0222222222222222,0.003042540015411,0.0,0.0179858155755478,0.0,8.326237108524932e-06,0.0059303940513281,0.0,1.5531929978583172,0.0006496680808445,0.1431819768975651
IM,0.0,0.0,0.0,0.0,0.0,0.0,0.0,0.0,0.0,0.0,0.0,0.0,0.0,0.0,0.0,0.0,0.0,0.0,0.0,0.0,0.0,0.0,0.0,0.0,0.0,0.0,0.0,0.0,0.0,0.0,0.0,0.0,0.0,0.0,9.592004105377758e-06,0.0,0.0,0.0,0.0,0.0,0.0,0.0,0.0,0.0,0.0,0.0,0.0,0.0,0.0,0.0,0.0,0.0357142857142857,0.0,0.0,0.0,0.0,0.0,0.0,0.0,0.0,0.0,0.0,0.0,0.0,0.0,0.0,0.0,0.0,0.0,0.0,0.0,0.0,0.057269292006495,0.0,0.0,0.0,0.0,0.0,0.0,0.0,0.0,0.0,0.0,0.0,0.1071428571428571,0.0,0.0,0.0,0.0,0.0,0.0,0.0,0.0,0.000169458739195,0.0,6.028897696853928,0.0,0.0,0.0,0.0,0.0,1.1714285714285713,0.0,0.0,0.0,0.0,0.0,0.0,0.0,0.0,0.0,0.0,0.0,0.0,0.0,0.0,0.0,0.0,0.0,0.0,0.0,0.0,0.0,0.0,0.0,0.0,0.0,0.0,0.0,0.0,0.0,0.0,0.0,0.0,0.0,0.0,0.0,0.0,0.0,0.0,0.0,0.0,0.0,0.0,0.0,0.0,0.0,0.0,0.0,0.0,0.0,0.0,0.0,0.0,0.0,0.0,0.0,0.0,0.0,0.0,0.0,0.0,0.0,0.0,0.0,0.0,0.0,0.0,0.0,0.0,0.0,0.0,0.0,0.0,0.0,0.0,0.0,0.0,0.0,0.0,0.0,0.0,0.0,0.0,0.0,0.0357142857142857,0.0,0.0,0.0,0.0,0.0,0.0,0.0,0.0,0.0,0.0,0.0,0.0,0.0,0.0,0.0,0.0,0.0,0.0,0.0,0.0,0.0,0.0,0.0,0.0,0.0,0.0,0.0,0.0,0.0,0.0,0.0,0.0,0.0357334697224964,0.0,0.0,0.0,0.0,0.0,0.0,0.0,0.0,0.0,0.0,0.0,0.0,0.0,0.0
IN,0.0,94.96803755412898,1.364419356534847,1.8767974715343136,0.0,0.0313939486699296,0.5751499822176537,0.0276736288461607,5.052570720164236,23.760228138182196,268.25381375091564,0.0,0.0,0.0377109353222556,1.3949250120654932,0.4187899352690399,51.47039232506927,24.2259618869064,0.0338011443376875,5.557104269936885,7.613733150937204,0.0850823903506619,0.1754734543014256,0.0,4.3438039390913,0.0345067710023935,0.0222222222222222,58.45174502043038,0.0965876229034123,2.4394461525006417,0.0,4.877300212597579,1.201212321629444,0.119248776578339,168.79516544213448,0.0,1.285179187166971,0.2669005721688438,0.1783294483294482,37.171967576141014,0.7162418898104219,0.0,21.67389294257061,8.889315786556157,288.8773233224796,9.02218169918438,0.2899565988406712,0.8188324772913399,8.7170168827759e-05,1.8094794094794096,0.0,1.4741972328244595,31.623726424112444,180.24996591286498,0.0,21.83499087453117,2.888429406850459,3.0755410300823467,3.8296809288345255,3.1125116179837162,10.983316257598627,46.36658037952947,0.0,1.833333333333333,83.03877564055479,53.484582761411886,38.271376086485084,2.8482929663925267,0.0012440290606934,0.1074423579748038,123.87218162587055,0.0446783499466215,440.73765544288756,0.2838346957933887,2.5019527031498425,0.0,0.0,6.90715318743567,0.0,0.0001137785868699,0.2864317359324582,0.0,0.0,0.0355731225296442,14.554573851975944,0.33050725784396606,0.0,1.201306667898796,0.2171344776710209,2.6008165564825916,0.0456074473065745,6.570690971528895,33.442820446311124,26.745328004066494,43.59321696607006,0.0,78041.60659118913,0.0,43.78207238804949,89.78785798309971,0.747979396161415,135.98549367138713,0.0,2.5257058468383917,17.169282034290365,136.0803084204155,4.664647065628503,2.17420866344475,0.0642913764143602,0.0,0.0,0.7106782106782106,0.0,340.7853673680908,10.787534999147658,0.1126262626262626,11.89785545935798,0.0161276976218101,5.958346074301853,1.4039521881627144,0.0,10.141950968785228,1.1960120890461448,0.3,1.521519584174368,1.143378954880593,0.3523316431948168,0.8768091035806991,12.62652689807253,0.0,0.0908967897309767,0.0039718690811081005,0.0009157509157509,0.0002339055021771,0.0,1.500073560822492,0.07749678803333121,3.562863217407616,0.1263928540317597,0.0230147953832164,0.0004678110043542,0.0,1.2634409583107977,3.614325465986071,0.548078529657477,3.156141246619163,32.49672373440072,207.3315962890892,0.2136472460281834,2.052380952380952,0.0109890109890109,0.39198774233767153,0.0002995008319467,46.56108875550767,0.2897135969824684,43.37319119536265,26.569095798035733,63.88665034086689,0.0,0.0,14.951765863586342,45.720928494863756,0.4944902283813365,5.201595248152587,0.0185102908787119,1.82012186068425,9.782260001388169,54.0288762367798,54.25659399072079,0.0,0.0,2.2479809785717713,46.43133829874162,0.5,0.1503841893380384,38.88072245672879,0.6539682539682541,27.04686849118439,5.320581728085076,83.27624022518174,0.8904329611904767,1001.8589280625367,0.0001743403376555,0.40017434033765553,1.0955819865610357,62.0603360666081,111.79931780614831,0.0,7.072981408110967,0.0,7.521994797167974,0.0,0.0001743403376555,0.1253410921186039,0.2666666666666666,1.1727235846822779,3.784653231147696e-05,0.0,0.168911942239183,0.0,1.739086406202712,1.1359481912164628,0.0,0.0002339055021771,1.4573767626450342,43.83424884950881,0.1676725043302844,0.0019974767339214,8.7170168827759e-05,5.722795729914205,8.7170168827759e-05,57.989983363839706,6.671133278486219,0.0,113.41140589416749,4.148996467999528,8.147851733188578,3.668873405682327,1867.3476582466212,0.8862458573458905,9.414133279458577,0.0,0.5548340548340548,0.2124225157083836,0.0,33.19735061250452,0.0,0.0030663055401169,5.964857291558014,0.0,87.27782657299603,3.4096086212661523,0.5115513322089782
IO,0.0,0.0,0.0,0.0,0.0,0.0,0.0,0.0,0.0,0.0,0.0,0.0,0.0,0.0,0.0,0.0,0.0,0.0,0.0,0.0,0.0,0.0,0.0,0.0,0.0,0.0,0.0,0.0,0.0,0.0,0.0,0.0,0.0,0.0,0.0,0.0,0.0,0.0,0.0,0.0,0.0,0.0,0.0,0.0,0.0,0.0,0.0,0.0,0.0,0.0,0.0,0.0,0.0,0.0,0.0,0.0,0.0,0.0,0.0,0.0,0.0,0.0,0.0,0.0,0.1538461538461538,0.0,0.0,0.0,0.0,0.0,0.0,0.0,0.0,0.0,0.0,0.0,0.0,0.0,0.0,0.0,0.0,0.0,0.0,0.0,0.0,0.0,0.0,0.0,0.0,0.0,0.0,0.0,0.0,0.0,0.0,0.0,0.0,0.1538461538461538,0.0,0.0,0.0,0.0,0.0,0.0,0.0,0.0,0.0,0.0,0.0,0.0,0.0,0.0,0.0,0.0,0.0,0.0,0.0,0.0,0.0,0.0,0.0,0.0,0.0,0.0,0.0,0.0,0.0,0.0,0.0,0.0,0.0,0.0,0.0,0.0,0.0,0.0,0.0,0.0,0.0,0.0,0.0,0.0,0.0,0.0,0.0,0.0,0.0,0.0,0.0,0.0,0.0,0.0,0.0,0.0,0.0,0.0,0.0,0.0,0.0,0.0,0.0,0.0,0.0,0.0,0.0,0.0,0.0,0.0,0.0,0.0,0.0,0.0,0.0,0.0,0.0,0.0,0.0,0.0,0.0,0.0,0.0,0.0,0.0,0.0,0.0,0.0,0.0,0.0,0.0,0.0,0.0,0.0,0.0,0.0,0.0,0.0,0.0,0.0,0.0,0.0,0.0,0.0,0.0,0.0,0.0,0.0,0.0,0.0,0.0,0.0,0.0,0.0,0.0,0.0,0.0,0.0,0.0,0.0,0.0,0.0,0.0,0.0,0.0,0.0,0.0,0.0,0.0,0.0,0.0,0.0,0.0,0.0,0.0
IQ,0.0,4.012076700041319,0.0478169676593513,0.0,0.0,0.0002009477628886,0.0789861565020415,0.0001994339015961,0.047746750709451,0.2277703396597836,10.136110913276614,0.0,0.0,0.48270150936177325,0.0095245664544557,1.5138612924590783e-06,2.930845853116174,0.1613993646899963,0.0001979200403037,0.0282707027544854,0.5511786987420852,9.896002015185864e-05,0.00012003410152087083,0.0,0.0001124400953468,0.0001979200403037,0.0,2.9092560269987295,0.0,0.0,0.0,0.10017474028790178,0.8751895950319787,7.569306462295393e-07,5.800301621048305,0.0,0.0025995152883993,9.896002015185864e-05,0.0,0.0653741525908381,0.0001004738814443,0.0,0.5034919876334993,0.04794381413668818,15.358383407005407,0.9822612264395232,0.0004046157262815,0.00022126491361138263,7.569306462295393e-07,0.0,0.0,0.9453824079265912,0.2480093499460237,16.92141907464753,0.0,0.2971563059726944,0.0,0.0002001908322424,1.3253321053431073,2.4874370794466376,0.2670122697020786,29.128881516810676,0.0,0.0,2.34553095826331,0.2539948405174374,0.4363803546660272,0.00011826574380712954,0.0002035081251664,5.546311702717693e-05,0.4850927352356948,9.896002015185864e-05,38.308080870531185,0.1,0.0079526151852507,0.0,0.0,0.0487897558437079,0.0,0.0,5.6976978319636e-05,0.0,0.0,0.0,0.0014914590845995,0.0002017046935348,0.0,5.622004767340646e-05,0.0001979200403037,0.00048635283318596527,0.0001994339015961,0.772481513098843,5.749741595130994,0.2645561264358176,0.5942178014424572,0.0,43.78207238804949,0.0,2602.8568324120856,140.58502586751288,3.784653231147696e-06,9.717558364681706,0.0,0.0002047324161197,17.13604805945136,3.4777896113164144,0.20377995589604916,0.0014231523052525,9.896002015185864e-05,0.0,0.0,0.0357142857142857,0.0,0.5086615868833593,0.4038378299648523,0.0,0.919038556537696,0.00142163844396,4.902725694665316,0.0,0.0,0.6015176347817884,8.599931200550395e-05,0.0,0.2811325690071802,0.0028512736409415,0.0002009477628886,0.32742203090466004,0.8874570911775852,0.0,1.5138612924590783e-06,3.027722584918157e-06,0.0,9.896002015185864e-05,0.0,9.97169507980882e-05,0.0001979200403037,1.0667701682706958,0.0008157623490831,0.0,0.0001979200403037,0.0,2.410180395393033e-05,7.569306462295393e-07,0.0,0.000298393921748,0.22828126308524452,56.034193374955656,0.000298393921748,0.0,0.0,9.97169507980882e-05,5.546311702717693e-05,2.105205967558782,0.0001979200403037,1.1156813795778713,0.910049201758121,0.36729005584582414,0.0,0.0,0.6754263162789476,2.485312837416396,0.0006315595350381827,2.9074530744842977,0.0,9.896002015185864e-05,1.5295816029205316,8.723481733124665,2.529272150629087,0.0,0.0,0.4987615790061894,0.0018621587896956,0.0,0.0002009477628886,2.1629372126257516,0.0,1.2068026476205824,0.0043966028690533,14.133337812721779,0.00038846745732375865,60.65540369126758,1.5138612924590783e-06,1.5138612924590783e-06,1.0224110351179723,4.787020926909691,0.07895052203623219,0.0,0.0004989355565405827,0.0,0.0489536947596577,0.0,1.5138612924590783e-06,0.0001979200403037,0.0,0.0,7.569306462295393e-07,0.0,0.0001979200403037,0.0,1.605139800448725,9.896002015185864e-05,0.0,9.896002015185864e-05,9.896002015185864e-05,1.3201612674879624,2.2707919386886176e-06,0.0007602992320559,7.569306462295393e-07,7.556589515945856,7.569306462295393e-07,26.7608425753863,0.0,0.0,0.8437519693479327,0.0004963139620517,0.2732336789926738,0.0036074801511427825,31.986935184613365,0.0032348198229372,4.550944301028187,0.0,0.0,0.2926611523587339,0.0,0.2398209546670913,0.0,7.569306462295393e-07,4.095926595072555,0.0,0.6123044124934716,0.0001979200403037,9.896002015185864e-05
IR,0.0,14.369645037135632,4.58209643574252,0.0,0.0,0.6704016640480465,3.1945893781036254,0.0002472316245264,0.1545721189840784,29.71246715343134,179.282955581816,0.0,0.0,9.779770498279374,0.9834911238350708,0.000315581003475,2.54243519543387,29.36651520407175,0.0001079563856202,1.7443233435642649,1.6203086371433617,5.397819281010472e-05,0.0144187395089605,0.0,0.1632460265909401,0.0001079563856202,0.0,33.01046065041944,0.0,0.0268022435130863,0.0,0.3091863895170344,1.8260837453025855,6.963761945311761e-05,286.72782273560813,0.0,0.0005101226756959,5.397819281010472e-05,0.0,66.84131546722374,0.0669480729806673,0.0,6.514509713197711,0.7484960862762495,194.25396778727298,5.135306298493351,0.037479585020665306,0.2587556130165071,0.0001577905017375,0.0,0.0,14.319235850545574,31.42759954948569,173.41497040493152,0.0,43.68350609616931,0.0,0.0006451970867196,0.6473754602767352,1.2911454460345757,1.0876451067643886,8.570293549949051,0.0,0.0,64.43739677295457,8.91117364824369,23.874222414543627,0.0006278257543814,0.0019320235567375,0.0005047143649473,68.3606845220637,0.0444984226372545,220.29689824175975,1.0,5.001637967757935,0.0,0.0,1.1779501092563986,0.0,0.0,0.0006439896038535,0.0,0.0,0.0,13.105279032264665,0.0006507460249815,0.0,0.0005743519844004,0.0001079563856202,2.294180985131852,0.0003353845068108,9.344777189572904,8.497972765951761,22.628612407889715,0.18632414629083532,0.0,89.78785798309971,0.0,140.58502586751288,31065.288745300793,0.0897856712814959,196.0285129084398,0.0,0.009193977497171,4.575002610403212,24.25863805686742,0.8934837648938666,0.019609474468558,0.0057087617946666,0.0,0.0,0.2167247386759581,0.0,32.316520560386664,4.180968901727785,0.0,6.889981778037552,0.0064803242085548,7.763500200433338,0.0,0.0,0.0913918944956653,0.0014619883040935,0.0,0.6618934276823005,6.914842262806167,1.3710348871788685,0.33498995942067866,2.0619420129913983,0.0,0.0318063754896117,0.0006311620069501,0.0,5.397819281010472e-05,0.0,0.0806259343608141,0.0001079563856202,0.0237240923055671,0.0234915391024644,0.037088016809379,0.0001079563856202,0.0,0.0576643918318774,0.0117037494161175,0.0058479532163742,0.0427978634698218,8.920374233391225,55.280739291031566,0.0003893626996209,0.0,0.0,0.0668784353612143,0.0005047143649473,8.215845757959624,0.0001079563856202,61.277569146472345,21.439710025841528,0.5076418348792227,0.0,0.0,15.80079579764427,7.540731057820354,0.0090504388491379,1.91446174995298,0.0290505675954592,5.397819281010472e-05,0.796138346464451,43.294381969429814,50.691317397185614,0.0,0.0,2.9196899847578175,19.768492718023616,0.0,0.0283405904057792,19.842349245886822,0.0,7.326939212683468,1.6439294070565065,34.52106839805404,0.016519885478477703,16.674377782604722,0.000315581003475,0.0136489143368084,0.5663979721583007,68.3651672611217,26.807697777361206,0.0,2.062831479915059,0.0,6.318933617757464,0.0,0.000315581003475,0.0078620158638176,0.0,0.0,6.963761945311761e-05,0.0,0.0001079563856202,0.0314889788573999,0.1612275383523985,0.0067206448594767,0.0,5.397819281010472e-05,0.0030569811958131047,7.860822076809073,0.2994244834516666,0.0071064260664208,0.0001577905017375,1.89506994099104,0.0001577905017375,145.30207399819102,0.0133333333333333,0.0,12.50894906712614,0.10628966838929381,5.475234499415475,0.0191836237836252,756.3869635388894,0.0013117066158003,1.915260768902159,0.0,0.0,0.2141941513589712,0.0,13.4367678694614,0.0,6.963761945311761e-05,4.9338854898766655,0.0,25.41910100873192,0.1001079563856202,1.2384601486711662
IS,0.0,0.0010661143010365,0.0,0.0,0.0,0.0020045402071400087,7.569306462295392e-06,7.569306462295392e-06,1.0141357377668438,0.158024609609076,1.3220000240559417,0.0,0.0,3.784653231147696e-06,0.1654654182806013,1.806369721044051e-05,4.515924302610127e-05,0.3860287307870067,0.0,0.0205072016992389,0.0,0.0,9.031848605220255e-06,0.0,1.806369721044051e-05,0.0,0.0,0.26993815127378856,0.0,0.0,0.0,0.0007541478129713,0.0006683170970283999,3.784653231147696e-06,1.23903852485632,0.0,1.892326615573848e-05,0.0,0.0,0.8150768753635906,1.281650183636795e-05,0.0,0.6000602978559507,6.932970455591231e-05,1.744670920440042,0.4370396864891849,4.369670088317641e-05,3.612739442088102e-05,9.031848605220255e-06,0.0,0.0,0.038603629040825004,1.5113787047319944,3.205004639798438,0.0,14.238267220082037,0.0,2.709554581566077e-05,2.709554581566077e-05,0.0003011150973366359,0.7505667377182597,4.515924302610127e-05,0.0,0.0,3.7587184853424156,1.6601155067515648e-05,7.883187285509406,9.031848605220255e-06,0.0,0.0508169934640522,2.6350963863761083,0.0,8.659415020866195,0.0,2.1848350441588205e-05,0.0,0.0,1.6601155067515648e-05,0.0,0.0,7.569306462295392e-06,0.0,0.0,0.0,0.1748241995688948,2.417046152981104e-05,0.5333333333333333,3.784653231147696e-06,0.0,0.581628441493187,1.281650183636795e-05,0.044064631198115406,4.894389625724897e-05,0.7888777017133506,0.0606602876640355,0.0,0.747979396161415,0.0,3.784653231147696e-06,0.0897856712814959,312.37970365452946,3.1700130070042025,0.0,0.00019891975664650973,7.457689992998486e-05,0.1888490297668684,0.0007812433587869608,1.806369721044051e-05,0.0,0.0,0.0,0.0,0.0,0.0462453125041238,0.0011622193106012027,0.0,0.0001054570989767,0.0,1.806369721044051e-05,0.0,0.0,0.0,0.0,0.0,0.48774558015870406,0.0229930766775333,0.040481832919409905,0.0,2.56330036727359e-05,0.0,0.002016642422448468,3.612739442088102e-05,0.0,0.0,0.0,0.0006720510198145,0.0,6.468548237946665e-05,0.0,0.0,0.0,0.0,0.0027491713361857562,9.031848605220255e-06,0.0,0.005281221591947241,0.2927951319341468,0.0137525812644693,1.281650183636795e-05,0.0007541478129713,0.0,9.031848605220255e-06,0.0,0.0060610024085912765,0.0,3.7493201478171105,15.985497476478745,7.75019842158346e-05,0.0,0.0,0.4848057849218073,0.0,2.94176569038836e-05,0.054643342337969,0.0,0.0,0.00028476617502116205,1.1540304446335938,1.406558672757784,0.0,0.0,3.612739442088102e-05,0.560103993380776,0.0,2.56330036727359e-05,1.806369721044051e-05,0.0,3.6239355796858943,0.1250125386969953,0.0175007425664525,0.0,0.1439976698095919,1.806369721044051e-05,1.806369721044051e-05,3.784653231147696e-06,26.655834906142637,0.23071104024639127,0.0,0.0327229397777162,0.0,0.012046071064314549,0.0,1.806369721044051e-05,0.0,0.0,0.0,3.784653231147696e-06,0.0,0.0,0.0,0.0,0.0007541478129713,0.0,0.0,0.0,1.166762325578752,2.1848350441588205e-05,0.0,9.031848605220255e-06,3.991204765202871e-05,9.031848605220255e-06,0.8844143455897469,0.0,0.0,0.148205315280581,1.806369721044051e-05,1.5138612924590784e-05,2.56330036727359e-05,37.05866529522414,0.0004502060693691,0.0,0.0,0.0,3.3202310135031295e-05,0.0,0.000126445880473,0.0,3.784653231147696e-06,9.031848605220255e-06,0.0,0.0239125054064201,0.0,0.0
IT,0.0094836238502089,11.519349059754738,0.1905661541308739,0.0109890109890109,0.0,9.234942540923484,3.8623375695519835,1.1435332409982504,54.643562022911,224.39041130909737,193.39381085211647,0.1023809523809523,0.319047619047619,0.615712897890433,2.4474394122255023,0.2859365205091236,9.678758329832593,349.7636032272327,2.583457562389904,39.1763347821374,6.267129162784505,0.0002888485785488,0.3534209254955173,0.0,0.0224442944877794,0.5466619102266301,0.0,172.97004825551232,0.10050125313283201,0.2502164502164502,0.0,0.13815483814915758,1.3635637921534312,0.0179127189551229,299.0575521115117,0.0,0.0126068010692345,0.0002888485785488,0.038791208791208696,580.5371477841402,0.9028107110121799,0.0,22.016623407778976,5.962866462198448,226.99634832614544,17.753043217843764,2.29315017698616,5.986845909405698,0.0001111173974189,0.0,0.0,9.14935996543446,90.69037180641931,941.032137259331,0.0,109.52271217557056,0.0,0.7998571210616783,12.985275979222468,9.027370298151194,6.52271524423987,81.4511878129262,0.0,0.0,849.8757482652843,2.6114737250678246,65.58219759485748,0.0001111173974189,0.0002579979360165,0.0038222963782737,907.0783740872453,0.0353765678767945,1211.4487655860098,0.24477001202982082,3.0917559044137963,0.1,0.0,2.8002174386933194,0.0,0.0,0.1622941437684863,0.0,0.1698412698412698,0.0,187.86639142427669,1.4896490266505114,0.0,0.0001712193494647,0.4158038793685992,30.54457860939787,0.0002502815441074,51.880635994750975,7.142410833260511,76.5136944564886,127.70588556856673,1.1714285714285713,135.98549367138713,0.0,9.717558364681706,196.0285129084398,3.1700130070042025,67632.44464342116,0.0,0.2014377043746188,14.703466478248146,152.16052798281322,4.732968170274806,0.0215821742481989,0.5802037119860719,0.0,1.2179144385026737,0.0038461538461538,0.0,64.92242091840663,1.5167938065858477,0.0,13.904441158134873,4.498182734175393e-05,27.553426041674186,0.0,0.0,0.1162543046429113,0.0002579979360165,0.0,11.894819768575285,11.799315051283141,17.695429487373687,0.016512089551809724,12.872295953849884,1.3268524966827173,0.8658183389595762,1.020796143242527,6.6391368314086705,1.4463205946102948,0.0,6.65267921874252,0.1287465756355737,0.4069131263807949,0.0154423421081664,0.1449774559858592,0.0005776971570977,0.0,15.404860294095897,2.4447740596609804,0.0,0.7623204441224163,33.57921532415477,15.943519197300724,3.2589938965921026,0.5013517957790403,0.2552910052910052,0.1670666326426345,0.7277529148325568,10.289340941874574,0.893742215820995,454.4578446717819,76.15922228858668,3.258934051856276,0.0,0.0,11.700255404661114,1.5629746774621103,1.010190648163211,5.626744016843986,0.0056899004267425,4.498182734175393e-05,4.095231644568771,31.998751746930704,201.47208584418473,0.0,0.0676923076923076,2.508289626883534,130.3390199330545,0.1272727272727272,0.7169523025520965,31.911511028665373,0.2772148394241417,64.68685520330698,47.50003823622595,72.40021298796113,1.0877600743442137,60.05487045149223,0.0002222347948379,0.0002222347948379,5.833693611313011,170.62629007396725,32.59672767048147,0.0,49.06122997944652,0.0,14.717974150524585,0.0,4.376440589139896,0.9971451864638845,0.0,0.0022012780817764997,4.920049200492005e-05,0.0,0.3291662563441065,0.0128205128205128,1.4641977549392762,1.0010429963915202,0.0,0.2669555152452155,1.000288848578549,10.060607610151633,0.2793068426306237,4.498182734175393e-05,0.0147038918973142,25.118356500673364,1.2142525315388333,123.72323715446231,0.0666666666666666,0.0,27.505880851436594,6.223612277925136,10.15653476276141,3.589877621836613,2540.8165272986244,2.0678495067976277,0.6927780532029748,0.5714285714285714,0.0,3.6936919905902483,0.0,15.550171663981104,0.019047619047619,0.1829680213510749,0.4024059985051794,0.0,13.874611294741891,0.29240675771002356,0.0659123998951647
JE,0.0,0.0,0.0,0.0,0.0,0.0,0.0,0.0,0.0,0.0,0.6666666666666666,0.0,0.0,0.0,0.0,0.0,0.0,0.0,0.0,0.0,0.0,0.0,0.0,0.0,0.0,0.0,0.0,0.0,0.0,0.0,0.0,0.0,0.0,0.0,0.059784480752222605,0.0,0.0,0.0,0.0,0.6666666666666666,0.0,0.0,0.0,0.0,0.0,0.0,0.0,0.0,0.0,0.0,0.0,0.0,0.0,0.0,0.0,0.0,0.0,0.0,0.0,0.0,0.0,0.0,0.0,0.0,0.0,0.0,0.0363636363636363,0.0,0.0,0.0,0.010752688172043,0.0,0.0,0.0,0.0,0.0,0.0,0.0,0.0,0.0,0.0,0.0,0.0,0.0,0.0,0.0,0.0,0.0,0.0,0.0,0.0,0.0,0.0,0.0,0.0021505376344086,0.0,0.0,0.0,0.0,0.0,0.0,0.0,15.099225863741992,0.0,0.0,0.5,0.0,0.0,0.0,0.0,0.0,0.0,0.0,0.0,0.0,0.0,0.0,0.0,0.0,0.0,0.0,0.0,0.0,0.0,0.0,0.0,0.0,0.0,0.0,0.0,0.0,0.0,0.0,0.0,0.0,0.0,0.0,0.0,0.0,0.0,0.0,0.0,0.0,0.0,0.0,0.0,0.25,0.0,0.0,0.0,0.0,0.0,0.0,0.0,0.0,0.0043010752688172,0.0021505376344086,0.0,0.0,0.0,0.0,0.0,0.0,0.0,0.0,0.0,0.0,0.0,0.0,0.0,0.0,0.0,0.0,0.0,0.0,0.0,0.0,0.0,0.0,0.0,0.0,0.0,0.0,0.0,0.0,0.0,0.0,0.0,0.0,0.0,0.0,0.0,0.0,0.0,0.0,0.0,0.0,0.0,0.0,0.0,0.0,0.0,0.0,0.0,0.0,0.0,0.0,0.0,0.0,0.0,0.0,0.0,0.0,0.0,0.0,0.0,0.0,0.0,2.2709939701875186,0.0,0.0,0.0,0.0,0.0,0.0,0.0,0.0,0.0,0.0,0.0,0.0,0.0,0.0
JM,0.0,1.5207888414581947e-05,3.5985461873403146e-05,0.0,0.0,8.842150293321484e-05,4.961021350553485e-05,4.961021350553485e-05,0.0129890012988128,0.03654017872790267,0.5286660836560598,0.0,0.0,4.2797837689469e-05,1.5207888414581947e-05,3.008864954901749,0.0001839958276931,0.00041516521410316846,3.5985461873403146e-05,0.0001172541429799,0.0,1.7992730936701573e-05,3.3200619351283524e-05,0.7506493506493506,3.041577682916389e-05,3.5985461873403146e-05,0.0,0.7784030528304194,0.30270596916694914,0.0,0.0,0.1188831633202452,3.5985461873403146e-05,6.812375816065853e-06,4.442941716562939,0.0,8.804007189043399e-05,1.7992730936701573e-05,0.0066666666666666,0.8063551916888647,4.0012995167349374e-05,0.019047619047619,0.1096207283257464,0.1840108588649456,0.5345621415421994,0.0001789469563673,0.0129129618567399,0.4129173298360445,1.5207888414581947e-05,0.0,0.0,7.603944207290974e-05,0.000236472853785,0.23172192486577897,0.0,0.0046443860957563,0.0,0.02347342199261415,6.361639618044741e-05,9.801872127140032e-05,0.00036432781134299996,0.0001839958276931,0.0,0.0,0.0059593589693937,0.2092250126880026,0.001272342824474,0.0303182381914448,0.0,0.0,0.0947181300747293,1.7992730936701573e-05,5.273156664051725,0.1747638326585694,7.32136145186329e-05,0.0,0.0,0.1769292382869651,0.0,0.0,1.3624751632131706e-05,0.0,0.020242914979757,0.0,0.0004877837865620369,7.844285355224851e-05,0.0,6.812375816065853e-06,3.5985461873403146e-05,0.0003143206652774684,0.0158474794103145,0.0001460867830266,0.3337040688462095,0.0026672735313163685,0.0669790969924602,0.0,2.5257058468383917,0.0,0.0002047324161197,0.009193977497171,0.00019891975664650973,0.2014377043746188,0.0,134.3930249958193,0.0001628778082236,0.0003137549866298,0.3305716071307266,4.840850776586547e-05,1.7992730936701573e-05,0.0,0.0,0.0,0.0,0.0002116677470323,0.00011541641014832793,0.0625730994152046,0.0035306544516801,1.7992730936701573e-05,6.640123870256705e-05,0.6281765018607124,0.0,0.0066846593976033,0.0,0.0,0.0001920918793131,5.401917784226193e-05,9.681701553173094e-05,3.5985461873403146e-05,0.0001340041831448,0.0,2.20202642306478e-05,6.083155365832779e-05,0.0,1.7992730936701573e-05,0.0,3.3200619351283524e-05,3.5985461873403146e-05,0.0001260310866212,1.7992730936701573e-05,0.0,3.5985461873403146e-05,0.0,5.924841687587755e-05,1.5207888414581947e-05,0.0,8.439396963926861e-05,3.5073528035897357,0.0526038466857698,7.599845704075252e-05,0.4040485829959514,0.019047619047619,3.3200619351283524e-05,0.0,0.4759063975688427,3.5985461873403146e-05,0.0019378673991858,0.0030213525957121,0.0035173701460586,0.0,0.0,0.37769244972361127,0.0,8.68383661507646e-05,0.013148151034721,0.0,1.7992730936701573e-05,0.1430557515311906,0.0080292206663137,0.0007735967562862,0.0,0.0,6.083155365832779e-05,0.9052813763794798,0.0,0.003413359323668,0.2666970824434958,0.0,0.0479079565138924,0.0001079973706523,0.050447009158125306,1.7992730936701573e-05,0.0001188372797623,3.041577682916389e-05,0.0342295499759633,0.0077968573158868,0.0037592705102455996,0.0002997488039549,0.0,9.523387874928069e-05,0.0,0.0001188372797623,0.0,3.041577682916389e-05,0.0111233782734041,0.0,0.0,6.812375816065853e-06,0.0,3.5985461873403146e-05,0.0,0.0,1.7992730936701573e-05,0.1111111111111111,1.7992730936701573e-05,1.7992730936701573e-05,0.1413821298673661,3.722815264522975e-05,1.7992730936701573e-05,1.5207888414581947e-05,8.563666041109521e-05,1.5207888414581947e-05,0.0003028331074554,4.791446798815219,0.0,0.0001532805898854,0.0001203794315126,8.122769607436813e-05,0.0001160114522081,24.3501989081364,0.0257198499256206,1.7992730936701573e-05,0.0,0.0,0.33342698407530014,0.0,0.0027299428178063,0.0,6.812375816065853e-06,3.3200619351283524e-05,0.0,1.8859128660314095,0.0033693187952067,1.7992730936701573e-05
JO,0.0,51.499675222563276,3.5985461873403146e-05,0.0,0.0,0.001539679718163,0.0015659865430911,5.112407479799393e-05,0.10585040792140149,6.500639605069372,19.736708203584392,0.0,0.0,0.0180894190018893,0.0563641217291923,0.0357441164742577,2.2780299555862684,0.5961045817831032,3.5985461873403146e-05,0.0052095610519789,5.772753964556275,1.7992730936701573e-05,0.02226528890850629,0.0,0.1914550500221297,3.5985461873403146e-05,0.0,2.413363269849936,0.0,0.0,0.0,0.022267012463628392,3.5985461873403146e-05,7.569306462295392e-06,23.846802650614418,0.0,9.182472512158168e-05,1.7992730936701573e-05,0.0061538461538461,2.2018011136786413,4.0477417384993937e-05,0.0,0.3432501467222131,0.0004180933255215913,5.83089621348643,0.1684062619045855,0.0003939069860575802,0.00010580555717878237,1.4915379985996977e-05,0.0,0.0,0.9091867522707209,0.9794966153251414,19.680448714184013,0.0,0.0383662431077635,0.0,0.0007832927565864,4.862357723065191,0.6752310297690328,0.0117325830197245,29.049989091201805,0.0,0.0,2.822675317998179,0.189889735757243,0.0874749491217765,7.366978656649052e-05,0.0001447537185859,1.6638935108153077e-05,4.35818730560208,1.7992730936701573e-05,54.642394123164216,0.0,0.0014395521287329,0.0,0.0,1.3421233875711778,0.0,0.0,3.1777548032743864e-05,0.0,0.0666666666666666,0.0,1.6331266841641938,0.0182722277141691,0.0,2.420824157044847e-05,3.5985461873403146e-05,0.1944174380336784,5.847014832169551e-05,0.6650807019104858,2.1135084506986366,0.3947074352099845,1.0743303300225424,0.0,17.169282034290365,0.0,17.13604805945136,4.575002610403212,7.457689992998486e-05,14.703466478248146,0.0,0.0001628778082236,2168.0136105429924,1.9598490443346643,0.0022886444127885003,0.00047427853747372684,0.0476370403499843,0.0,0.0,0.0,0.0,1.9818921775719855,8.911767616908108,0.0,0.7477136421973958,0.0003486623368887,13.021183766029122,0.0,0.0,0.0086519198108082,8.599931200550395e-05,0.0,0.0201896312172449,0.0034812109874280267,9.564698181739105e-05,2.039093228813778,4.060823772718887,0.0,2.2484686448292367e-05,5.96615199439879e-05,0.0,1.7992730936701573e-05,0.0,0.0016655611721471,3.5985461873403146e-05,0.0001221771579,0.0001999664690208,0.0,3.5985461873403146e-05,0.0,7.004332824397302e-05,1.4915379985996977e-05,0.0,0.13543600464980532,0.360702047666779,28.791732390448843,7.646287925839708e-05,0.0,0.0,3.290811092269855e-05,1.6638935108153077e-05,1.053235843174005,3.5985461873403146e-05,1.536389019528167,0.0810647405091531,0.271960802472639,0.0,0.0,1.0139565314244088,9.558179634721961,0.00023149773905199131,0.3085889127796019,0.0,1.7992730936701573e-05,0.0612902298194569,7.576849077296787,2.576253445215176,0.0,0.0,8.19700478156018,0.8461059770101051,0.0,0.0223031770569922,23.200380758078783,0.0,0.5578200994774823,0.2498847545692925,0.9988366885934983,0.0002487457615282016,72.34737616880221,2.983075997199395e-05,2.983075997199395e-05,0.8090398891730185,1.7657075423938302,0.4909910617559129,0.0,0.010350671778575992,0.0,0.0001181316682656,0.0,2.983075997199395e-05,3.5985461873403146e-05,0.0,0.0,7.569306462295392e-06,0.0,3.5985461873403146e-05,0.0,1.7466521804489834,1.7992730936701573e-05,0.0,1.7992730936701573e-05,1.7992730936701573e-05,1.3394377511232864,3.740006643428934e-05,0.0001833275339127,1.4915379985996977e-05,1.1803965623202135,1.4915379985996977e-05,10.707101215856735,0.0083333333333333,0.0,1.2982257490856122,0.0001197944146555,0.0262590468108419,0.013195598227394393,131.85457188747634,0.0225922741339216,0.1545999555066511,0.0,0.0,9.609344769457864e-05,0.0,1.3988353586160205,0.0,7.569306462295392e-06,1.9147232665289375,0.0,2.3138470698642863,0.1621411352140819,0.0222402149531589
JP,0.1666666666666666,6.214361206179752,2.7531925959055394,0.0,0.0,0.0016236969948983,0.0565279511402421,0.0018308011510817,4.073695109596661,42.545650819129484,119.7607765328589,0.0,0.0,0.000650192520275,0.0013171292373973,7.015591069213301e-05,38.16168766760578,38.25018470485128,0.5555735482864923,18.51462757062631,0.6249551029108362,0.3333423296988017,7.455004689859125e-05,0.0,0.3120735764243071,0.4351712494359175,0.0,22.590047643600577,0.0,0.3655822682719493,0.0,0.003877267684755674,1.8096095657443594,1.5138612924590784e-05,128.91529284887326,0.0,0.4024836345419803,8.996365468350786e-06,0.0,56.00617241599976,0.30482111769564374,0.0,7.080569613411875,4.154233233816029,687.4958552614594,1.8988470040289276,0.035140471619156,0.657488315073074,3.507795534606651e-05,0.0,0.0,5.021063804103216,16.240872878999177,194.31444970382847,0.0,18.17409452564774,0.0,0.4383808023545506,0.0722623585667775,0.3458973058363245,0.5277575744822621,96.9110305919927,0.0,0.0,69.72973980966594,2.069994650505389,12.527895780945045,0.6320253061698305,0.0005832794700744,4.991680532445923e-05,154.00352617743533,8.996365468350786e-06,254.59404254925855,0.3439717370751853,0.033595908836915406,0.0,0.0,3.2299969587522606,0.0,0.0001137785868699,0.1099703039212835,0.0,0.0,0.0,15.514305008464625,0.21484612632559058,0.0,6.505541824905001e-05,0.0130898881557733,0.8092266220921445,6.820929920735886e-05,12.051205587659371,113.29227143421843,5.8575416149783415,11.283329720113482,0.0,136.0803084204155,0.0,3.4777896113164144,24.25863805686742,0.1888490297668684,152.16052798281322,0.5,0.0003137549866298,1.9598490443346643,95822.765990832,5.497947292033926,0.0260219720003961,3.988652808303025,0.0,0.0,0.0037836147592245,0.0,255.55906201563306,0.20758318094831849,0.0,16.670875170966745,2.473501570977069,2.134372891317695,0.0,0.0128205128205128,5.826647603615004,0.000171998624011,0.0,1.2644473449036504,0.116548162374212,0.47890168003864086,0.08262533543635431,2.377094181310773,0.5569337095652884,0.0005622493383679,0.0001403118213842,0.0,0.4000089963654684,0.0,0.0249496318394449,0.08573227844522241,11.662130620102841,13.957743082538185,0.0,1.7992730936701573e-05,0.0,3.8244084110603964,0.025676103596371666,0.0,0.3017310555897401,6.953893075982323,56.48719279147495,0.1667438723313423,0.0,0.2442002442002441,4.4074320814417294e-05,0.0007962364808178,8.508392285487703,0.3788058715188154,67.14014987490398,12.884081591151558,8.661968354557846,0.0,0.0,7.266702348269757,1.1588769641841183,0.0888582036309949,3.0233428491148304,0.0277777777777777,0.1021734985299704,18.35843049371863,8.231107108244855,18.561494282418376,0.0,0.0,4.224087619763846,10.814321647051745,0.7696969696969697,0.09094577038940371,1.6259325271694653,0.2244370616463639,6.860354071585796,2.415518856659427,29.57921362669621,0.863433059922457,31.252255806086982,7.015591069213301e-05,7.015591069213301e-05,0.5070668287903493,54.11053473785122,99.93727457126222,0.0,2.344146502855258,0.0,3.04186777106853,0.0,7.015591069213301e-05,0.0288861073749134,0.0,0.0,1.5138612924590784e-05,0.0,0.0852452654582093,0.0,0.0678912590677295,8.996365468350786e-06,0.0,8.996365468350786e-06,8.996365468350786e-06,154.76294334911265,8.529452361672379e-05,6.41079664603596e-05,3.4677701206903886,5.215670106294007,3.507795534606651e-05,32.83859682431044,0.0222222222222222,0.0,155.2827270868529,0.0164205120083677,7.600317260256585,2.0882350920340507,1870.1076732810873,1.0557512125976058,3.138264374468015,0.0,0.0,0.32949909880968853,0.0,65.86056963370562,0.0047619047619047,1.5138612924590784e-05,0.0020406266302774,0.0,7.014056399231698,2.370514163227107,1.5019029357594076
KE,0.0,0.20093874152716035,3.5985461873403146e-05,0.0,0.0,0.0068800021575539,0.0019510753800635,0.0063615859844467,0.0282873941005869,0.6048806091292251,6.406156081354208,0.0,0.0,0.0023371068285247,0.0156572938941648,0.0132701137280554,0.2812972250055734,7.916001111434724,0.1983212893059907,0.1224436254587468,1.0158575361391318e-05,0.0374171267330068,0.1022685753861254,0.0,1.0838218326264304e-05,0.0036591738676705035,0.0,2.341292793019005,0.0302408319649698,0.0066666666666666,0.0,0.4879090044006349,0.0359453645771248,0.0081382807267476,13.45846175698351,0.0,2.0224399304166507,0.0001155394314195,0.41801863448689536,3.112737926987708,0.6818285693793652,0.0,0.0373652665846816,2.1901638427026353,5.427904002232546,0.3939916264447473,0.0033775440847999,0.00911759422954343,0.0424962616000056,0.0,0.0,0.0020343761908671,0.0327373085845244,13.859464060428257,0.0,2.234982784665804,0.0,5.22427893627996e-05,0.6712234600364647,0.0039978415337187,0.10095503370507121,1.9475121566492009,0.0,0.0,2.4325647771858856,4.951489217092925,2.2144624599325864,5.419109163132152e-06,0.0,0.0,4.515499154488586,0.20813558955673278,21.87331016230352,0.1083091464769578,0.0125430384478167,0.0,0.0,4.685952707104601,0.0,0.0,0.0106593998830128,0.0048780487804878,0.0269905533063427,0.0,0.0092997543842906,5.048773879128977e-05,0.0,2.2707919386886176e-06,0.0083693187952067,0.0025250769620566824,4.367536297522392e-05,2.607218342158227,2.0247360345328826,0.0803869237376764,0.1497807124177964,0.0,4.664647065628503,0.0,0.20377995589604916,0.8934837648938666,0.0007812433587869608,4.732968170274806,0.0,0.3305716071307266,0.0022886444127885003,5.497947292033926,758.1508339250622,0.0001246163898759927,1.7992730936701573e-05,0.0,0.0,0.0,0.0,1.600927810269937,0.0171151583805553,0.0,0.0007078334063628,1.7992730936701573e-05,0.03437323459148,0.0,0.0,0.006092614150385627,0.0,0.0,0.003431783224306,0.00017177937720927634,0.0002527552994916,0.0024312043340496913,0.0727570248159567,0.0,7.68990110182077e-06,2.167643665252861e-05,0.0,0.0116519562309942,0.0,0.0001209585405826,0.0701900340969366,5.680402036438156e-05,1.7992730936701573e-05,0.0,0.0012411798729401,0.0,0.004909006267215891,0.13695934536716792,0.0,1.6983518734855694,0.3786911069128557,0.0760931267755714,0.1507344924219109,0.2093246038962499,0.0,0.0001209585405826,0.0,5.9679301066573105,0.0100603990424024,9.928653045338534,0.0108509831356721,0.02106594101339549,0.0,0.0,0.39186795202767943,0.5279714437609173,0.0092136649704163,0.0306607291476526,0.0,0.0073709339074072,0.2110234990935806,3.378708459489583,0.4774620667128983,0.0,0.0,0.0019013756847728,0.4579804670196408,0.0,0.0033532823867418998,0.0057837448880796736,0.0,0.6477249576181495,0.0035938947900175998,0.0673394404237738,2.9313214879259735,0.9126020593985269,1.0838218326264304e-05,0.2672887400176979,0.0529299189023981,1.7822908454883413,0.1121806209704766,0.0,0.005430070929366501,0.0,0.0058926417940525,0.0079365079365079,1.0838218326264304e-05,0.5692934859950364,0.0,0.0066038342453298,0.1929315637212316,0.0,3.5985461873403146e-05,0.0,0.0,0.3622161568667225,0.0,0.1678644571803373,0.1429726822885623,0.45096773782261024,0.05883663842202965,0.0066846593976033,5.419109163132152e-06,0.054115153017611994,5.419109163132152e-06,0.9854187673643093,0.0141295546558704,0.0,0.9075938565560112,7.192194712315604,0.0092583862820559,10.802769053629822,115.00803160761237,0.0041412229728224,0.0128385055514495,0.0,0.0,0.04953932783975,0.0,0.006716586310319157,0.0,0.0033041879146036,0.0006499782561399,0.0,18.78786134582905,0.9371029127108096,1.248673271298446
KG,0.0,0.1794907922266216,1.7992730936701573e-05,0.0,0.0,0.0180968359126406,0.041590073099118094,2.102045352161973e-05,4.453874303206186e-05,0.027421866543201,0.014546434235872402,0.0,0.0,0.0370235948917395,0.0225947621576532,7.225478884176204e-06,0.0006231578999406,0.08201735846030643,1.7992730936701573e-05,0.0158159234376329,0.0,8.996365468350786e-06,1.2609104910438888e-05,0.0,7.225478884176204e-06,1.7992730936701573e-05,0.0,0.465074728605706,0.0,0.0,0.0,8.996365468350786e-06,0.4501741803013119,1.5138612924590783e-06,0.029083246021260202,0.0,3.455840286734775e-05,8.996365468350786e-06,0.0,0.215843230919817,1.4122966202897966e-05,0.0,5.110823878532918e-05,5.472097822741729e-05,0.15991452772313774,4.639643190264013e-05,2.6475045821621352e-05,3.244368870505398e-05,3.612739442088102e-06,0.0,0.0,0.0021343573172634,0.0178229401428539,0.6554660913888662,0.0,0.1521081236885975,0.0,2.883094926296588e-05,0.007468561200878227,3.724229787414672e-05,0.0077241984143819,0.1740916497331578,0.0,0.0,0.0184967387167,0.0011920512112567094,0.1933335876415586,3.612739442088102e-06,0.0,0.0,1.8422271108052397,8.996365468350786e-06,1.03364261865258,0.0,0.041230912796956204,0.0,0.0,0.00013841136451343624,0.0,0.0,3.027722584918157e-06,0.0,0.0,0.0,0.0497838139296787,2.766091554862599e-05,0.0,1.5138612924590783e-06,1.7992730936701573e-05,0.0309112365925604,2.3119331671248758e-05,0.0032591808228519,0.002022876078353727,0.0475066092951758,0.0024411882293033,0.0,2.17420866344475,0.0,0.0014231523052525,0.019609474468558,1.806369721044051e-05,0.0215821742481989,0.0,4.840850776586547e-05,0.00047427853747372684,0.0260219720003961,0.0001246163898759927,63.84459653928846,8.996365468350786e-06,0.0,0.0,0.0,0.0,0.048186682087803905,1.7478680353270565e-05,0.0,3.9787548307388523,0.0002294427694363,0.08367478338773524,0.0,0.0256410256410256,0.00021500500806532683,0.0,0.0,0.0076599208185914,0.00010872253708892015,0.0084584406772849,1.7992730936701573e-05,5.523502881084829e-05,0.0,0.049909779537423996,0.009051669902108,0.0,8.996365468350786e-06,0.0,0.0239237457575235,1.7992730936701573e-05,3.4870558420137445e-05,0.0001192195674523,0.0,1.7992730936701573e-05,0.0,0.008439862929491,3.612739442088102e-06,0.0,0.00013000001590225539,0.0002727510692623739,0.046135112320283424,3.211569713959954e-05,0.0,0.0,1.2609104910438888e-05,0.0,0.0003260023126678,1.7992730936701573e-05,0.699830705229515,0.0106144833944937,0.0003886594960434,0.0,0.0,0.00015351830541269752,0.0073529411764705,2.975979369825501e-05,0.0001201224062209,0.0,8.996365468350786e-06,0.0002673410504414,0.5479026968242552,0.1715590997444979,0.0,0.0,1.4450957768352408e-05,0.0102514997306766,0.0,2.824593240579593e-05,0.4285786540503127,0.0,0.0367749889176387,0.03648688784708193,5.8266343117709445,8.996365468350786e-06,1.618707077779312,7.225478884176204e-06,7.225478884176204e-06,1.9506592229160653e-05,0.037205368703849495,0.001692062849373,0.0,0.0338256391374549,0.0,0.0025570495740023,0.0,0.0117283314436361,1.7992730936701573e-05,0.0,0.0,1.5138612924590783e-06,0.0,1.7992730936701573e-05,0.0,0.0,8.996365468350786e-06,0.0,8.996365468350786e-06,8.996365468350786e-06,0.0014540821326651,0.03633295737982779,0.0001192195674523,0.0296466274275503,2.4961184529162272e-05,3.612739442088102e-06,0.3960853910825551,0.0,0.0,0.0001511492055739,5.2207306225930135e-05,0.2614421003307625,0.0030492416663455,0.8167008077595421,2.3447323236703192e-05,0.039651498630447604,0.0,0.0,3.127365499071409e-05,0.0,0.0001877906505783,0.0,1.5138612924590783e-06,0.0002330555088784,0.0,0.0004359816857574,1.7992730936701573e-05,8.996365468350786e-06
KH,0.0,0.1,1.7992730936701573e-05,0.0,0.0,1.7992730936701573e-05,1.7992730936701573e-05,1.7992730936701573e-05,8.996365468350786e-06,1.7992730936701573e-05,1.1401115101997144,0.0,0.0,1.7992730936701573e-05,0.0,0.0,0.1713183460089019,0.5727452654582095,1.7992730936701573e-05,1.7992730936701573e-05,0.0,8.996365468350786e-06,8.996365468350786e-06,0.0,0.1456999829894777,1.7992730936701573e-05,0.0,4.498182734175393e-05,0.0,0.0067118660542878,0.0,8.996365468350786e-06,1.7992730936701573e-05,0.0,0.8001843138070167,0.0,2.698909640505236e-05,8.996365468350786e-06,0.0,0.4595629573921063,8.996365468350786e-06,0.0,2.698909640505236e-05,2.698909640505236e-05,0.1504748174424803,8.996365468350786e-06,8.996365468350786e-06,1.7992730936701573e-05,0.0,0.0,0.0,0.0,0.2143127033821193,0.8095597949856829,0.0,0.0714465641595081,0.0,1.7992730936701573e-05,8.996365468350786e-06,2.698909640505236e-05,8.996365468350786e-06,5.397819281010472e-05,0.0,0.0,2.5000989600201518,3.5985461873403146e-05,8.996365468350786e-06,0.0,0.0,0.0,2.497038803626392,8.996365468350786e-06,1.3441939778909966,0.0,1.7992730936701573e-05,0.0,0.0,3.5985461873403146e-05,0.0,0.0,0.0,0.0,0.0,0.0,0.0,1.7992730936701573e-05,0.0,0.0,1.7992730936701573e-05,8.996365468350786e-06,1.7992730936701573e-05,1.7992730936701573e-05,0.72901446541513,8.996365468350786e-06,8.096728921515707e-05,0.0,0.0642913764143602,0.0,9.896002015185864e-05,0.0057087617946666,0.0,0.5802037119860719,0.0,1.7992730936701573e-05,0.0476370403499843,3.988652808303025,1.7992730936701573e-05,8.996365468350786e-06,46.189993735850244,0.0,0.0,0.0,0.0,2.299116195296592,0.0,0.0,8.996365468350786e-06,0.3806637799673248,1.7992730936701573e-05,0.0,0.0,0.0214532536515354,0.0,0.0,8.996365468350786e-06,0.0,1.7992730936701573e-05,1.7992730936701573e-05,4.498182734175393e-05,0.0,0.0,0.0,0.0,8.996365468350786e-06,0.0,8.996365468350786e-06,1.7992730936701573e-05,0.043625624324518,0.0067208624197562,0.0545454545454545,1.7992730936701573e-05,0.0,0.0,0.0,0.0,2.698909640505236e-05,2.698909640505236e-05,1.0341959951857544,2.698909640505236e-05,0.0,0.0,8.996365468350786e-06,0.0,1.3031472557813917,1.7992730936701573e-05,0.0064696056341625,0.0476280439845159,0.1881379130491388,0.0,0.0,0.0513000440129879,0.0,1.7992730936701573e-05,8.096728921515707e-05,0.0,0.018190814547286452,0.0815181869608125,0.0057627399874767,3.5985461873403146e-05,0.0,0.0,0.0,1.7992730936701573e-05,0.0,1.7992730936701573e-05,0.0,0.0,2.698909640505236e-05,2.698909640505236e-05,5.397819281010472e-05,8.996365468350786e-06,0.0936687863817303,0.0,0.0,1.7992730936701573e-05,0.3416846593976034,0.6516400147009243,0.0,1.7992730936701573e-05,0.0,1.7992730936701573e-05,0.0,0.0,1.7992730936701573e-05,0.0,0.0,0.0,0.0,0.6666846593976034,0.0,0.0,8.996365468350786e-06,0.0,8.996365468350786e-06,8.996365468350786e-06,1.311023621688473,0.0,8.996365468350786e-06,0.0,8.996365468350786e-06,0.0,2.081357173176691,0.0,0.0,0.0294775953992847,4.498182734175393e-05,2.698909640505236e-05,3.5985461873403146e-05,5.144822602381076,8.996365468350786e-06,8.996365468350786e-06,0.0,0.0,1.7992730936701573e-05,0.0,0.088985231962287,0.0,0.0,8.996365468350786e-06,0.0,0.0001079563856202,1.7992730936701573e-05,8.996365468350786e-06
KI,0.0,0.0,0.0,0.0,0.0,0.0,0.0,0.0,0.0,0.0,0.0,0.0,0.0,0.0,0.0,0.0,0.0,0.0,0.0,0.0,0.0,0.0,0.0,0.0,0.0,0.0,0.0,0.0,0.0,0.0,0.0,0.0,0.0,0.0,0.0,0.0,0.0,0.0,0.0,0.0,0.0,0.0,0.0,0.0,0.0,0.0,0.0,0.0,0.0,0.0,0.0,0.0,0.0,0.0,0.0,0.0,0.0,0.0,0.0,0.0,0.0,0.0,0.0,0.0,0.0,0.0,0.0,0.6666666666666666,0.0,0.0,0.0,0.0,0.0,0.0,0.0,0.0,0.0,0.0,0.0,0.0,0.0,0.0,0.0,0.0,0.0,0.0,0.0,0.0,0.0,0.0,0.0,0.0,0.0,0.0,0.0,0.0,0.0,0.0,0.0,0.0,0.0,0.0,0.0,0.0,0.0,0.0,0.0,0.0,0.0,1.0,0.0,0.0,0.0,0.0,0.0,0.0,0.0,0.0,0.0,0.0,0.0,0.0,0.0,0.0,0.0,0.0,0.0,0.0,0.0,0.0,0.0,0.0,0.0,0.0,0.0,0.0,0.0,0.0,0.0,0.0,0.0,0.0,0.0,0.0,0.0,0.0,0.0,0.0,0.0,0.0,0.0,0.0,0.0,0.0,0.0,0.0,0.0,0.0,0.0,0.0,0.0,0.0,0.0,0.0,0.0,0.0,0.0,0.0,0.0,0.0,0.0,0.0,0.0,0.0,0.0,0.0,0.0,0.0,0.0,0.0,0.0,0.3333333333333333,0.0,0.0,0.0,0.0,0.0,0.0,0.0,0.0,0.0,0.0,0.0,0.0,0.0,0.0,0.0,0.0,0.0,0.0,0.0,0.0,0.0,0.0,0.0,0.0,0.0,0.0,0.0,0.0,0.0,0.0,0.0,0.0,0.0,0.0,0.0,0.0,0.0,0.0,0.0,0.0,0.0,0.0,0.0,0.0,0.0,0.0,0.0,0.0,0.0,0.0,0.0
KM,0.0,0.0,0.0,0.0,0.0,0.0,0.0,0.0,0.0,0.0,0.0,0.0,0.0,0.0,0.0,0.0,0.0,0.0,0.0,0.0,0.0,0.0,0.0,0.0,0.0,0.0,0.0,1.0,0.0,0.0,0.0,0.0,0.0,0.0,0.0,0.0,0.0,0.0,0.0,0.0,0.0,0.0,0.0,0.0,0.0,0.0,0.0,0.0,0.0,0.0,0.0,0.0,0.0,0.0714285714285714,0.0,0.0,0.0,0.0,0.0,0.0,0.0,0.3,0.0,0.0,0.0,0.0,0.0,0.0,0.0,0.0,0.3571428571428571,0.0,0.0,0.0,0.0,0.0,0.0,0.0,0.0,0.0,0.0,0.0,0.0,0.0,0.0,0.0,0.0,0.0,0.0,0.0,0.0,0.0,0.0,0.0,0.0,0.0,0.0,0.0,0.0,0.0,0.0,1.2179144385026737,0.0,0.0,0.0,0.0,0.0,0.0,0.0,0.0,8.78384605590488,0.0,0.0,0.0,0.0,0.0,0.0,0.0,0.0,0.0,0.0,0.0,0.0,0.0,0.0,0.0,0.0,0.0,0.8351648351648351,0.0,0.0,0.0,0.0,0.2666666666666666,0.0,0.0,0.0,0.0,0.0,0.0,0.0,0.0,0.0,0.0,0.0,0.0,0.0,0.0,0.0,0.0,0.0,0.0,0.0,0.0,0.0,0.0,0.0,0.0,0.0,0.0,0.0,0.0,0.0,0.0,0.0,0.0,0.0,0.0,0.1818181818181818,0.0,0.0,0.0,0.0,0.0,0.0,0.0,0.0,0.0,0.0,0.0,0.0,0.1989010989010989,0.0,0.0,0.0,0.0,0.0,0.0,0.0,0.0,0.0,0.0,0.0,0.0,0.0,0.0,0.0,0.0,0.0,0.0,0.0,0.0,0.0,0.0,0.0,0.0,0.0,0.0,0.0,0.0,0.0,0.0363636363636363,0.0,0.0,0.0,0.0,0.0,0.0,0.0,0.0,0.0,0.0,0.0,0.0,0.0,0.0,0.0,0.0,0.0,0.0,0.0,0.0,0.0
KN,0.0,0.0,0.0,0.3333333333333333,0.1428571428571428,0.0,0.0,0.0,0.0,0.0048780487804878,0.08398268398268391,0.1,0.0,0.0,0.0,0.0952380952380952,0.0,0.0476190476190476,0.0,0.0,0.0,0.0,0.0,0.0,0.0,0.0,0.0444444444444444,0.1692307692307692,0.0,0.0,0.0,0.0,0.0,0.0,1.660558682509902,0.0,0.0,0.0,0.0,0.109581881533101,0.0,0.0,0.6753246753246752,0.0,0.5017615176151761,0.0,0.0,0.0,0.0,0.084992784992785,0.0,0.0,0.0,0.0148217636022514,0.0,0.0588235294117647,0.6341991341991341,0.0,0.0,0.0,0.0,0.0,0.0,0.0,0.0,0.0,0.0,0.0,0.0,0.0,0.0691056910569105,0.0,0.7529299968324358,0.3333333333333333,0.0,0.0,0.0,0.0444444444444444,0.0,0.0,0.0,0.0,0.0,0.0,0.0,0.0,0.0,0.0303030303030303,0.0,0.0,0.0,0.0,0.0,0.7714285714285714,0.0,0.0,0.7106782106782106,0.0,0.0357142857142857,0.2167247386759581,0.0,0.0038461538461538,0.0,0.0,0.0,0.0037836147592245,0.0,0.0,0.0,0.0,0.0,23.60055338810719,0.0,0.0024390243902439,0.0,0.1,0.0,0.0,0.0,0.0,0.0,0.0,0.0,0.0,0.0,0.0,0.0,0.0,0.0,0.0,0.0,0.0,0.0,0.0,0.0,0.0,0.0,0.0,0.064141414141414,0.0,0.0,0.0,0.0,0.0,0.0,0.0,0.0,0.0444444444444444,0.0,0.0,0.0,0.0,0.0,0.3035353535353535,0.0,0.0221940660965051,0.0,0.0476190476190476,0.0,0.0,0.3243700743700743,0.0,0.0,0.0277777777777777,0.0,0.0,0.0627705627705627,0.3151515151515152,0.8103174603174603,0.0,0.0,0.0,0.0,0.0,0.0,0.0,0.0,0.0,0.0,0.0595959595959596,0.0,0.0,0.0,0.0,0.0,0.0012820512820512,0.0,0.0,0.0,0.0,0.0,0.0,0.0,0.0,0.0,0.0,0.0,0.0,0.0151515151515151,0.0,0.0,0.0,0.0,0.0,0.0,0.1117604617604616,0.0,0.0,0.0,0.0,0.0,0.0181818181818181,0.0476190476190476,0.0,0.0,0.0,0.084992784992785,0.0,5.41698428305315,0.0,0.0,0.0,0.0476190476190476,0.0,0.0,0.1117604617604616,0.0,0.0,0.0,0.0,0.1568542568542568,0.0,0.0
KP,0.0,0.0,0.0,0.0,0.0,0.0,0.0,0.0,0.0,0.0,0.0,0.0,0.0,0.0,0.0,0.0,0.0,0.0,0.0,0.0,0.0,0.0,0.0,0.0,0.0,0.0,0.0,0.5333333333333333,0.0,0.0,0.0,0.0,0.0,0.0,0.0,0.0,0.0,0.0,0.0,0.0,0.0,0.0,0.0,0.0,0.9833333333333334,0.0,0.0,0.0,0.0,0.0,0.0,0.0,0.0,0.0,0.0,0.0,0.0,0.0,0.0,0.0,0.0,0.0,0.0,0.0,0.0,0.0,0.0,0.0,0.0,0.0,0.0,0.0,0.0,0.0,0.0,0.0,0.0,0.0,0.0,0.0,0.0,0.0,0.0,0.0,0.0,0.0,0.0,0.0,0.0,0.0,0.0,0.0,0.0,0.0,0.0,0.0,0.0,0.0,0.0,0.0,0.0,0.0,0.0,0.0,0.0,0.0,0.0,0.0,0.0,0.0,0.0,0.0,12.4,0.6666666666666666,0.0,0.0,0.0,0.0,0.0,0.0,0.0,0.0,0.0,0.0,0.0,0.0,0.0,0.0,0.0,0.0,0.0,0.0,0.0,0.0,0.0,0.0,0.0,0.0,0.0,0.0,0.0,0.0,0.0,0.0,0.0,0.0,0.0,0.0,0.0,0.0,0.0,0.0,0.0,0.0,0.0,0.0,0.0,0.0,0.0,0.0,0.0,0.0,0.0,0.0,0.0,0.0,0.0,0.0,0.0,0.0,0.0,0.0,0.0,0.0,0.0,0.0,0.0,0.0,0.0,0.0,0.0,0.0,0.0,0.0,0.0,0.0,0.0,0.0,0.0,0.0,0.0,0.0,0.0,0.0,0.0,0.0,0.0,0.0,0.0,0.0,0.0,0.0,0.0,0.0,0.0,0.0,0.0,0.0,0.0,0.0,0.0,0.0,0.0,0.0,0.0,0.0,0.0,0.0,0.0,0.0,0.0,0.0,0.0,0.0,0.0,0.0,0.0,0.0,0.0,0.0,0.0,0.0,0.0
KR,0.0,22.681285333247793,0.16670265212854,0.0,0.0,0.0083986166746767,0.0910719520471653,0.0051685024637196,2.18497582968135,10.726339454299424,70.42153952320851,0.0,0.0,0.0001878127711822,0.0589610008553036,4.183901201259814e-05,45.220175376330005,16.504169856193435,0.1905121759380638,0.1804114082439486,0.4995693370586135,1.7992730936701573e-05,6.93879630271746e-05,0.0,0.2171291648558768,3.5985461873403146e-05,0.0,14.119548104384553,0.0,0.023333880100119,0.0,0.3114419547462691,1.080275509705109,8.326237108524932e-06,93.12833508283435,0.0,9.560937835272938e-05,1.7992730936701573e-05,0.0,23.168219962136746,4.7238474051525584e-05,0.0,6.226587598570536,0.47538715163547707,489.80909289192925,0.5640912396047708,0.2058098764817078,0.48455201184914953,2.091950600629907e-05,0.0,0.0,5.957996550425973,4.092132575999929,83.71926123167547,0.0,14.888670974580954,0.0,0.002049475740937461,1.3211036323485934,0.57589941184865,0.19403404771408972,32.670683555598615,0.0,0.0,28.475389538509503,5.420197920656286,4.551135886031021,0.9113670482434393,0.0005790148743439,3.327787021630615e-05,41.24607526652513,1.7992730936701573e-05,104.4031496377822,0.0,0.6937326077611746,0.0,0.0,5.391795882308564,0.0,0.0,4.9930344433356014e-05,0.0,0.0,0.0,4.8978789143506045,0.054638978216675904,0.0,4.160410732483109e-05,0.0225486339321141,1.6821914994682445,6.523120498822716e-05,7.644919439648701,14.725815973938806,4.66754061299583,13.048885749620299,0.0,340.7853673680908,0.0,0.5086615868833593,32.316520560386664,0.0462453125041238,64.92242091840663,0.0,0.0002116677470323,1.9818921775719855,255.55906201563306,1.600927810269937,0.048186682087803905,2.299116195296592,0.0,0.0,0.0024390243902439,0.6666666666666666,52390.433399134046,0.4897473462496242,0.0,1.5502639222372707,1.1279478855291947,1.4484533898143457,0.0,0.0,7.4804853744821145,0.000343997248022,0.0,1.1817527826816836,17.37452149136138,0.1371353910545171,0.3240896380480729,1.4000189823434472,0.0021505376344086,0.000155878399867924,8.367802402519628e-05,0.0,1.7992730936701573e-05,0.0,0.1589863573634063,0.2143216997475877,2.0086241940157032,3.9542801022027563,0.7023809523809523,3.5985461873403146e-05,0.0,0.013181782143156674,0.2872226067076934,0.0,0.3458858190293072,3.2814099063327946,15.688824278174227,0.0011906436479957288,0.0066021010293455,0.0,3.891223694300064e-05,0.0039858470401767,1.3845592583534945,0.0454905309164188,22.068053833073584,8.206045647673944,7.124703065984991,0.0,0.0,6.371651749239346,3.225369031042907,0.07082525232517389,1.547918994079025,0.0,1.7992730936701573e-05,13.681129474410891,73.74782398705177,7.235393945446006,0.0,0.0,0.0494477463998195,3.812185645509122,0.0,0.3364929898416324,1.0791628231562975,0.0022148394241417,3.081867289625511,1.7605073216382687,19.57349759093041,0.002834944247242,90.15269041720703,4.183901201259814e-05,4.183901201259814e-05,1.2318966519375947,18.789434172436422,81.118070493917,0.0,1.026631963082454,0.0,4.797075177447397,0.0,4.183901201259814e-05,0.024711310137198,0.0666666666666666,0.0,8.326237108524932e-06,0.0,0.0027382804744819035,0.0,0.0,0.0007721405439080016,0.0,1.7992730936701573e-05,1.7992730936701573e-05,32.07637742656445,5.016524912112308e-05,0.0001282159329207,2.2991937624868988,0.3529578337525266,2.091950600629907e-05,18.998083572810064,0.6000000000000001,0.0,62.216833772855566,2.4486166511515446,1.8655833842601184,2.663992917304978,1700.0772221372008,0.7548755835980346,4.067082683816087,0.0,0.0,1.906152985508224,0.0,104.2010211605406,0.0,8.326237108524932e-06,0.8008716513854712,0.0,4.483455076930474,0.2439791767734857,1.7992730936701573e-05
KW,0.0,4.903537890396519,0.0,0.0,0.0,4.207726278376499e-05,0.0013586108330718,9.08316775475447e-06,0.0048014394426771,0.5197278994374407,3.8025364426144157,0.0,0.0,0.0061639340494262,0.006041921843947335,0.0013670063456704,4.129381003875128,1.8261956816319578,0.0,0.0011112108764726,1.4254682290969143,0.0,1.381862785733094e-05,0.0,2.8571303758705948e-05,0.0,0.0,0.1557866730153302,0.0013495276653171,0.0,0.0,1.0625599383413352e-05,0.0,4.541583877377235e-06,11.973788646349291,0.0,2.2707919386886177e-05,0.0,0.0,0.15677354044550829,1.3280924054012515e-05,0.0,0.0258727326294437,7.568166425001629e-05,2.190946079565847,0.1532316661133796,4.40405284612956e-05,0.006073219152157941,8.739340176635283e-06,0.0,0.0,0.013710144590373001,1.036315706377689,1.3650902514132943,0.0,0.0838306997771617,0.0,2.6218020529905845e-05,0.1547417607709426,0.0476456094671556,0.001265125943033428,18.604387507764798,0.0,0.0,0.7013288030826237,1.3926064761148738,1.5972425599194986,8.739340176635283e-06,0.0,5.546311702717693e-06,2.985346061770928,0.0,26.366128191838712,0.0,0.0013770942412505,0.0,0.0,5.985788144302113e-05,0.0,0.0,1.4629479457472165e-05,0.0,0.0,0.0,0.09974664656217609,2.6905675686144223e-05,0.0,1.0087895580094929e-05,0.0,0.00039076793108882554,1.3280924054012515e-05,0.021964686242265698,7.4568771208076e-05,0.273233351258255,0.045031632278124095,0.0,10.787534999147658,0.0,0.4038378299648523,4.180968901727785,0.0011622193106012027,1.5167938065858477,0.0,0.00011541641014832793,8.911767616908108,0.20758318094831849,0.0171151583805553,1.7478680353270565e-05,0.0,0.0,0.0,0.0,0.0,0.4897473462496242,521.8394179374585,0.0,1.0064603123981848,0.0,3.5962974468641384,0.0,0.0,0.0117069990561539,0.0,0.0,0.0001119919841968,5.305109358212771e-05,3.495736070654113e-05,0.014528449447835995,1.788609455905771,0.0,1.3280924054012515e-05,3.495736070654113e-05,0.0,0.0,0.0,0.0007108577055483,0.0,6.083155365832779e-05,5.546311702717693e-06,0.0,0.0,0.0,4.038047596535598e-05,8.739340176635283e-06,0.0,1.7478680353270565e-05,0.004150632847459383,2.5593339254556833,1.3280924054012515e-05,0.0,0.0,8.739340176635283e-06,5.546311702717693e-06,0.930662057722556,0.0,0.7682598890052755,0.2407111997785775,0.0014564509892236958,0.0,0.0,0.6676520670631056,1.4439795809476104,4.727534307153332e-05,0.00010710216890449566,0.0,0.0,0.011791847518293234,3.5276058587181054,0.2064780227257824,0.0,0.0,0.0425288578945344,0.0195728902811148,0.0,2.6561848108025037e-05,3.619045297546694,0.0,0.000563051681076961,0.0011854476575570783,0.0058960622144826995,1.1317658376481908e-05,14.649422858175706,1.7478680353270565e-05,1.7478680353270565e-05,1.237173092086473,0.6363324727781015,0.4494932168880409,0.0,0.008413213096130825,0.0,0.0031251613616836,0.0,1.7478680353270565e-05,0.0,0.0,0.0,4.541583877377235e-06,0.0,0.0,0.0,0.050043377674956604,0.0,0.0,0.0,0.0,0.16670717033907587,2.20202642306478e-05,0.0,8.739340176635283e-06,0.0200796945150738,8.739340176635283e-06,14.241975537912127,0.0,0.0,1.2357224287752417,1.7478680353270565e-05,0.2000181663355095,3.718744749143839e-05,25.23484712131527,0.0001348474815735,5.546311702717693e-06,0.0,0.0,0.0110246560048737,0.0,0.0001921176944980783,0.0,4.541583877377235e-06,0.0265652785186616,0.0,0.024299639804761873,0.0,0.0
KY,0.0,0.0,0.0,0.0,0.0,0.0,0.0,0.0,0.0,0.0,0.0,0.1,0.0,0.0,0.0,0.0698412698412698,0.0,0.0,0.0,0.0,0.0,0.0,0.0,0.0,0.0,0.0,0.0,0.0,0.0803675856307434,0.0,0.0,0.0,0.0,0.0,0.10620490620490619,0.0,0.0,0.0,0.0,0.0,0.0,0.0,0.0,0.0,0.25,0.0,0.0,0.0,0.0,0.0,0.0,0.0,0.0,0.0,0.0,0.0,0.0,0.0116959064327485,0.0,0.0,0.0,0.0,0.0,0.0,0.0,0.0,0.0,0.0,0.0,0.0,0.023391812865497,0.0,0.0476190476190476,0.0,0.0,0.0,0.0,0.0,0.0,0.0,0.0,0.0,0.0,0.0,0.0,0.0,0.0,0.0,0.0,0.0,0.0052631578947368,0.0,0.0,0.0,0.0,0.0,0.1126262626262626,0.0,0.0,0.0,0.0,0.0,0.0,0.0625730994152046,0.0,0.0,0.0,0.0,0.0,0.0,0.0,0.1,0.0,0.0,0.0,5.428632186526923,0.0,0.0,0.0,0.0,0.0,0.0,0.0,0.0,0.0,0.0,0.0,0.0833333333333333,0.0,0.0,0.0,0.0,0.0,0.0,0.0,0.0,0.0,0.0,0.0,0.0,0.0,0.0,0.0,0.0,0.0,0.0,0.0,0.0,0.0,0.0,0.0,0.0,0.0,0.0,0.0,0.0,0.0,0.0,0.0,0.0,0.0,0.0,0.0,0.0,0.0,0.0,0.0,0.1,0.0,0.0,0.0,0.0,0.0,0.0,0.0,0.0,0.0,0.0,0.0,0.0,0.0,0.0,0.0,0.0,0.0,0.0,0.0,0.0,0.0,0.0,0.0,0.0,0.0,0.0,0.0,0.0,0.0,0.0,0.0,0.0,0.0,0.0,0.0,0.0,0.0,0.0,0.0,0.0,0.0,0.0,0.0,0.0181818181818181,0.2425229741019214,0.0,0.0,0.0,0.1904761904761904,0.0,2.218686868686869,0.0,0.0,0.0,0.0,0.0,0.0,0.0,0.0,0.0,0.0,0.0,0.0,0.0,0.0
KZ,0.0,1.0657748416076527,0.5666846593976034,0.0,0.0,0.2882887693695166,0.1472828002549953,3.918678903112867e-05,0.043754662878394496,0.9811859938258556,3.8973206272068204,0.0,0.0,0.4076874272292129,0.0239590421848078,4.218283959071733e-05,0.8673872072138602,0.6624641440469922,0.0061718388847828015,0.3654880930501673,0.4023433604554783,8.996365468350786e-06,0.01233778009295601,0.0,5.327546299615271e-05,1.7992730936701573e-05,0.0,4.6828279727913795,0.0,0.0061538461538461,0.0,1.454267717106848e-05,0.7460818770634365,1.0597029047213548e-05,2.508690196758162,0.0,7.997424164112011e-05,8.996365468350786e-06,0.0066666666666666,1.5819093231352812,4.0684814310923e-05,0.0,0.2414463622889448,0.0782833010323636,23.039981930651848,0.0106450621969468,0.0062684022565903,0.0001023584101181,2.1091419795358664e-05,0.0,0.0,0.0045033827833764,1.0019846879936884,7.676356985959485,0.0,1.2957621390095178,0.0,8.126699032277756e-05,7.227062485442678e-05,0.4769253730922552,0.0291151801268649,5.908906476646374,0.0,0.0,2.5366443276482338,0.0001836508621148,0.9969782284304244,2.1091419795358664e-05,0.0,5.546311702717693e-06,10.038411589654103,8.996365468350786e-06,8.585982005399938,0.0,0.3360652706111495,0.0,0.0,9.490987487134198e-05,0.0,0.0,2.6740369797144788e-05,0.0,0.0,0.0,0.9117386330110386,8.147226692091443e-05,0.0,1.614334074993124e-05,1.7992730936701573e-05,0.1375690415341953,4.9681179779273785e-05,1.1423396909522163,0.7430784323168238,0.6728468716615899,4.381759888429414,0.0,11.89785545935798,0.0,0.919038556537696,6.889981778037552,0.0001054570989767,13.904441158134873,0.0,0.0035306544516801,0.7477136421973958,16.670875170966745,0.0007078334063628,3.9787548307388523,8.996365468350786e-06,0.0,0.0,0.0,0.0,1.5502639222372707,1.0064603123981848,0.0,845.6701517520842,0.0001192195674523,1.256901445503558,0.0,0.0,0.0067418672565324,0.0,0.0,0.6179848310093461,0.0742864840393201,0.5470557605501442,2.3539042639419264e-05,0.0910285422575232,0.0,0.0409175459299715,0.0119766815962651,0.0,8.996365468350786e-06,0.0,0.0234392140485072,1.7992730936701573e-05,0.0001565336657367,0.0306165910015703,0.0,1.7992730936701573e-05,0.0,0.0099380137924324,0.0338021252008291,0.0,6.917193599576969e-05,0.7519829265336395,2.0140338533957447,5.867754524762457e-05,0.0,0.0,3.008778526370945e-05,5.546311702717693e-06,1.191166722346246,1.7992730936701573e-05,0.5470586496041508,1.6241117110928065,0.682706973514698,0.0,0.0,0.0002555446603883,0.1809606746668927,0.0001030592810744,0.0003186218569658,0.0,8.996365468350786e-06,0.032484664717045905,10.446391932941747,8.197109540615921,0.0,0.0,0.0019640649273017,0.3897820956142428,0.0,0.0034147029619551,0.2135114473229545,0.0,0.7471773564883007,1.6028755426998547,35.03688665304384,0.0222312185876905,3.0102376121267715,4.218283959071733e-05,4.218283959071733e-05,0.0228773783982462,0.7108030849489959,2.4219151187387338,0.0,0.0087593328270935,0.0,0.0917589626173809,0.0,0.0138642379641154,0.00335132606427,0.0,0.0,1.0597029047213548e-05,0.0,1.7992730936701573e-05,0.0,0.0128205128205128,8.996365468350786e-06,0.0,8.996365468350786e-06,8.996365468350786e-06,0.0555643248264682,0.1230975843966775,0.00621795412030646,0.021567845070466,1.4531398084157028,2.1091419795358664e-05,7.5919844093604585,0.0061538461538461,0.0,2.179763398116908,0.012394856974624772,4.979146412892921,0.0007314750873013,26.4513863878243,0.115871443612205,0.0879200171721853,0.0,0.0,0.5001025636867162,0.0,0.0611784780013513,0.0,1.0597029047213548e-05,0.0007724237149905,0.0,0.673193359738039,0.00335132606427,8.996365468350786e-06
LA,0.0,0.0,1.7992730936701573e-05,0.0,0.0,1.7992730936701573e-05,0.0001282159329207,1.7992730936701573e-05,8.996365468350786e-06,1.7992730936701573e-05,0.2026703281933149,0.0,0.0,0.0001282159329207,0.0,0.0,0.0052027953521554,0.011007003719947601,1.7992730936701573e-05,1.7992730936701573e-05,0.0,8.996365468350786e-06,8.996365468350786e-06,0.0,0.0123666496561444,1.7992730936701573e-05,0.0,4.498182734175393e-05,0.0,0.0067118660542878,0.0,8.996365468350786e-06,1.7992730936701573e-05,0.0,0.7758115539503858,0.0,2.698909640505236e-05,8.996365468350786e-06,0.0,0.9909622033074812,8.996365468350786e-06,0.0,0.016693655763071653,2.698909640505236e-05,0.7662462023921035,8.996365468350786e-06,8.996365468350786e-06,1.7992730936701573e-05,0.0,0.0,0.0,0.0,2.698909640505236e-05,0.0439920294179173,0.0,1.7992730936701573e-05,0.0,1.7992730936701573e-05,8.996365468350786e-06,2.698909640505236e-05,8.996365468350786e-06,5.397819281010472e-05,0.0,0.0,9.896002015185864e-05,3.5985461873403146e-05,8.996365468350786e-06,0.0,0.0,0.0,1.6121643064179292,8.996365468350786e-06,0.6440673312626032,0.0,1.7992730936701573e-05,0.0,0.0,3.5985461873403146e-05,0.0,0.0,0.0,0.0,0.0,0.0,0.0,1.7992730936701573e-05,0.0,0.0,1.7992730936701573e-05,8.996365468350786e-06,1.7992730936701573e-05,1.7992730936701573e-05,0.0472640677782143,0.008342329698801651,0.0009627529050872,0.0,0.0161276976218101,0.0,0.00142163844396,0.0064803242085548,0.0,4.498182734175393e-05,0.0,1.7992730936701573e-05,0.0003486623368887,2.473501570977069,1.7992730936701573e-05,0.0002294427694363,0.3806637799673248,0.0,0.0,0.0,0.0,1.1279478855291947,0.0,0.0,0.0001192195674523,21.653659285505093,0.0002384391349047,0.0,0.0,0.0406224880177937,0.0,0.0,8.996365468350786e-06,0.0,1.7992730936701573e-05,1.7992730936701573e-05,4.498182734175393e-05,0.0,0.0,0.0,0.0,8.996365468350786e-06,0.0,8.996365468350786e-06,1.7992730936701573e-05,0.0150541957530895,0.0068310856217402,0.0,1.7992730936701573e-05,0.0,0.0,0.0,0.0,2.698909640505236e-05,2.698909640505236e-05,0.0092581521293735,2.698909640505236e-05,0.0,0.0,8.996365468350786e-06,0.0,0.0167836194177551,1.7992730936701573e-05,1.7992730936701573e-05,8.996365468350786e-06,0.0060124423042136,0.0,0.0,1.7992730936701573e-05,0.0,1.7992730936701573e-05,8.096728921515707e-05,0.0,8.996365468350786e-06,0.022559889403427902,0.007636534421205,3.5985461873403146e-05,0.0,0.0,0.0,1.7992730936701573e-05,0.0,1.7992730936701573e-05,0.0,0.0,2.698909640505236e-05,2.698909640505236e-05,0.0007153174047142,8.996365468350786e-06,0.0004588855388727,0.0,0.0,1.7992730936701573e-05,0.016684659397603302,0.0147937161637778,0.0,1.7992730936701573e-05,0.0,1.7992730936701573e-05,0.0,0.0,1.7992730936701573e-05,0.0,0.0,0.0,0.0,1.7992730936701573e-05,0.0,0.0,8.996365468350786e-06,0.0,8.996365468350786e-06,8.996365468350786e-06,1.9256325815907822,0.0,0.0001192195674523,0.0,8.996365468350786e-06,0.0,0.001284426145571,0.0,0.0,0.0001192195674523,4.498182734175393e-05,2.698909640505236e-05,3.5985461873403146e-05,3.0326357327463875,8.996365468350786e-06,0.2002294427694364,0.0,0.0,1.7992730936701573e-05,0.0,2.0000308965344953,0.0,0.0,0.0002294427694363,0.0,0.0001079563856202,1.7992730936701573e-05,8.996365468350786e-06
LB,0.0014224751066856,18.467086973958292,0.047655033080921,0.0,0.0,4.833754149212653e-05,0.34157973571167843,0.0018215443787542,0.41464051660799706,1.4859664213764265,4.817269003011921,0.0,0.0,0.0138635771484455,0.0017766623848321,0.0444516699233286,0.113598697290174,34.797531625215086,0.2888271942530822,0.0408153670397701,0.8576348965363726,1.7992730936701573e-05,0.00618053091190559,0.0,7.225478884176204e-06,3.5985461873403146e-05,0.0,1.8811982371110725,0.0,0.003076923076923,0.0,0.008737545950482595,0.0010021690367526032,1.5138612924590783e-06,20.388162900565046,0.0,0.0150274411758107,1.7992730936701573e-05,0.0,4.389687946509293,2.3119331671248758e-05,0.0,0.1129752890163287,0.026544645231933697,4.527294019999725,0.0732081305728898,0.0031123944882129723,5.551570732245121e-05,3.612739442088102e-06,0.0,0.0,1.1835270662306032,0.47192738206036355,10.62209410672445,0.0,0.1149201372850995,0.0,4.6823680199667454e-05,0.8912507293368486,0.2219756533057011,0.01759646288103239,16.667831719811524,0.0,0.0,3.8794022395192327,0.0794159566144441,0.3029579764828395,3.612739442088102e-06,0.0,0.0,123.29994190483984,1.7992730936701573e-05,22.781359441702733,0.4022988505747126,0.1532978842258083,0.0,0.0,0.2111602380487645,0.0,0.0,3.027722584918157e-06,0.0,0.0,0.0,14.582296032487102,0.0081408917417234,0.0,1.5138612924590783e-06,3.5985461873403146e-05,0.2143142794336938,4.111206260795033e-05,0.10215290538242529,0.0434362122604372,2.619607203041892,0.6322928570753452,0.0,5.958346074301853,0.0,4.902725694665316,7.763500200433338,1.806369721044051e-05,27.553426041674186,0.0,6.640123870256705e-05,13.021183766029122,2.134372891317695,0.03437323459148,0.08367478338773524,1.7992730936701573e-05,0.0,0.0,0.0,0.0,1.4484533898143457,3.5962974468641384,0.0,1.256901445503558,0.0002384391349047,1948.6028984104857,0.0,0.0,0.008319239468771826,0.0,0.0,0.0389557062107869,0.025629513762464102,0.21454654414108076,0.032015941349177096,0.9430678589338286,0.0,0.1428622694578774,0.0017875006031584,0.0,1.7992730936701573e-05,0.0,0.0026811799384638,3.5985461873403146e-05,4.386692388848823e-05,0.0032051390098437,0.0,3.5985461873403146e-05,0.0,0.0020391472487938825,3.612739442088102e-06,0.0,0.022215812641719027,1.713113342208158,0.5156803000765511,5.91047935446519e-05,0.0,0.0,2.160547037878968e-05,0.0,0.1537808177242461,3.5985461873403146e-05,2.648250054583256,0.1906365050597149,0.0146717400258781,0.0,0.0,0.0552070169562381,1.2909238019074711,5.2831812315652246e-05,0.0434438193201585,0.0,1.7992730936701573e-05,0.0246635699243201,7.1552235114964615,0.4206052007811743,0.0,0.0,0.6865789653764516,1.4146296811687171,0.0,4.623866334249751e-05,10.464405302773713,0.0,0.9724777236086348,0.094511812391554,1.254240016567567,0.0259104009762861,13.174903912388586,7.225478884176204e-06,7.225478884176204e-06,0.4075621334082038,2.69960010594267,0.2480041109261023,0.0,0.631859462494997,0.0,0.0389067142638824,0.0,7.225478884176204e-06,3.5985461873403146e-05,0.0,0.0,1.5138612924590783e-06,0.0,3.5985461873403146e-05,0.0,4.471185958714563,1.7992730936701573e-05,0.6666666666666666,1.7992730936701573e-05,1.7992730936701573e-05,0.2028458950145429,8.739340176635283e-06,0.0032051390098437,3.612739442088102e-06,2.1340719001614006,3.612739442088102e-06,3.4773390996979625,0.003076923076923,0.0,1.3268782831684356,0.0672523528104704,0.0305915834131337,0.0315348343196003,180.955620427209,0.0148194111072514,0.0002384391349047,0.0,0.0,0.149686846342713,0.0,0.43894591489112544,0.0,1.5138612924590783e-06,0.0240168735439053,0.0,0.3462217790007003,0.1434197117100496,1.7992730936701573e-05
LC,0.0,0.0,0.0,0.0532581453634085,0.0,0.0,0.0,0.0,0.0108695652173913,0.0,3.012021312021312,0.0151515151515151,0.0,0.0,0.0,0.0277208171945014,0.0,0.0128205128205128,0.0,0.0,0.0476190476190476,0.0,0.0,0.0043290043290043,0.0,0.0,0.0,0.0072463768115942,0.023391812865497,0.0,0.0,0.0,0.0,0.0,0.3801169590643274,0.0,0.0,0.0,0.0,0.0036231884057971,0.0,0.0,0.0072463768115942,0.0,0.0,0.0072463768115942,0.0036231884057971,0.0,0.0,0.0357142857142857,0.0,0.0,0.0,0.0,0.0,0.0,0.1052631578947368,0.0,0.0,0.0,0.0,0.0,0.0,0.0,1.4303030303030304,0.0,0.0,0.0,0.0,0.0,0.4391116130246565,0.0,0.0043290043290043,0.0,0.0,0.0,0.0,0.0,0.0,0.0,0.0,0.0,0.0,0.0,0.0,0.0,0.0,0.0,0.0,0.0,0.0,0.0,0.0,0.0,0.0,0.0,1.4039521881627144,0.0,0.0,0.0,0.0,0.0,0.0,0.6281765018607124,0.0,0.0,0.0,0.0,0.0,0.0,0.0,0.0,0.0,0.0,0.0,0.0,0.0,0.0,0.0,17.35166967535389,0.0,0.0,0.0,0.0,0.0,0.0,0.0,0.0,0.0,0.0,0.0,0.0,0.0,0.0,0.0,0.0,0.0,0.0,0.0,0.0,0.0,0.0,0.0,0.0,0.0,0.0,0.0072463768115942,0.0,0.0,0.0,0.0,0.0,0.0,0.0128205128205128,0.0,0.0,0.0,0.0,0.0,0.0,0.0086580086580086,0.0,0.0036231884057971,0.0036231884057971,0.0,0.0,0.0,0.3131868131868132,0.0,0.0,0.0,0.0,0.0,0.0,0.0,0.0666666666666666,0.0,0.0,0.0,0.0,0.0,0.0,0.0,0.0,0.0,0.0,0.0,0.0,0.0,0.0,0.0,0.0,0.0,0.0,0.0,0.0,0.0,0.0,0.0,0.0,0.0,0.0,0.0,0.0,0.0,0.0,0.0,0.0,0.0,0.0,0.0,0.0,0.0407078301815143,0.0,0.2222222222222222,0.0,0.0,0.0,0.6800398685982209,0.0,0.0,0.0,0.0357142857142857,0.0,0.0,0.0,0.0,0.0,0.0,0.0,0.0,0.0,0.0
LI,0.0,0.0,0.0,0.0,0.0,0.0,0.0,0.0,0.0,2.109920634920635,0.0,0.0,0.0,0.0,0.0,0.0,0.0,0.0,0.0,0.0,0.0,0.0,0.0,0.0,0.0,0.0,0.0,0.0,0.0,0.0,0.0,0.0,0.0,0.0,0.0555555555555555,0.0,0.0,0.0,0.0,0.0261904761904761,0.0,0.0,0.0,0.0,0.6555555555555556,0.0,0.0,0.0,0.0,0.0,0.0,0.0,0.0,0.0,0.0,0.0,0.0,0.0,0.0,0.0,0.0,0.0,0.0,0.0,0.0,0.0,0.0,0.0,0.0,0.0,0.2222222222222222,0.0,0.3846153846153846,0.0,0.0,0.0,0.0,0.0,0.0,0.0,0.0,0.0,0.0,0.0,0.0,0.0,0.0,0.0,0.0,0.0,0.0,0.0222222222222222,0.0,0.0,0.0,0.0,0.0,0.0,0.0,0.0,0.0,0.0,0.0,0.0,0.0,0.0128205128205128,0.0,0.0256410256410256,0.0,0.0,0.0,0.0,0.0,0.0,0.0,0.0,0.0,0.0,0.0,0.0,12.58013073882639,0.0,0.0,0.0,0.0,0.0,0.0,0.0,0.0,0.0,0.0,0.0,0.0,0.0,0.0,0.0,0.0,0.0,0.0,0.0,0.0,0.0,0.0,0.0,0.0,0.0,0.0,0.0,0.0,0.0,0.0,0.0,0.0,0.0,0.0,0.0,0.0222222222222222,0.0,0.0,0.0,0.0,0.0,0.0,0.0,0.0,0.0,0.0,0.0,0.0,0.0,0.0,0.0,0.0,0.0,0.0,0.0,0.0,0.0222222222222222,0.0222222222222222,0.0512820512820512,0.0,0.0,0.0,0.0,0.0,0.0,0.0,0.0,0.0,0.0,0.0444444444444444,0.0,0.0,0.0,0.0,0.0,0.0,0.0,0.0,0.0,0.0,0.0,0.0,0.0,0.0,0.0,0.0,0.0,0.0,0.0,0.0,0.0,0.0,0.0,0.0,0.0,0.0,0.0,1.02432688084862,0.0,0.0,0.0,0.0,0.0,0.0,0.0,0.0,0.0,0.0,0.0,0.0,0.0,0.0
LK,0.0,0.0005317677386705,0.0074532475346125,0.0,0.0,1.7992730936701573e-05,7.31043319287104e-05,1.7992730936701573e-05,0.1505140260494894,0.7136399055318409,31.443346763864273,0.0,0.0,8.419695533414578e-05,0.0,0.0,3.3016389069966565,0.008355233897237926,1.7992730936701573e-05,0.0001733750881275,0.00019662908765300397,8.996365468350786e-06,0.1000089963654683,0.0,0.8695316920458124,1.7992730936701573e-05,0.0,0.0156280758099009,0.0,0.0236709303817732,0.0,2.008898887378617e-05,1.7992730936701573e-05,0.0,6.3352126024167585,0.0,2.698909640505236e-05,8.996365468350786e-06,0.0133333333333333,3.528188622813092,8.996365468350786e-06,0.0,0.2407345197846695,2.698909640505236e-05,5.485607626838475,0.0887825582916552,0.0033423296988016,1.7992730936701573e-05,0.0,0.0,0.0,0.0,0.3812342895582189,3.4966532078760455,0.0,1.1346123928286,0.0,1.7992730936701573e-05,0.0002630733649039,7.675767252608953e-05,0.00011718092428472551,0.017543681137071502,0.0,0.0,0.4261964145394161,0.044577455859005,0.0187322900804104,5.8754406580493536e-05,0.0001447537185859,1.1092623405435386e-05,1.0720985460895076,8.996365468350786e-06,26.079427351117168,0.0,0.1000290853543421,0.0,0.0,0.0029553051367913,0.0,0.0,1.1092623405435386e-05,0.0,0.0,0.0,1.019847899715876,0.0081132308261747,0.0,0.0145038462465938,1.7992730936701573e-05,0.0002252399221856,0.0110070037199476,6.236322455844311e-05,0.10106649565048094,0.6752975758330392,0.0191370114651261,0.0,10.141950968785228,0.0,0.6015176347817884,0.0913918944956653,0.0,0.1162543046429113,0.0,0.0066846593976033,0.0086519198108082,5.826647603615004,0.006092614150385627,0.00021500500806532683,0.0214532536515354,0.0,0.0,0.0,0.0,7.4804853744821145,0.0117069990561539,0.0,0.0067418672565324,0.0406224880177937,0.008319239468771826,0.0,0.0,866.7467770800242,8.599931200550395e-05,0.0,0.0001532860992537,9.578544061302682e-05,1.7992730936701573e-05,2.908535434213696e-05,0.0732273090027816,0.0,0.0,0.0,0.0,8.996365468350786e-06,0.0,8.996365468350786e-06,1.7992730936701573e-05,0.032690703937265,0.0199363953411497,0.0,1.7992730936701573e-05,0.0,0.0,0.0058479532163742,0.0058479532163742,0.00012277453701807918,0.0096100423569859,2.6133187008817744,2.698909640505236e-05,0.0,0.0,8.996365468350786e-06,1.1092623405435386e-05,0.2102533733063908,1.7992730936701573e-05,1.0822876258076828,1.2672734040909717,1.1527252782289144,0.0,0.0,4.837176687025763,2.218524681087077e-05,0.0001397151299896,0.00023681363120649245,0.0,8.996365468350786e-06,0.0567598886487632,2.401529118980389,0.0005655645107190039,0.0,0.0,5.8754406580493536e-05,3.389718421018549,0.0,0.0066846593976033,0.5001936762219849,0.0,0.0014474629436082,0.0012580238199167,0.0014017166559939,0.0315026893546519,1.0638965847467508,0.0,0.0,1.7992730936701573e-05,2.9643709630356696,3.614121740577212,0.0,0.0002231436642486,0.0,0.000450861932293,0.0,0.0,0.1284237898323859,0.0,0.0,0.0,0.0,1.7992730936701573e-05,0.0,0.0,8.996365468350786e-06,0.0,8.996365468350786e-06,8.996365468350786e-06,1.8033957188897531,0.0,6.41079664603596e-05,0.0,2.008898887378617e-05,0.0,0.0053940519612816,0.0,0.0,0.7813901038002473,4.498182734175393e-05,2.698909640505236e-05,0.0683447546438249,13.737085218557691,8.996365468350786e-06,0.0001303121908578,0.0,0.0,1.7992730936701573e-05,0.0,0.1817876115623679,0.0,0.0,0.0002750659094437,0.0,0.6572511538061001,0.0176736703866143,0.0059878323443043
LR,0.0,0.000171998624011,0.0,0.0,0.0,0.0,0.0,0.0,0.0,0.0,0.511455108359133,0.0,0.0,0.0,0.0,0.0,0.0,0.0,0.0888888888888888,0.0,8.599931200550395e-05,0.0,0.0888888888888888,0.0,0.0,0.0,0.0,0.0002579979360165,0.0,0.0,0.0,0.0,0.0,0.0,0.0002579979360165,0.0,0.0,0.0,0.0,0.0,0.0,0.0,0.0,0.0,8.599931200550395e-05,0.000171998624011,0.0,0.0,0.0,0.0,0.0,0.0,0.0,0.0004299965600275,0.0,8.599931200550395e-05,0.0,0.0,0.0,0.0,8.599931200550395e-05,0.0,0.0,0.0,0.10017199862401101,0.0012899896800825,8.599931200550395e-05,0.0,8.599931200550395e-05,0.0,0.0,0.0,0.000859993120055,0.0,0.0,0.0,0.0,0.0667526659786721,0.0,0.0,0.3,0.0222222222222222,0.0,0.0,0.0,0.0,0.0,0.0,0.0,0.0,0.0,0.0,0.2857142857142857,0.0,8.599931200550395e-05,0.0,1.1960120890461448,0.0,8.599931200550395e-05,0.0014619883040935,0.0,0.0002579979360165,0.0,0.0,8.599931200550395e-05,0.000171998624011,0.0,0.0,0.0,0.0,0.0,0.0,0.0,0.000343997248022,0.0,0.0,0.0,0.0,0.0,0.0,0.0,8.599931200550395e-05,13.894024276377214,0.0,0.0,0.0,0.0,0.0,0.0,0.0,0.0,0.0,0.0,0.0,0.0,0.0,0.0222222222222222,0.0,0.0,0.0,0.0,0.0,0.0,0.0,0.0,0.0,0.000171998624011,0.0,0.0,0.0,0.0,0.0,0.0,0.600343997248022,0.0,0.1334193326453388,8.599931200550395e-05,0.0,0.0,0.0,0.0,0.0,0.0,8.599931200550395e-05,0.0,0.0,0.0,0.0002579979360165,8.599931200550395e-05,0.0,0.0,0.0,0.000171998624011,0.0,0.0,0.0,0.0,0.0,0.0002579979360165,8.599931200550395e-05,0.000171998624011,0.4095238095238095,0.0,0.0,0.0,0.0,0.0,0.0,0.0,0.0,0.0,0.0,0.0,2.0,0.0,0.0,0.0,0.0,0.0,0.0,0.0,0.0,0.0,0.0,0.0,0.0,0.0,0.0,0.0,0.0,0.0,0.0,0.0,0.0,0.0,0.0,0.0,0.0,3.1648287385129485,0.0,0.0,0.0,0.0,0.0,0.0,0.0002579979360165,0.0,0.0,8.599931200550395e-05,0.0,0.1334193326453388,0.0,0.0
LS,0.0,0.1,0.0,0.0,0.0,0.0,0.0,0.0,0.0,0.0,0.0,0.0,0.0,0.0,0.0,0.0,0.0072365445499773,0.0,0.0,0.0,0.0,0.0,0.0,0.0,0.0,0.0,0.0,0.0,0.0,0.0,0.0,0.6857142857142856,0.0,0.0,0.6666666666666666,0.0,0.0,0.0,0.0,0.5963644978570352,0.0,0.0,0.0,0.0,0.0,0.0,0.0,0.0,0.0,0.0,0.0,0.0,0.0,0.0,0.0,0.0,0.0,0.0,0.0,0.0,0.0,0.0,0.0,0.0,0.0,0.0,0.0,0.0,0.0,0.0,0.0095238095238095,0.0,0.0341097542590079,0.0,0.0,0.0,0.0,0.0018091361374943,0.0,0.0,0.0036182722749886,0.0,0.0,0.0,0.0,0.0,0.0,0.0,0.0,0.0,0.0,0.0,0.0072365445499773,0.0,0.0,0.0,0.3,0.0,0.0,0.0,0.0,0.0,0.0,0.0,0.0,0.0,0.0,0.0,0.0,0.0,0.0,0.0,0.0,0.0,0.0,0.0,0.0,0.0,0.0,0.0,0.0,0.0,0.0,11.737026986280718,0.0,0.0,0.0,0.0,0.0,0.0,0.0,0.0,0.0,0.0,0.0,0.0,0.0,0.0,0.0018091361374943,0.0,0.0,0.0,0.0,0.0,0.0,0.0113329456613038,0.0,0.0,0.0113329456613038,0.0113329456613038,0.0,0.0,0.0,0.0018091361374943,0.0,0.0009045680687471,0.0,0.0,0.0,0.0,0.0,0.0,0.0,0.0,0.0,0.0,0.0018091361374943,0.0,0.0,0.0,0.0,0.0,0.0,0.0,0.0,0.0,0.0,0.0,0.0,0.0,0.0,0.0,0.0,0.0,0.0,0.0,0.0,0.0,0.0,0.0,0.0,0.0,0.0,0.0,0.0,0.0,0.0,0.0,0.0,0.0,0.0,0.0113329456613038,0.0,0.0,0.0,0.0,0.0,0.0,0.0,0.0,0.0,0.0,0.0,0.0,0.0,0.0036182722749886,0.0,0.0063319764812302,0.7333333333333334,0.0,0.0,0.0,0.0,0.0,0.0,0.0018091361374943,0.0,0.0,0.0,0.0,1.0751577609786565,0.0095238095238095,0.0095238095238095
LT,0.0,0.06703461813426927,1.7992730936701573e-05,0.0,0.0,0.0408856662054025,0.1941237071689581,0.000133705766929,0.1101993417351438,5.246318186356293,2.965662157322039,0.0,0.0,0.0006536423147315,0.0406793082665916,4.12539951554282e-05,0.0001571131806986,6.346294438324516,0.0001155394314195,0.2191788748766704,0.0,5.776971570977887e-05,7.839671328749297e-05,0.0,4.12539951554282e-05,1.7992730936701573e-05,0.0,1.189219369769819,0.0,0.0,0.0,0.0008119175286810788,3.5302680260546033,9.08316775475447e-06,8.05158527809651,0.0,0.0002187249859031,5.776971570977887e-05,0.0,5.508176879562205,0.0025505340682343476,0.0,0.288038104079275,0.0026322543783272,3.3858782168618036,0.1892650351701778,0.0001096706912887,0.0001005007212475,2.0626997577714095e-05,0.0,0.0,0.0203454560901438,3.6095940130241706,24.073815894835235,0.0,8.602887249052523,0.0,9.610011427151844e-05,0.007098943912926,0.0002440210607485895,3.8037492223902265,0.22784241502327532,0.0,0.0,8.162297922984305,0.000286848683491,6.461983886374258,2.0626997577714095e-05,0.0,0.003700277520814,4.595385812678927,5.776971570977887e-05,14.701291728039957,0.2,0.0554098181520416,0.0,0.0,0.0021638115898657,0.0,0.0,1.816633550950894e-05,0.0,0.0,0.0,1.2384610363602264,0.00010740518073678268,0.0,9.08316775475447e-06,1.7992730936701573e-05,0.2591620073278701,4.770289626917015e-05,0.5246615132536157,0.1560371372454863,0.5882859639649166,1.6112870443320186,0.0,1.521519584174368,0.0,0.2811325690071802,0.6618934276823005,0.48774558015870406,11.894819768575285,0.0,0.0001920918793131,0.0201896312172449,1.2644473449036504,0.003431783224306,0.0076599208185914,8.996365468350786e-06,0.0,0.0,0.0,0.0,1.1817527826816836,0.0001119919841968,0.0,0.6179848310093461,8.996365468350786e-06,0.0389557062107869,0.0,0.0,0.0001532860992537,0.0,0.0,1083.1481051294552,0.0071522078924287,8.241668116737273,0.000149492406549,0.0023733081421128746,0.0,0.47348820105087547,0.0180124017450561,0.0,5.776971570977887e-05,0.0,0.037494459081072504,0.0001155394314195,0.0001558460105805,8.996365468350786e-06,0.0,0.0001155394314195,0.0,0.018402439485030002,2.0626997577714095e-05,0.0,0.0002145631422847,0.0065605888909760005,0.3415735483737727,0.0002030193124618,0.0007541478129713,0.0,7.839671328749297e-05,0.0,1.7527684450047951,1.7992730936701573e-05,7.080104756809799,3.517642798306232,0.0025023994815623,0.0,0.0,0.5552794438868599,0.0,0.0002672639609699746,0.00038653555351017283,0.0,8.996365468350786e-06,0.022576010227685725,1.4457046201109636,13.23501327162814,0.0,0.0,8.250799031085639e-05,3.504161035351695,0.0,7.74130616016387e-05,0.0033315936268029003,0.0,0.1907951237558623,0.5915834836347859,3.685344074617732,6.342854489801983e-05,0.6987210761269764,4.12539951554282e-05,4.12539951554282e-05,0.0001359402575507,5.352370747453653,0.0608268208988305,0.0,0.7194192177091413,0.0,0.3096511314771736,0.0024630541871921,0.0117623599599074,0.0043083294000715,0.0,0.0,9.08316775475447e-06,0.0,3.421912153837614e-05,0.0,0.0,0.0008119175286810788,0.0,5.776971570977887e-05,5.776971570977887e-05,0.03758535069693,0.0132024946163132,8.996365468350786e-06,0.0076302974555453,0.0003224311403036,2.0626997577714095e-05,1.4423382771653124,0.0,0.0,0.6375581685669882,0.0003301025737043,3.358601483074053,0.000290499193504,21.081268488104048,0.0004777951351243237,0.0013897105944797,0.0,0.0,0.4228926547505111,0.0,0.056713841688514274,0.0,9.08316775475447e-06,2.9623363046064888e-05,0.0,0.3577456107908365,0.0001155394314195,5.776971570977887e-05
LU,0.0,0.3718013403431097,0.0,0.0,0.0,0.016404021441666,0.0295797049825701,4.541583877377235e-06,0.7519302209331485,2.299497074325088,1.5570328834491631,0.0,0.0,2.2707919386886176e-06,0.0164855179541165,1.293709647589333e-05,3.2342741189733324e-05,20.92055723176184,0.3809523809523809,0.0033845901819954524,0.0,0.0,0.1666731352149046,0.0,1.293709647589333e-05,0.0326797385620915,0.0,2.653911882476012,0.0,0.0,0.0,0.0,0.3333333333333333,2.2707919386886176e-06,2.990957341639006,0.0,1.1353959693443088e-05,0.0,0.0,4.827255100254945,8.739340176635283e-06,0.0,0.0090713485302145,4.789445718243446e-05,2.0644290461152153,0.022698013156779,3.041577682916389e-05,0.0190734932405708,6.468548237946665e-06,0.0,0.0,0.0266459590099783,0.5335891756702953,38.354977578602785,0.0,3.077846821552159,0.0,1.9405644713839998e-05,0.040462099079293636,0.0003269085558077,0.0132395548530309,0.15695135250079262,0.0,0.0,8.154244416430394,0.0011943883946010695,3.432663123354152,6.468548237946665e-06,0.0,0.0,39.17132174840371,0.0,8.514181291926366,0.0,0.0023380882600754,0.0,0.0,0.00010679557272835072,0.0,0.0,4.541583877377235e-06,0.0,0.0,0.0,2.6506117470587194,1.5551715992701137e-05,0.0,2.2707919386886176e-06,0.0,0.7604446558147218,8.739340176635283e-06,0.5447868489506965,0.00013039897374144877,2.4031622065335387,0.6474624253765568,0.0,1.143378954880593,0.0,0.0028512736409415,6.914842262806167,0.0229930766775333,11.799315051283141,0.0,5.401917784226193e-05,0.0034812109874280267,0.116548162374212,0.00017177937720927634,0.00010872253708892015,0.0,0.0,0.0,0.0,0.0,17.37452149136138,5.305109358212771e-05,0.0,0.0742864840393201,0.0,0.025629513762464102,0.0,0.0,9.578544061302682e-05,0.0,0.0,0.0071522078924287,457.4139957460293,0.045255441373738395,6.790595025889144e-05,1.7478680353270565e-05,0.0,0.0020785916713529353,2.587419295178666e-05,0.0,0.0,0.0,0.0024454929384818466,0.0,4.720680202619608e-05,0.0,0.0,0.0,0.0,0.0371365346025025,6.468548237946665e-06,0.0,0.00010872253708892015,0.1670118540633442,0.2024875679158668,8.739340176635283e-06,0.0,0.0,6.468548237946665e-06,0.0,0.1341307752485632,0.0,3.7627127182829687,4.550306395240561,5.594614220283136e-05,0.0,0.0,0.0044111303725231,0.0,0.0073726906487625,0.018251045248075,0.0,0.0,0.0667184150525702,0.3083391820651241,1.1685313913094157,0.0,0.0,0.3354733724311476,3.5108100973337484,0.0,1.7478680353270565e-05,0.006548884808894193,0.0011614401858304,0.4682311691184497,0.7563377814737167,0.5054950389614623,1.1317658376481908e-05,0.0065820118769672215,1.293709647589333e-05,1.293709647589333e-05,2.490610869165243e-05,5.064942997902649,0.6399272195527689,0.0,0.0780655004238643,0.0,0.0094574070407753,0.0,1.293709647589333e-05,0.0,0.0,0.0,2.2707919386886176e-06,0.0,0.0,0.0,0.5098901098901099,0.0,0.0,0.0,0.0,0.040502064669142204,1.5207888414581947e-05,0.0,6.468548237946665e-06,2.8144984890475277e-05,6.468548237946665e-06,0.5165899178852535,0.0,0.0,0.09097669853724832,1.293709647589333e-05,0.2313569848919233,1.7478680353270565e-05,19.038767096984362,2.587419295178666e-05,0.0,0.0,0.0,2.20202642306478e-05,0.0,1.8334238930086646,0.0,2.2707919386886176e-06,6.468548237946665e-06,0.0079086605402394,0.0141010818550007,0.0,0.0
LV,0.0,0.0001652532917792,3.5985461873403146e-05,0.0,0.0,0.0405118859157149,0.0085598618074699,0.0002371343080089,0.0421965989872855,2.4520859917446667,0.2516438110698014,0.0,0.0,0.0019476308825497,0.1700612229374944,1.4450957768352408e-05,0.000144083780041,1.0988640388897781,0.0002310788628391,1.7125871914847666,0.0,0.0001155394314195,0.0001227649103037,0.0,1.4450957768352408e-05,3.5985461873403146e-05,0.0,0.4965398229273735,0.0,0.0,0.0,0.0001155394314195,0.6957086326748303,3.027722584918157e-06,0.8793003934413124,0.0,0.0003617569071832,0.0001155394314195,0.0,1.6392389911043759,0.0025888468200807,0.0,0.4794442853147043,0.0004020820579034,1.522618577746426,0.3116012805016407,0.0065888978040615,6.488737741010796e-05,7.225478884176204e-06,0.0,0.0,0.028942636588482097,1.7306092298241318,8.221005237003006,0.0,1.4576970747355247,0.0,5.766189852593176e-05,0.00215334490033,0.0017532043979080934,4.9864348201238675,0.0102531735067477,0.0,0.0,4.170266242601958,0.0004754386497322,2.678795958891256,7.225478884176204e-06,0.0,0.0,5.664620524736264,0.0001155394314195,5.633976652950832,0.0,0.045028957819814,0.0,0.0,0.0004754386497322,0.0,0.0,6.055445169836314e-06,0.0,0.0,0.0,1.1217067630051463,0.0079639823713367,0.0,3.027722584918157e-06,3.5985461873403146e-05,0.6936815791736037,4.623866334249751e-05,2.6719987901601563,0.000327038811993,0.1461031115673297,3.4931278908006016,0.0,0.3523316431948168,0.0,0.0002009477628886,1.3710348871788685,0.040481832919409905,17.695429487373687,0.0,9.681701553173094e-05,9.564698181739105e-05,0.47890168003864086,0.0002527552994916,0.0084584406772849,1.7992730936701573e-05,0.0,0.0,0.0,0.0,0.1371353910545171,3.495736070654113e-05,0.0,0.5470557605501442,1.7992730936701573e-05,0.21454654414108076,0.0,0.0,1.7992730936701573e-05,0.0,0.0,8.241668116737273,0.045255441373738395,459.06597586841156,0.0002310788628391,0.0005982035600359,0.0,0.0177863367670263,0.0561997340340088,0.0,0.0001155394314195,0.0,0.0655142889876276,0.0002310788628391,6.974111684027489e-05,1.7992730936701573e-05,0.0,0.0002310788628391,0.0,0.0419031240091995,7.225478884176204e-06,0.0,0.000361069252027,0.1568018521223407,0.2554099352073911,0.0003568714957277,0.0,0.0,0.0001227649103037,0.0,0.0040000241563528,3.5985461873403146e-05,2.599784032321289,5.627967123508357,0.0001159797801827,0.0,0.0,0.0027258858142415,0.0,5.951958739651002e-05,0.0030892476614447,0.0,1.7992730936701573e-05,9.378929294681276e-05,0.4025665250247236,2.847928703698111,0.0,0.0,2.8901915536704812e-05,2.7552658939444843,0.0,5.649186481159186e-05,0.1598665858331914,0.0,1.3484550545154144,1.0124612494385095,7.701108930250777,0.0001155394314195,0.3334257242140928,1.4450957768352408e-05,1.4450957768352408e-05,0.000234106585424,2.7099241327314654,0.0254938651525385,0.0,0.3442818860868308,0.0,0.3454108607496067,0.0024630541871921,0.0117355569225203,0.0002310788628391,0.0,0.0,3.027722584918157e-06,0.0,3.5985461873403146e-05,0.0,0.0,0.0001155394314195,0.0,0.0001155394314195,0.0001155394314195,0.029202608992118698,0.0131696361337563,1.7992730936701573e-05,0.0076168959368518,0.3334808024028744,7.225478884176204e-06,1.6262608312807487,0.0,0.0,0.3530383080877265,0.0005921481148661,2.8908770831219135,0.0004826641286164,7.856979078049333,0.0050803334258054,0.0013987069599481,0.0,0.0,0.00030442427523172817,0.0,0.0002944882974115,0.0,3.027722584918157e-06,2.5218209820877776e-05,0.0,0.0049495278939095,0.0002310788628391,0.0001155394314195
LY,0.0,1.8296152218206703,3.5985461873403146e-05,0.0,0.0,0.0002650318379685,0.0002310788628391,0.0022512808830411,5.194570606614729e-05,0.00108266814133,0.001409255007305522,0.6,0.0,4.153177357612084e-05,0.5714285714285714,0.0,0.0084745675891698,0.011225169139530795,0.0002310788628391,0.0004317185755075,0.004936733973767596,0.0001155394314195,0.008453952052433496,0.0,1.1092623405435386e-05,3.5985461873403146e-05,0.0,0.0008874777346138566,0.0,0.0,0.0,0.008206973111610996,0.1668977455295057,0.0,1.0939213715309641,0.0,0.0268617698094101,0.0001155394314195,0.0,0.0117207576131499,0.0001155394314195,0.0,5.952450451282241e-05,0.031077570993193096,0.07178897692347841,0.0006224578426287956,1.7992730936701573e-05,4.106474955409881e-05,0.0,0.0,0.0,0.6666666666666666,0.3338552628149419,0.6679025802413404,0.0,0.0018124055101854956,0.0,0.0005469390289679,0.46212489796475875,5.397819281010472e-05,0.0001367906301862913,20.451223958491994,0.0,0.0,0.09971164354185887,0.2031975273616897,0.6653854535611766,0.0,0.0,5.546311702717693e-06,0.1518763868457719,0.0001155394314195,4.55731710553253,0.0,0.0002366251745418,0.0,0.0,0.0025243951193918784,0.0,0.0,5.546311702717693e-06,0.0,0.0,0.0,0.4003947339251907,0.0008875747403643,0.0,5.546311702717693e-06,3.5985461873403146e-05,0.0001367906301862913,3.5985461873403146e-05,0.0002583433973305957,0.6856736525970142,0.7625635489382525,0.0006496680808445,0.0,0.8768091035806991,0.0,0.32742203090466004,0.33498995942067866,0.0,0.016512089551809724,0.0,3.5985461873403146e-05,2.039093228813778,0.08262533543635431,0.0024312043340496913,1.7992730936701573e-05,1.7992730936701573e-05,0.0,0.0,0.0,0.0,0.3240896380480729,0.014528449447835995,0.0833333333333333,2.3539042639419264e-05,1.7992730936701573e-05,0.032015941349177096,0.0,0.0,2.908535434213696e-05,0.0,0.0,0.000149492406549,6.790595025889144e-05,0.0002310788628391,155.68559550077322,0.680836133060803,0.0,0.0,0.0,0.0,0.0021357414516215,0.0,0.0001155394314195,0.0042714829032431,1.7992730936701573e-05,2.3539042639419264e-05,0.0,0.0022512808830411,0.0,5.079287680695659e-06,0.0323232323232323,0.0,0.0003466182942586,0.00027179177769368263,5.1750559227621755,0.0023668203144606,0.004040404040404,0.0,0.026630690946571,5.546311702717693e-06,0.5264868711087113,3.5985461873403146e-05,0.0008350769505091913,0.00015296254127248696,0.03645042540264069,0.0,0.0,0.0480391414067283,0.0049372009977896,5.215737295953419e-05,0.00017256017781369567,0.0,1.7992730936701573e-05,0.0002118496292743,0.7086780723164412,0.3576530635777717,0.0,0.0,0.219722776227193,0.0011355673246717566,0.0,3.5985461873403146e-05,0.36859989512060076,0.0,0.001126854503000961,0.2165818173412942,0.0009043617327629782,0.002169694426751,6.268836085163315,0.0,0.0,0.5092654972278863,0.0004900008875119913,0.0001773436740939,0.0,0.0003435633876107957,0.0,0.0002310788628391,0.0,0.0,0.0022512808830411,0.0,0.0,0.0,0.0,3.5985461873403146e-05,0.0,0.0001703178556981,0.0001155394314195,0.0,0.0001155394314195,0.0001155394314195,0.3963433479177759,0.0,1.7992730936701573e-05,0.0,1.7948018838721962,0.0,2.3345403981548283,0.0,0.0,0.1667407976195436,0.0311332527126533,0.0003466182942586,0.029008136860415097,7.8172451539159304,1.7992730936701573e-05,2.3539042639419264e-05,0.0,0.0,0.0357502711761591,0.0,0.12739647239756255,0.0,0.0,1.1443458833649838,0.0,0.7591852095813855,0.0002310788628391,0.0021357414516215
MA,0.0,4.079473458105807,8.996365468350786e-05,0.0,0.0,0.0006042178771871373,0.0032828079329019,0.0197756717941868,0.1029787262729135,0.9074992838129743,0.3242523084062124,0.0,0.0,0.1577264616230514,0.005340501927506375,1.025320146909436e-05,1.3858180068111274,10.708405452615615,2.4720369568516514,0.23945023833073004,0.043355621330390295,0.0002888485785488,2.1195164383902303,0.0,0.2102888487046902,8.996365468350786e-05,0.0,2.1857724142516477,0.0,0.0,0.0,0.0096930181129266,0.0005776971570977,3.027722584918157e-06,11.17266631495124,0.0,0.1783175817844687,0.0002888485785488,5.020498997857488,2.2551394693014832,0.8109167099921636,0.0,0.1215106312461976,0.7904796191044626,3.59760294251731,0.7355021355562265,7.154367544977896e-05,0.00011554934530229566,5.12660073454718e-06,0.0,0.0,0.2950683680464078,0.04208896228901391,3.1534089737885904,2.128571428571428,0.3658827209013568,0.0,0.0007521486110561372,4.206290553571064,0.06684226038123331,0.00038271160953569133,10.661282209146428,0.0,0.0,14.395732888889565,0.6740764398111064,0.5505372167355072,5.12660073454718e-06,0.0,1.1092623405435386e-05,98.99924010502653,1.4796539279436283,4.9416540734780385,0.0,0.0033011260351915,0.0,0.0,0.1601918790582116,0.0,0.0,0.0030940711454983,0.0,0.0989010989010989,0.0,0.1640741777407222,0.008540855310943675,0.0,1.4120345990353542e-05,0.010616279444157108,0.003302437761443966,9.81179780029732e-05,3.652522768674746,1.5274489974855225,0.10292274822340522,0.0757405185758237,0.0,12.62652689807253,0.0,0.8874570911775852,2.0619420129913983,2.56330036727359e-05,12.872295953849884,0.0,0.0001340041831448,4.060823772718887,2.377094181310773,0.0727570248159567,5.523502881084829e-05,4.498182734175393e-05,0.0,0.8351648351648351,0.0,0.0,1.4000189823434472,1.788609455905771,0.0,0.0910285422575232,4.498182734175393e-05,0.9430678589338286,0.0,0.0,0.0732273090027816,0.0,0.0,0.0023733081421128746,1.7478680353270565e-05,0.0005982035600359,0.680836133060803,2892.493233422825,0.0,8.154323319465337e-06,0.0053396553391084,0.0,0.0622879605776608,0.0,0.3082726985835387,2.175392823551171,7.993918804829506e-05,5.607445074718932e-05,0.6666666666666666,0.9015877981671987,0.0,2.6514535054173514e-05,0.1237258503214582,0.0,0.0445922338290212,0.03651782549794738,2.859091301000593,0.0018848010690671,0.0148407148407148,0.0,1.9963978712831798,1.1092623405435386e-05,0.9338652801548235,8.996365468350786e-05,0.5132942601148893,0.006000308351335599,0.0029376549013933957,0.0,0.0,0.0007227711548836329,0.20735972107838901,0.00014467775369973295,0.005322055109888582,0.0,4.498182734175393e-05,0.0338814964789768,6.913134828201337,1.607184290107099,0.0,0.0,1.6849943187767813,5.313455156921597,0.0,0.010632588090796001,0.7750900425137808,0.0011074197120708,1.3874520939869008,0.24852097413538196,1.8554264915289014,1.6065529408803771,17.059795170440687,1.025320146909436e-05,1.025320146909436e-05,0.0629872585834625,0.9697696694234397,0.05435404827459713,0.0,2.148314599586284,0.0,0.0012962276618940863,0.0,1.025320146909436e-05,0.7087993993212032,0.0,0.0,3.027722584918157e-06,0.0,9.807684998434514e-05,0.0,0.0311308182833103,0.0002888485785488,0.0,0.0002888485785488,1.2287381770278771,0.8415405803603692,0.0714418523526254,4.498182734175393e-05,5.12660073454718e-06,5.104980234887153,5.12660073454718e-06,7.866483209919485,0.0,0.0,0.08754257513596225,0.0184722791497324,0.20743083072900628,0.1840293994837004,29.277623453100016,0.03161543671021231,0.4733605477552204,0.0,0.0,0.095397481043554,0.0,0.17919893349160312,0.0,3.027722584918157e-06,1.0142321178539777,0.0,1.2471037297300784,0.0901922754509213,0.0157055659098056
MC,0.0,0.0,0.0,0.0,0.0,0.0,0.0,0.0,0.0,0.0052631578947368,0.0,0.0,0.0,0.0,0.0,0.0,0.0,0.20173680797250582,0.0,0.0,0.0,0.0,0.0,0.0,0.0,0.0,0.0,0.4220588235294116,0.0,0.0,0.0,0.0,0.0,0.0,1.283955383955384,0.0,0.0,0.0,0.0,0.0254678959484451,0.0,0.0,0.0,0.0,0.0,1.0,0.0,0.0,0.0,0.0,0.0,0.0,0.0,0.7708437761069339,0.0,0.0052631578947368,0.0,0.0,0.0,0.0,0.0,0.0,0.0,0.0,0.3409076991120334,0.0,0.0,0.0,0.0,0.0,23.27271213863184,0.0,0.2388265897217303,0.0,0.0,0.0,0.0,0.0,0.0,0.0,0.0,0.0,0.0,0.0,0.0083333333333333,0.0,0.0,0.0,0.0,0.0,0.0,0.0256410256410256,0.0,0.0,0.0021505376344086,0.0,0.0,0.0,0.0,0.0,0.0,1.3268524966827173,0.0,0.0,0.0,0.5569337095652884,0.0,0.0,0.0,0.0,0.0,0.0,0.0,0.0021505376344086,0.0,0.0,0.0,0.0,0.0,0.0,0.0,0.0,0.0,0.0,0.0,0.0,0.0,0.0,0.0,74.36745271571499,0.0,0.0,0.0,0.0,0.0,0.0,0.0,0.0,0.0,0.0,0.0,0.0,0.0,0.0,0.0,0.0,0.3333333333333333,0.0,0.0,0.0,0.0,0.0,0.0,0.0,0.0,0.08277310924369741,0.0,0.0,0.0,0.0,0.0,0.0,0.0,0.0,0.0,0.0,0.0,0.0,0.1611721611721611,0.0,0.0,0.0,0.0,0.0,0.0,0.0,0.0,0.0,0.0,0.0,0.0,0.3058608058608059,0.0,0.0,0.0476190476190476,0.5545823457588164,0.0,0.0,0.0,0.0,0.0,0.0,0.0,0.0,0.0,0.0,0.0,0.0,0.0,0.0,0.0,0.0,0.0,0.0,0.0,0.0,0.0,0.0,0.0,0.1454545454545454,0.0,0.0,0.0,0.0,0.0,0.0,0.0,0.0,2.880793120624839,0.0,0.0,0.0,0.0,0.0,0.0,0.0,0.0,0.0,0.0,0.0,0.0,0.0,0.0
MD,0.0,2.56330036727359e-06,0.0,0.0,0.0,0.0285143212751581,0.18687463049158198,3.027722584918157e-06,2.609742589038047e-05,0.3707954304481068,0.0301796777155666,0.0,0.0,0.0647039138537935,0.0631135475686815,5.12660073454718e-06,1.281650183636795e-05,0.7277089694195489,0.0,0.0943452004606674,0.0,0.0,2.56330036727359e-06,0.0,5.12660073454718e-06,0.0,0.0,0.0204679089775988,0.0,0.0,0.0,0.0,0.0953824844356383,1.5138612924590783e-06,0.075200855587402,0.0,7.569306462295392e-06,0.0,0.0,0.4806222939672057,4.077161659732669e-06,0.0,1.8871947006204266e-05,2.1435247373477856e-05,0.0263325459812392,3.005399291058776e-05,1.3280924054012515e-05,1.025320146909436e-05,2.56330036727359e-06,0.0,0.0,0.015561417103120001,0.0173709057161433,0.083989543194202,0.0,0.056784329957659196,0.0,7.68990110182077e-06,7.68990110182077e-06,8.154323319465337e-06,0.0089848192433179,1.281650183636795e-05,0.0,0.0,0.7033910067604658,5.591022952191747e-06,0.024771536967447202,2.56330036727359e-06,0.0,0.003700277520814,1.3519910938423496,0.0,1.533670372967613,0.0,0.1395267089429246,0.0,0.0,5.591022952191747e-06,0.0,0.0,3.027722584918157e-06,0.0,0.0,0.0,0.0127354833378319,8.618745537109903e-06,0.0,1.5138612924590783e-06,0.0,0.0142734954267152,4.077161659732669e-06,0.7117165327042678,0.0545597849085833,0.0033533234985991004,0.5976493323829206,0.0,0.0908967897309767,0.0,1.5138612924590783e-06,0.0318063754896117,0.002016642422448468,0.8658183389595762,0.0,2.20202642306478e-05,2.2484686448292367e-05,0.0005622493383679,7.68990110182077e-06,0.049909779537423996,0.0,0.0,0.0,0.0,0.0,0.000155878399867924,1.3280924054012515e-05,0.0,0.0409175459299715,0.0,0.1428622694578774,0.0,0.0,0.0,0.0,0.0,0.47348820105087547,0.0020785916713529353,0.0177863367670263,0.0,8.154323319465337e-06,0.0,81.91609391971514,0.0006368196175091,0.0,0.0,0.0,0.0272881686180092,0.0,1.7478680353270565e-05,0.0033333333333333,0.0,0.0,0.0,0.6296100282708023,2.56330036727359e-06,0.0,5.12660073454718e-06,3.844950550910385e-05,5.849148622964801e-05,4.077161659732669e-06,0.0,0.0,2.56330036727359e-06,0.0,1.3280924054012515e-05,0.0,0.8562249203379961,0.2993697827748479,2.1555842013003232e-05,0.0,0.0,2.819630404000949e-05,0.0,9.668184611924416e-06,2.866072625765406e-05,0.0,0.0,2.050640293818872e-05,0.0397446111811096,0.1692112905012752,0.0,0.0,1.025320146909436e-05,0.016752255494802,0.0,8.154323319465337e-06,5.12660073454718e-06,0.0,6.13225311040452,0.2149230803811002,3.3570785991999093,0.0,1.433036312882703e-05,5.12660073454718e-06,5.12660073454718e-06,1.5138612924590783e-06,0.011390566880066,0.10913646348066276,0.0,0.0097551168534187,0.0,0.3624286129458561,0.0,0.0006316930167746,0.0,0.0,0.0,1.5138612924590783e-06,0.0,0.0,0.0,0.0,0.0,0.0,0.0,0.0,0.0276782373911924,0.0422045264814232,0.0,0.04768154335921,1.176706276155344e-05,2.56330036727359e-06,0.2655915605971171,0.0,0.0,0.015833810805365,5.12660073454718e-06,0.2436802779207548,8.154323319465337e-06,2.448404471219505,1.025320146909436e-05,0.0617273130352116,0.0,0.0,1.1182045904383494e-05,0.0,3.588620514183026e-05,0.0,1.5138612924590783e-06,2.56330036727359e-06,0.0,0.0005422073576473,0.0,0.0
ME,0.0,7.225478884176204e-06,0.0,0.0,0.0,0.1127767635779333,0.0040969439301831,6.055445169836314e-06,0.001493559861813022,0.051962420730587,0.0235841617793969,0.0,0.0,0.0042527825444221,0.3106252782063108,1.4450957768352408e-05,3.612739442088102e-05,0.0255581062568369,0.0,0.044494758521201105,0.0,0.0,7.225478884176204e-06,0.0,1.4450957768352408e-05,0.0,0.0,0.0091990624974496,0.0,0.0,0.0,0.0,0.0110939517942912,3.027722584918157e-06,0.0013108351749694,0.0,1.5138612924590784e-05,0.0,0.0,0.040807515983266804,1.025320146909436e-05,0.0,0.0014707133914461535,5.546376364472985e-05,0.2148678492987781,0.0047205608761902,3.495736070654113e-05,2.8901915536704812e-05,7.225478884176204e-06,0.0,0.0,0.022100623541073502,0.0251251714857929,1.288127869051659,0.0,0.024905066064820798,0.0,2.167643665252861e-05,0.0035677757274326,2.050640293818872e-05,0.0161789231112493,0.0393736015145036,0.0,0.0,0.027981854199317098,1.3280924054012515e-05,0.0069559533192088,7.225478884176204e-06,0.0,0.0,0.7973897289149399,0.0,0.0285130336863003,0.0,0.0090546976246929,0.0,0.0,1.3280924054012515e-05,0.0,0.0,6.055445169836314e-06,0.0,0.0,0.0,0.3020308725399734,1.933636922384883e-05,0.0,3.027722584918157e-06,0.0,1.7929511095714261,1.025320146909436e-05,0.3125684337139347,3.915511700579917e-05,0.0192533425640018,0.0024707008165575,0.0,0.0039718690811081005,0.0,3.027722584918157e-06,0.0006311620069501,3.612739442088102e-05,1.020796143242527,0.0,6.083155365832779e-05,5.96615199439879e-05,0.0001403118213842,2.167643665252861e-05,0.009051669902108,0.0,0.0,0.0,0.0,0.0,8.367802402519628e-05,3.495736070654113e-05,0.0,0.0119766815962651,0.0,0.0017875006031584,0.0,0.0,0.0,0.0,0.0,0.0180124017450561,2.587419295178666e-05,0.0561997340340088,0.0,0.0053396553391084,0.0,0.0006368196175091,64.48492727440983,0.0,0.0,0.0,0.10835595053900429,0.0,5.174838590357332e-05,0.0,0.0,0.0,0.0,0.0152187969800081,7.225478884176204e-06,0.0,1.4450957768352408e-05,0.0051540456957453,0.0001673560480503,1.025320146909436e-05,0.0,0.0,7.225478884176204e-06,0.0,3.495736070654113e-05,0.0,0.0770931194550531,0.0117975966031886,6.200158737266768e-05,0.0,0.0,7.948026772593824e-05,0.0,2.353412552310688e-05,7.831023401159835e-05,0.0,0.0,5.780383107340963e-05,0.003650920287619465,0.062462141194824704,0.0,0.0,2.8901915536704812e-05,0.5125067257561736,0.0,2.050640293818872e-05,1.4450957768352408e-05,0.0,0.0594829786140397,10.669617724744237,0.1892742521961216,0.0,3.915511700579917e-05,1.4450957768352408e-05,1.4450957768352408e-05,3.027722584918157e-06,0.0092760162727171,0.0001246908299015,0.0,0.1299048129053912,0.0,0.0032320350749691,0.0,0.013836506082293,0.0,0.0,0.0,3.027722584918157e-06,0.0,0.0,0.0,0.0,0.0,0.0,0.0,0.0,2.8901915536704812e-05,0.0160247331065003,0.0,0.0090444444232238,0.0035780289289017,7.225478884176204e-06,0.3683072527646396,0.0,0.0,6.385927624324594e-05,1.4450957768352408e-05,0.034331884683797595,2.050640293818872e-05,0.7094811450534074,2.8901915536704812e-05,0.0021348620419827,0.0,0.0,2.6561848108025037e-05,0.0,0.0001011567043784,0.0,3.027722584918157e-06,7.225478884176204e-06,0.0,0.0037045263623936165,0.0,0.0
MF,0.0,0.0,0.0,0.0,0.0,0.0,0.0128205128205128,0.0,0.0,0.0365467865467865,0.0252931208576369,0.0,0.0,0.0,0.0,0.0,0.0,0.9338827838827839,0.0,0.0,0.0,0.0,0.0,0.0,0.0,0.0,0.0,0.0,0.0,0.0,0.0,0.0,0.0,0.0,0.1540685121330282,0.0,0.0,0.0,0.0,0.0106910562555723,0.0,0.0,0.0,0.0,0.0042154082476663,0.0,0.0,0.0,0.0,0.0,0.0,0.0,0.2119755244755244,0.1610086150408731,0.0,0.0062924978247558,0.0,0.0,0.0,0.0,0.0,0.0,0.0,0.0,0.0096617163255533,0.0,0.0,0.0,0.0,0.0,0.0890809011776753,0.0,0.0310961958245489,0.0,0.0,0.0,0.0,0.0,0.0,0.0,0.0,0.0,0.0,0.0,0.0020770895770895,0.0,0.0,0.0,0.0,0.0,0.0,0.0153346653346653,0.0,0.0,0.0429292929292929,0.0,0.0009157509157509,0.0,0.0,0.0,0.0,6.6391368314086705,0.0,0.0,0.0,0.0,0.0,0.0,0.0,0.0,0.0,0.0,0.0,0.0,0.0,0.0,0.0,0.0,0.0,0.0,0.0,0.0,0.0,0.0,0.0,0.0,0.0,0.0,0.0,0.0,0.0,0.0,19.15381106146014,0.0,0.0,0.0,0.0,0.0,0.0,0.0,0.0,0.0,0.0,0.0,0.0,0.0,0.0,0.0,0.0,0.0,0.0,0.0,0.0,0.0,0.0,0.0233991814636975,0.0020770895770895,0.0,0.0,0.0,0.0,0.0,0.0,0.0,0.0,0.0,0.0151515151515151,0.0,0.3333333333333333,0.0,0.0,0.0,0.0279720279720279,0.0,0.0,0.0,0.0,0.0,0.0001831501831501,0.0,0.0,0.0,0.0,0.0,0.0,0.0003663003663003,0.0040322580645161,0.0,0.0003663003663003,0.0,0.0,0.0,0.0,0.0,0.0,0.0,0.0,0.0,0.0,0.0,0.0,0.0,0.0,0.0,0.0,0.0,0.0,0.0,0.0,0.0,0.0,0.0018939393939393,0.0,0.0,0.0,0.0,0.0,0.0,0.2531490015360983,0.0,0.0,0.0,0.0,0.0,0.0,0.0,0.0,0.0,0.0,0.0,0.0,0.0,0.0
MG,0.0,0.0,1.7992730936701573e-05,0.0,0.0,0.0001155394314195,0.0001155394314195,0.0011256404415205,0.0363726327291047,0.0613691006849807,0.3362543071060829,0.0,0.0,1.7992730936701573e-05,0.0,0.0,5.397819281010472e-05,0.0001155394314195,0.1040338433497234,0.0002130861319024,0.0,5.776971570977887e-05,0.0029067725647126,0.0,0.0,1.7992730936701573e-05,0.0,0.9454995272818871,0.0,0.0,0.0,0.0097961794541195,0.0001155394314195,0.0,5.397819281010472e-05,0.0,0.3484139573877775,5.776971570977887e-05,0.0,2.0383295973034175,0.0761982958562359,0.0,2.698909640505236e-05,0.2061118150856353,0.0001529382129619,8.996365468350786e-06,8.996365468350786e-06,1.7992730936701573e-05,0.0,0.0,0.0,0.0,0.0001733091471293,0.8629391310445756,0.0,0.0223377616536417,0.0,1.7992730936701573e-05,0.0020779717359117,2.698909640505236e-05,5.776971570977887e-05,0.0052158231634635,0.0,0.0,0.0427407300307023,0.1198796564061535,5.776971570977887e-05,0.0,0.0,0.0,3.109164610243694,5.776971570977887e-05,0.2592790951743758,0.0,0.0001155394314195,0.0,0.0,0.0590609429558611,0.0,0.0,0.0,0.0,0.0,0.0,0.0,1.7992730936701573e-05,0.0,0.0,0.0222402149531589,5.776971570977887e-05,1.7992730936701573e-05,0.0001155394314195,0.0001439418474936,5.776971570977887e-05,0.0003248340404222,0.0,0.0002339055021771,0.0,9.896002015185864e-05,5.397819281010472e-05,0.0,1.4463205946102948,0.0,1.7992730936701573e-05,1.7992730936701573e-05,0.4000089963654684,0.0116519562309942,8.996365468350786e-06,8.996365468350786e-06,0.0,0.2666666666666666,0.0,0.0,1.7992730936701573e-05,0.0,0.0,8.996365468350786e-06,8.996365468350786e-06,1.7992730936701573e-05,0.0,0.0,8.996365468350786e-06,0.0,0.0,5.776971570977887e-05,0.0,0.0001155394314195,0.0021357414516215,0.0622879605776608,0.0,0.0,0.0,0.0,70.86968293679358,0.0,5.776971570977887e-05,0.10605404536992549,8.996365468350786e-06,8.996365468350786e-06,0.0,0.0011256404415205,0.0,0.0,0.001010101010101,0.0,0.0276586892640884,2.698909640505236e-05,2.698909640505236e-05,0.0011834101572303,0.0072833599149388,0.0,5.776971570977887e-05,0.0,0.0171566279730066,0.0222402149531589,0.0251867645026446,5.776971570977887e-05,2.698909640505236e-05,0.0,0.0,0.0028669955799395,0.0,1.7992730936701573e-05,8.096728921515707e-05,0.0,8.996365468350786e-06,1.7992730936701573e-05,0.0001079563856202,0.0002310788628391,0.0,0.0,0.0,0.0001155394314195,0.0,1.7992730936701573e-05,0.0,0.0,0.0001733091471293,0.0001733091471293,0.0003466182942586,0.048361318019258,1.7992730936701573e-05,0.0,0.0,0.0021357414516215,0.0001155394314195,1.7992730936701573e-05,0.0,0.0001155394314195,0.0,0.0001155394314195,0.0,0.0,0.1380848800323391,0.0,0.0,0.0,0.0,1.7992730936701573e-05,0.0,0.0,5.776971570977887e-05,0.0,5.776971570977887e-05,0.0610467807047207,0.0001169527510885,0.0,8.996365468350786e-06,0.0,0.0159159855739256,0.0,7.197092374680629e-05,0.0,0.0,8.996365468350786e-06,0.0128353663882245,0.0001733091471293,0.0065043377676769,1.5620504130941155,8.996365468350786e-06,8.996365468350786e-06,0.0,0.0,0.0222402149531589,0.0,2.698909640505236e-05,0.0,0.0,8.996365468350786e-06,0.0,0.0179276590860977,0.0058135451294252,0.0091800314695504
MH,0.0,0.0,0.0,0.0,0.0,0.0,0.0,0.0,0.0,0.0,0.4285714285714285,0.0,0.0,0.0,0.0,0.0,0.0,0.0,0.0,0.0,0.0,0.0,0.0,0.0,0.0,0.0,0.0,0.0,0.0,0.0,0.0,0.0,0.0,0.0,0.0,0.0,0.0,0.0,0.0,0.0,0.0,0.0,0.0,0.0,0.0,0.0,0.0,0.0,0.0,0.0,0.0,0.0,0.0,0.0,0.0,0.0,0.0,0.0,0.0,0.0,0.0,0.0,0.0,0.0,0.0,0.0,0.0,0.3,0.1603174603174603,0.0,0.0,0.0,0.0,0.0,0.0,0.0,0.0,0.0,0.0,0.0,0.0,0.0,0.0,0.0,0.0,0.0,0.0,0.0,0.0,0.0,0.0,0.0,0.0,0.0,0.0,0.0,0.0,0.0,0.0,0.0,0.0,0.0,0.0,0.0,0.0,0.0,0.0,0.0,0.0,0.0,0.0,0.0,0.0,0.0,0.0,0.0,0.0,0.0,0.0,0.0,0.0,0.0,0.0,0.0,0.0,0.0,0.0,0.0,0.0,0.0,0.0,0.0,0.0,0.0,4.564285714285714,0.0,0.0,0.0,0.0,0.0,0.0,0.0,0.0,0.0,0.0,0.0,0.0,0.0,0.0,0.0,0.0,0.0,0.0,0.0,0.0,0.0,0.0,0.0,0.0,0.0,0.0,0.0,0.0,0.0,0.0,0.0,0.0,0.0,0.0,0.0,0.0,0.0,0.0,0.0222222222222222,0.0,0.0,0.0,0.0,0.0,0.0,0.0,0.0,0.1,0.0,0.0,0.0,0.0,0.0,0.0,0.0,0.0,0.0,0.0,0.0,0.0,0.0,0.0,0.0,0.0,0.0,0.0,0.0,0.0,0.0,0.0,0.0,0.0,0.0,0.0,0.0,0.0,0.0,0.0,0.0,0.0,0.0,0.0,0.0,0.8103174603174603,0.0,0.0,0.0,0.0,0.0,0.0,0.0,0.0,0.0,0.0,0.0,0.0,0.0,0.0
MK,0.0,0.2133717697396844,1.7992730936701573e-05,0.0,0.0,0.6244149959873566,0.0257542207381919,0.000117053292712,0.0022084819586915,0.5342657297937576,0.8612449678309415,0.0,0.0,0.0461324729151377,0.5898524788597937,3.612739442088102e-06,6.301004141532498e-05,1.789404401829118,0.0001155394314195,2.2549681561935624,0.0,0.03577205542999548,5.9576085430822925e-05,0.0,3.612739442088102e-06,1.7992730936701573e-05,0.0,0.0495589804252231,0.1,0.0,0.0,5.776971570977887e-05,0.022110615845944398,7.569306462295393e-07,0.10220697741530571,0.0,0.0001770938003604,5.776971570977887e-05,0.0,1.0434555232042437,6.033301607705246e-05,0.0,0.0821177096936246,0.0001871750880405,1.02713082825518,0.0013877897628279002,0.029429500411527285,2.5218209820877776e-05,1.806369721044051e-06,0.0,0.0,0.0063827990722310005,0.2029147072198976,1.7908053554936547,0.0,0.07046118568287729,0.0,2.3411840099833727e-05,0.0147514079697717,0.0009996235581408996,0.5548477670609524,0.0582286495074283,0.0,0.0,1.70478157352917,0.0002343990938526,0.0486727847465583,1.806369721044051e-06,0.0,0.0,1.0362171630141028,5.776971570977887e-05,2.0666741024689665,0.0,0.0650789918533108,0.0,0.0,0.0002343990938526,0.0,0.0,1.5138612924590783e-06,0.0,0.0,0.0,1.65113160482785,2.282682324266378e-05,0.0,7.569306462295393e-07,1.7992730936701573e-05,1.243634753562933,2.0556031303975164e-05,0.0694223390492784,0.000153730626745,0.2578760533944817,0.0326459759883269,0.0,1.500073560822492,0.0,9.97169507980882e-05,0.0806259343608141,0.0006720510198145,6.65267921874252,0.0,3.3200619351283524e-05,0.0016655611721471,0.0249496318394449,0.0001209585405826,0.0239237457575235,8.996365468350786e-06,0.0,0.0,0.0,0.0,0.1589863573634063,0.0007108577055483,0.0,0.0234392140485072,8.996365468350786e-06,0.0026811799384638,0.0,0.0,8.996365468350786e-06,0.0,0.0,0.037494459081072504,0.0024454929384818466,0.0655142889876276,0.0001155394314195,0.3082726985835387,0.0,0.0272881686180092,0.10835595053900429,0.0,5.776971570977887e-05,0.0,264.92202156674267,0.0001155394314195,2.193346194424412e-05,8.996365468350786e-06,0.0,0.0001155394314195,0.0,0.0414837246097502,1.806369721044051e-06,0.0,0.0001769218865714,0.1630762274656092,0.0020792164871571003,0.0001758724474966,0.0,0.0,5.9576085430822925e-05,0.0,0.0007597456444037,1.7992730936701573e-05,0.4320788548316986,0.3685682525642909,4.248949324821928e-05,0.0,0.0,0.037720176502502596,0.0,2.387626231747829e-05,0.000100544847718,0.0,8.996365468350786e-06,3.244368870505398e-05,0.0579878887206402,0.7685734362973424,0.0,0.0,7.225478884176204e-06,2.6245495960803487,0.0,2.3119331671248758e-05,0.558022248961797,0.0,0.1136808852940929,3.90031495380527,0.2353837193110971,5.776971570977887e-05,0.0223190049399315,3.612739442088102e-06,3.612739442088102e-06,0.0001162963620657,0.4118841423586205,0.0190925333401492,0.0,0.8844762179330112,0.0,1.283179360661366,0.0,0.0109705708912227,0.0001155394314195,0.0,0.0,7.569306462295393e-07,0.0,1.7992730936701573e-05,0.0,0.0,5.776971570977887e-05,0.0,5.776971570977887e-05,5.776971570977887e-05,0.2001241782299727,0.0205345777980826,8.996365468350786e-06,0.0193668637210484,0.0053849010614103,1.806369721044051e-06,5.1036555959822945,0.0,0.0,0.0017813813093003,0.0002924613179909,0.254063997445496,0.0075891466400441,5.354794599908524,0.0001161119652195,0.0095219090820423,0.0,0.0,0.00026651015821400783,0.0,9.872940590732424e-05,0.0,7.569306462295393e-07,1.080273518939484e-05,0.0,0.1137904356942742,0.0001155394314195,5.776971570977887e-05
ML,0.0,0.0043290043290043,3.5985461873403146e-05,0.0,0.0,0.0002310788628391,0.0045600831918434,0.0189179475497077,0.0127450502855804,0.0116270902588505,0.0890328307363825,0.0,0.0,3.5985461873403146e-05,0.0,0.0,0.005371114280357,0.0002310788628391,0.3113131254712014,0.0004261722638048,0.0,0.0001155394314195,0.6402095848195826,0.0,0.0,3.5985461873403146e-05,0.0,0.1042970644135084,0.0,0.0,0.0,0.0081963475122276,0.0002310788628391,0.0,0.892937349215013,0.0,0.0759376938853342,0.0001155394314195,0.0547415740489743,0.0456286312233304,0.1823017429878417,0.0,0.0023528287675227,0.511240517423452,0.2306674067874543,0.0038183448071507997,0.0023168433056493,0.002334836036586,0.0,0.0,0.0,0.0,0.0003466182942586,1.5099921780724628,0.0,0.0205634346790659,0.0,0.002334836036586,0.0041559434718235,0.0046516793422353,0.0001155394314195,0.0047336406289213,0.0,0.0,0.0234931559678373,0.0499400348980524,0.0001155394314195,0.0,0.0,0.0,6.2106436016797275,0.1112266505425306,0.1784619717163042,0.0,0.0002310788628391,0.0,0.0,0.0181794464107088,0.0,0.0,0.0073529411764705,0.2333333333333333,0.0,0.0,0.0,0.002334836036586,0.0,0.0,0.007597993931322801,0.0001155394314195,3.5985461873403146e-05,0.0002310788628391,0.0002878836949872,0.0182973576132377,0.0036526710838475,0.0,0.07749678803333121,0.0,0.0001979200403037,0.0001079563856202,0.0,0.1287465756355737,0.0,3.5985461873403146e-05,3.5985461873403146e-05,0.08573227844522241,0.0701900340969366,1.7992730936701573e-05,1.7992730936701573e-05,0.0,0.0,0.0,0.0,0.2143216997475877,0.0,0.0,1.7992730936701573e-05,1.7992730936701573e-05,3.5985461873403146e-05,0.0,0.0,1.7992730936701573e-05,0.0222222222222222,0.0,0.0001155394314195,0.0,0.0002310788628391,0.0042714829032431,2.175392823551171,0.0,0.0,0.0,0.0,0.10605404536992549,0.0,0.0001155394314195,112.40152275513319,1.7992730936701573e-05,1.7992730936701573e-05,0.0043290043290043,0.0022512808830411,0.0,0.0,0.0487459030533033,0.0,0.0463143602297424,0.007654682345238299,5.397819281010472e-05,0.0402672532148935,0.024762370246241103,0.0,0.0215441108599909,0.0,0.5360906099804331,0.002334836036586,0.0017325803643406,0.0001155394314195,5.397819281010472e-05,0.0,0.0,3.5985461873403146e-05,0.0,0.002334836036586,0.0044909389074346,0.0043290043290043,1.7992730936701573e-05,0.005299143356610203,0.0002159127712404,0.0004621577256782,0.0,0.0,0.0,0.0002310788628391,0.0,0.005299143356610203,0.0,0.0,0.0003466182942586,0.0003466182942586,0.0036962395915203,0.0042862790860301,3.5985461873403146e-05,0.0,0.0223529411764705,0.0042714829032431,0.0017325803643406,3.5985461873403146e-05,0.0,0.0002310788628391,0.0,0.0002310788628391,0.0,0.0,0.448120964868175,0.0,0.0,0.0,0.0,0.002334836036586,0.0,0.0,0.0001155394314195,0.0,0.0001155394314195,0.4099574519049109,0.0469871522554238,0.0,1.7992730936701573e-05,0.0,0.0151449544608345,0.0,0.0046484463519981005,0.0,0.0,1.7992730936701573e-05,0.07646560852888,0.0003466182942586,0.0453701424249342,10.644098450435122,0.0023168433056493,0.0015194942324382016,0.0,0.0,0.007597993931322801,0.0,5.397819281010472e-05,0.0,0.0,1.7992730936701573e-05,0.0,0.0408413088747545,0.0002310788628391,0.0857814832282931
MM,0.0,1.293709647589333e-05,1.7992730936701573e-05,0.0,0.0,6.134560424175879e-05,2.7075898691456045e-05,2.7075898691456045e-05,0.0003682674922027,0.0007449304970039,1.6837383977728149,0.0,0.0,0.0002562884055106,1.293709647589333e-05,2.587419295178666e-05,0.0810568482450236,0.0007669507612346,1.7992730936701573e-05,8.336586847240659e-05,0.0,8.996365468350786e-06,2.193346194424412e-05,0.0,0.0174577106003294,1.7992730936701573e-05,0.0,0.0537060225385332,0.0,0.0369744506398281,0.0,8.996365468350786e-06,0.0002517468216332,4.541583877377235e-06,0.0519519362894661,0.0,4.969701579193854e-05,8.996365468350786e-06,0.0,0.2904941777381508,2.6475045821621352e-05,0.0,0.000109840914294,0.035165513053504904,2.3421964628756955,0.0978803011621133,6.982791912667857e-05,6.974111684027489e-05,1.293709647589333e-05,0.0,0.0,6.468548237946665e-05,0.002286021070385,0.3908612581262346,0.0,0.0008398330572383,0.0,5.680402036438156e-05,0.3333811409882293,0.0667286131237782,0.000164241523179,0.0005861718565827,0.0,0.0,0.0166550882661661,5.800572610405095e-05,0.0004488576456487,1.293709647589333e-05,0.0,0.0,0.7440037451559032,8.996365468350786e-06,0.4251869617032129,0.0,4.840850776586547e-05,0.0,0.0,0.1368855572595378,0.0,0.0,9.08316775475447e-06,0.0,0.0,0.0,0.0003377398186857,4.909616292210384e-05,0.0,4.541583877377235e-06,1.7992730936701573e-05,0.0006887273295094,3.547141128997214e-05,0.0003391402233996,3.299627559073443,0.0001338257463499,0.0002064843252529,0.0,3.562863217407616,0.0,1.0667701682706958,0.0237240923055671,6.468548237946665e-05,0.4069131263807949,0.0,0.0001260310866212,0.0001221771579,11.662130620102841,5.680402036438156e-05,3.4870558420137445e-05,0.043625624324518,0.0,0.0,0.0,0.0,2.0086241940157032,6.083155365832779e-05,0.0,0.0001565336657367,0.0150541957530895,4.386692388848823e-05,0.0,0.0,0.032690703937265,0.0,0.0,0.0001558460105805,4.720680202619608e-05,6.974111684027489e-05,1.7992730936701573e-05,7.993918804829506e-05,0.0,1.7478680353270565e-05,5.174838590357332e-05,0.0,8.996365468350786e-06,0.0,2.193346194424412e-05,1.7992730936701573e-05,83.16140855997679,0.0818148033520621,0.0,1.7992730936701573e-05,0.0,4.789445718243446e-05,0.1904891275726663,0.0,0.11287337610986964,0.0002210455435434,2.859741799478574,4.4467776758322925e-05,0.0,0.0,2.193346194424412e-05,0.0,0.0700190541460167,1.7992730936701573e-05,0.0267536227773625,0.214648553839909,0.1780814571395955,0.0,0.0,0.0001603007921715,0.0002337540906965,5.749167552061993e-05,0.0002194214217288,0.0,8.996365468350786e-06,0.2209891656952918,0.050716167650151,0.000857825788175,0.0,0.0,5.174838590357332e-05,0.0011255342328127,0.0,0.101273298370815,0.0002596282836483,0.0,0.0002255871274208,7.419589843124844e-05,0.0366856028905546,8.996365468350786e-06,0.0520352717452454,2.587419295178666e-05,2.587419295178666e-05,2.253431481407881e-05,0.34229358928610076,2.0862041578564896,0.0,6.588718811913603e-05,0.0,8.721979719354545e-05,0.0222222222222222,2.587419295178666e-05,1.7992730936701573e-05,0.0357142857142857,0.0,4.541583877377235e-06,0.0,1.7992730936701573e-05,0.0,0.0,8.996365468350786e-06,0.0,8.996365468350786e-06,8.996365468350786e-06,6.891006262307609,3.041577682916389e-05,8.996365468350786e-06,1.293709647589333e-05,6.528633524930134e-05,1.293709647589333e-05,0.0480586851821273,0.0,0.0,1.834233914711839,0.0351135910630285,4.5155431914561297e-05,7.094282257994428e-05,1.9914404945057855,0.0147666271043131,8.996365468350786e-06,0.0,0.0,6.203325939799718e-05,0.0,0.9672409106835508,0.0,4.541583877377235e-06,2.193346194424412e-05,0.0,0.0002509521020112,0.0275443879043906,8.996365468350786e-06
MN,0.0,5.546311702717693e-05,1.7992730936701573e-05,0.0,0.0,1.7992730936701573e-05,0.0240927121750659,1.7992730936701573e-05,8.996365468350786e-06,0.02835132606427,3.8531949851339764,0.0,0.0,7.865064363142809e-05,0.0,0.0,0.0516334184278856,0.0033513260642700016,0.0030949158078597016,2.3539042639419264e-05,5.546311702717693e-06,8.996365468350786e-06,0.006162842519314451,0.0,0.0174429290307831,1.7992730936701573e-05,0.0,0.9644405418967786,0.0,0.013796893430012799,0.0,1.454267717106848e-05,0.0980572084172112,0.0,0.0364675313617708,0.0,2.698909640505236e-05,8.996365468350786e-06,0.0555555555555555,0.2291667981169262,8.996365468350786e-06,0.0,0.0086905440661164,2.698909640505236e-05,4.741208603460179,3.118161227922156e-05,0.003085919442391351,0.00835132606427,0.0,0.0,0.0,0.0,3.253540810777005e-05,1.916699296268279,0.0,0.0147349677072833,0.0,1.7992730936701573e-05,8.996365468350786e-06,2.698909640505236e-05,2.008898887378617e-05,0.0362316450443538,0.0,0.0,0.1307725591210846,0.000141365384225,1.454267717106848e-05,0.0,0.0,5.546311702717693e-06,1.096379091818818,8.996365468350786e-06,0.2402743693647498,0.0,2.3539042639419264e-05,0.0,0.0,0.0018617605344759,0.0,0.0,0.0036238185866914,0.0,0.0,0.0,0.0057834503469826,0.0588415221427014,0.0,5.546311702717693e-06,1.7992730936701573e-05,2.008898887378617e-05,1.7992730936701573e-05,0.5952767841899635,0.16303286825350952,8.996365468350786e-06,0.0013743750161623,0.0,0.1263928540317597,0.0,0.0008157623490831,0.0234915391024644,0.0,0.0154423421081664,0.0,1.7992730936701573e-05,0.0001999664690208,13.957743082538185,1.7992730936701573e-05,0.0001192195674523,0.0067208624197562,0.0,0.0,0.064141414141414,0.0,3.9542801022027563,5.546311702717693e-06,0.0,0.0306165910015703,0.0068310856217402,0.0032051390098437,0.0,0.0,0.0199363953411497,0.0,0.0018091361374943,8.996365468350786e-06,0.0,1.7992730936701573e-05,2.3539042639419264e-05,5.607445074718932e-05,0.0,0.0033333333333333,0.0,0.0,8.996365468350786e-06,0.0,8.996365468350786e-06,1.7992730936701573e-05,0.0818148033520621,91.24425511618622,0.0,1.7992730936701573e-05,0.0,0.0,0.0,0.0,0.0018361252338993,5.472065491864082e-05,0.1340205510458646,0.0018361252338993,0.0018091361374943,0.0,8.996365468350786e-06,5.546311702717693e-06,0.0019981909407182,1.7992730936701573e-05,1.9515885503841428,3.118161227922156e-05,0.0207760945804934,0.0,0.0,0.5463078103269108,1.1092623405435386e-05,2.908535434213696e-05,0.046046109560513776,0.0,8.996365468350786e-06,0.05273313141538111,0.0362276083799871,1.0109659726594846,0.0,0.0,0.0,5.6816912855725424e-05,0.0,1.7992730936701573e-05,2.218524681087077e-05,0.0,0.00674911888009883,4.362803151320544e-05,1.6276287756218268,8.996365468350786e-06,0.0002994485636346,0.0,0.0,1.7992730936701573e-05,2.908535434213696e-05,0.0718405161801774,0.0,2.3539042639419264e-05,0.0,1.7992730936701573e-05,0.0,0.0,1.7992730936701573e-05,0.0,0.0,0.0,0.0,1.7992730936701573e-05,0.0,0.0,0.0018181325029626,0.0,8.996365468350786e-06,8.996365468350786e-06,0.29425255858583743,0.0,0.0031410310433833597,0.0,1.454267717106848e-05,0.0,0.0388822019632879,0.003076923076923,0.0,3.5667412665923823,0.0098171002561765,0.0255617484546937,0.0455891945293161,7.936172215214756,8.996365468350786e-06,0.0279025436569328,0.0,0.0,1.7992730936701573e-05,0.0,0.7294431798698138,0.0,0.0,0.000124765879155,0.0,0.7351469324701174,1.7992730936701573e-05,8.996365468350786e-06
MQ,0.0026455026455026,0.0043290043290043,0.0,0.0,0.0,0.0,0.0043290043290043,0.0,0.0043290043290043,0.0324147677088853,0.0038193295336152,0.0,0.0,0.0,0.0,0.0,0.0,1.7467132484373864,0.0,0.0,0.0,0.0,0.0357142857142857,0.0,0.0,0.0,0.0,0.0148692810457516,0.0,0.0,0.0,0.0,0.0,0.0,0.0817084422561096,0.0,0.0,0.0,0.0,0.7736859975250068,0.5,0.0,0.0,0.0,0.1316048620405099,0.003003003003003,0.0,0.504029304029304,0.0,0.0,0.0,0.0,0.0023178280321137,0.0494097847039022,0.0,0.0,0.0,0.0,0.0,0.0,0.0,0.0,0.0,0.0,0.1344747711974602,0.0,0.0,0.0,0.0,0.0,11.549284723668851,0.0,0.0529120002804212,0.0,0.0,2.9686083524318816,0.0,0.0,0.0,0.0,0.0,0.0,2.180943938389381,0.0,0.0577688651218063,0.0,0.0,0.0,0.0,0.0,0.0,0.0015015015015015,0.0,0.0,0.0,0.0,0.0230147953832164,0.0,0.0,0.037088016809379,0.0,0.1449774559858592,0.0,0.0,0.0,0.0,0.0,0.0,0.0545454545454545,0.0,0.0,0.0,0.0,0.7023809523809523,0.0,0.0,0.0,0.0,0.0,0.0,0.0,0.0,0.0,0.0,0.0,0.0,0.0,0.0,0.6666666666666666,0.0,0.0,0.0,0.0,0.0,0.0,0.0,0.0043290043290043,0.0,0.0,49.13157785783721,0.0,0.0,0.0,0.0,0.0,0.0,0.0015015015015015,0.0252100840336134,0.0,0.0,0.0,0.0,0.0,0.0043290043290043,0.0,0.0,0.0,0.0,0.0,0.0,0.0008163265306122,0.0,0.0,0.0043290043290043,0.052824016368908,0.0,0.0008163265306122,0.0,0.0,0.0,0.0,0.0,0.0361990950226243,0.0,0.0,0.0009661835748792,0.0441176470588235,1.0403460991696285,0.0,0.003003003003003,0.0,0.0,0.0,0.0,0.0065359477124183,0.0008163265306122,0.0,0.0,0.0,0.0,0.0,0.0,0.0,0.0,0.0,0.0,0.0,0.0,0.0,0.0,0.0,0.0,0.0,0.0,0.0,0.0,0.0,0.0,0.0,0.0052910052910052,0.0,0.0039504810933382,0.0,0.0,0.0,0.0,0.0222222222222222,0.0,3.471642495326706,0.0,0.0,0.0,0.0,0.0,0.0,0.0579365079365079,0.0,0.0,0.0,0.0,0.0,0.0,0.0
MR,0.0,0.0,3.5985461873403146e-05,0.0,0.0,0.0002310788628391,0.0002310788628391,0.0012411798729401,1.7992730936701573e-05,0.0002310788628391,0.0001439418474936,0.0,0.0,3.5985461873403146e-05,0.0,0.0,0.0001079563856202,0.0002310788628391,0.2383263169580771,0.0004261722638048,0.0,0.0001155394314195,0.0001155394314195,0.0,0.0,3.5985461873403146e-05,0.0,0.2223121858769057,0.0,0.0,0.0,0.0041559434718235,0.0002310788628391,0.0,0.0001079563856202,0.0,0.0003466182942586,0.0001155394314195,0.0,0.0098704278180681,0.0001155394314195,0.0,5.397819281010472e-05,0.0023668203144606,0.0003058764259239,1.7992730936701573e-05,1.7992730936701573e-05,3.5985461873403146e-05,0.0,0.0,0.0,0.0,0.0003466182942586,0.0004621577256782,0.0,0.0002310788628391,0.0,3.5985461873403146e-05,0.0307071700230501,5.397819281010472e-05,0.0001155394314195,0.0027134386087193,0.0,0.0,0.0012709337456151,0.0014722587357792,0.0001155394314195,0.0,0.0,0.0,1.2687448866925268,0.0001155394314195,0.0044167762073377,0.0,0.0002310788628391,0.0,0.0,0.0014722587357792,0.0,0.0,0.0,0.0,0.0,0.0,0.0,3.5985461873403146e-05,0.0,0.0,3.5985461873403146e-05,0.0001155394314195,3.5985461873403146e-05,0.0002310788628391,0.0002878836949872,0.0001155394314195,0.0006496680808445,0.0,0.0004678110043542,0.0,0.0001979200403037,0.0001079563856202,0.0,0.0005776971570977,0.0,3.5985461873403146e-05,3.5985461873403146e-05,1.7992730936701573e-05,0.0012411798729401,1.7992730936701573e-05,1.7992730936701573e-05,0.0,0.0,0.0,0.0,3.5985461873403146e-05,0.0,0.0,1.7992730936701573e-05,1.7992730936701573e-05,3.5985461873403146e-05,0.0,0.0,1.7992730936701573e-05,0.0,0.0,0.0001155394314195,0.0,0.0002310788628391,0.0022512808830411,0.9015877981671987,0.0,0.0,0.0,0.0,0.0011256404415205,0.0,0.0001155394314195,0.0022512808830411,1.7992730936701573e-05,1.7992730936701573e-05,0.0,17.62581243774421,0.0,0.0,0.001010101010101,0.0,0.0003466182942586,5.397819281010472e-05,5.397819281010472e-05,0.0013567193043596,0.002020202020202,0.0,0.0001155394314195,0.0,0.0045323156387572,3.5985461873403146e-05,0.0002310788628391,0.0001155394314195,5.397819281010472e-05,0.0,0.0,3.5985461873403146e-05,0.0,3.5985461873403146e-05,0.0001619345784303,0.0,1.7992730936701573e-05,3.5985461873403146e-05,0.0002159127712404,0.0004621577256782,0.0,0.0,0.0,0.0002310788628391,0.0,3.5985461873403146e-05,0.0,0.0,0.0003466182942586,0.0003466182942586,0.0006932365885173,0.0011256404415205,3.5985461873403146e-05,0.0,0.0,0.0022512808830411,0.0002310788628391,3.5985461873403146e-05,0.0,0.0002310788628391,0.0,0.0002310788628391,0.0,0.0,1.0726697513015115,0.0,0.0,0.0,0.0,3.5985461873403146e-05,0.0,0.0,0.0001155394314195,0.0,0.0001155394314195,0.0001155394314195,0.0002339055021771,0.0,1.7992730936701573e-05,0.0,0.0307071700230501,0.0,0.0001439418474936,0.0,0.0,1.7992730936701573e-05,0.0025978991772998,0.0003466182942586,0.0014722587357792,0.0039915008157475,1.7992730936701573e-05,1.7992730936701573e-05,0.0,0.0,3.5985461873403146e-05,0.0,5.397819281010472e-05,0.0,0.0,1.7992730936701573e-05,0.0,0.0023965741871357,0.0002310788628391,0.0011256404415205
MS,0.0,0.0,0.0,0.0,0.0,0.0,0.0,0.0,0.0,0.0,0.0,0.0,0.0,0.0,0.0,0.0,0.0,0.0,0.0,0.0,0.0,0.0,0.0,0.0,0.0,0.0,0.0,0.0,0.0,0.0,0.0,0.0,0.0,0.0,0.0,0.0,0.0,0.0,0.0,0.0,0.0,0.0,0.0,0.0,0.0,0.0,0.0,0.0,0.0,0.0,0.0,0.0,0.0,0.0,0.0,0.0,0.0,0.0,0.0,0.0,0.0,0.0,0.0,0.0,0.0,0.0,0.0,0.0,0.0,0.0,0.0,0.0,0.0,0.0,0.0,0.0,0.0,0.0,0.0,0.0,0.0,0.0,0.0,0.0,0.0,0.0,0.0,0.0,0.0,0.0,0.0,0.0,0.0,0.0,0.0,0.0,0.0,0.0,0.0,0.0,0.0,0.0,0.0,0.0,0.0,0.0,0.0,0.0,0.0,0.0,0.0,0.0,0.0,0.0,0.0,0.0,0.0,0.0,0.0,0.0,0.0,0.0,0.0,0.0,0.0,0.0,0.0,0.0,0.0,0.0,0.0,0.0,0.0,0.0,0.0,0.0,0.0,0.0,0.0,0.0,0.0,0.6666666666666666,0.0,0.0,0.0,0.0,0.0,0.0,0.0,0.0,0.0,0.0,0.0,0.0,0.0,0.0,0.0,0.0,0.0,0.0,0.0,0.0,0.0,0.0,0.0,0.0,0.0,0.0,0.0,0.0,0.0,0.0,0.0,0.0,0.0,0.0,0.0,0.0,0.0,0.0,0.0,0.0,0.0,0.0,0.0,0.0,0.0,0.0,0.0,0.0,0.0,0.0,0.0,0.0,0.0,0.0,0.0,0.0,0.0,0.0,0.0,0.0,0.0,0.0,0.0,0.0,0.0,0.0,0.0,0.0,0.0,0.0,0.0,0.0,0.0,0.0,0.0,0.0,0.6666666666666666,0.0,0.0,0.0,0.0,0.0,0.0,0.0,0.0,0.0,0.0,0.0,0.0,0.0,0.0
MT,0.0,3.740869653976519e-05,0.0,0.0,0.0,0.010424240561271,0.0256472793402971,7.569306462295392e-06,0.011045575796660117,0.5694602398639599,1.5488125395149255,0.0,0.0,0.0006303510692712,0.027367817113685397,1.3865940911182462e-05,3.4664852277956155e-05,1.5375100425770307,0.0,1.5381594020902558,5.079287680695659e-06,0.0,1.201225813628689e-05,0.0,1.3865940911182462e-05,0.0,0.0,0.1372181197642832,0.0,0.0,0.0,5.079287680695659e-06,0.034723664990144495,3.784653231147696e-06,3.158110716595769,0.0,0.0024579476563996,0.0,0.0,0.10626231215422291,1.0717623686738928e-05,0.0,0.012244925416421899,6.181572333883382e-05,0.9799232411962643,0.10862047267257259,0.0036938377736504603,3.281116950306058e-05,6.932970455591231e-06,0.0,0.0,0.08240757169600879,0.10730133769356591,2.5212852731568303,0.0,0.8450631612809343,0.0,2.079891136677369e-05,2.587819904746935e-05,0.00040584980291097784,0.0482589762883211,0.0001159334551690867,0.0,0.0,3.2679675388915523,0.0017419432401092998,0.0375587679575528,0.0036654695558213913,0.0,0.003700277520814,0.6895719259435231,0.0,32.65801066884953,0.0,0.0142916007990965,0.0,0.0,3.9898715321364916e-05,0.0,0.0,7.569306462295392e-06,0.0012195121951219,0.0,0.0,2.509383161281141,0.020504171141217782,0.0,3.784653231147696e-06,0.0,0.8774326625095284,1.0717623686738928e-05,0.6243334411407234,5.368736855119083e-05,3.0890495503796256,0.4472477779272468,0.0,1.2634409583107977,0.0,2.410180395393033e-05,0.0576643918318774,0.0027491713361857562,15.404860294095897,0.0,5.924841687587755e-05,7.004332824397302e-05,3.8244084110603964,0.004909006267215891,0.008439862929491,0.0,0.0,0.0,0.0,0.0,0.013181782143156674,4.038047596535598e-05,0.0,0.0099380137924324,0.0,0.0020391472487938825,0.0,0.0,0.0,0.0,0.0,0.018402439485030002,0.0371365346025025,0.0419031240091995,5.079287680695659e-06,2.6514535054173514e-05,0.0,0.6296100282708023,0.0152187969800081,0.0,0.0,0.0,0.0414837246097502,0.0,4.789445718243446e-05,0.0,0.0,0.0,0.0,244.50823189006502,6.932970455591231e-06,0.0,0.0012333781360331,0.0218432431825855,0.0074809744428842,1.0717623686738928e-05,0.0,0.0,6.932970455591231e-06,0.0714285714285714,0.0013005269725328609,0.0012195121951219,2.5586817553798635,0.7117722558913273,6.369136854986903e-05,0.0,0.0,0.0086179273285458,0.0,3.0299188285321205e-05,0.0546274328441534,0.0,0.0,5.546376364472985e-05,2.1227286568719372,0.3295628833970808,0.0,0.0,2.7731881822364925e-05,1.627288530736264,0.0,2.1435247373477856e-05,0.1666957704706199,0.0,0.4973662944499594,0.4443951549144362,0.0830573037345923,0.0,0.27654611883919256,1.3865940911182462e-05,1.3865940911182462e-05,3.784653231147696e-06,0.0707574819603934,0.0001222814869829,0.0,0.18426550595926688,0.0,0.0248853362648397,0.0,0.0117349719056631,0.0,0.0,0.0,3.784653231147696e-06,0.0,0.0,0.0,0.0,0.0,0.0,0.0,0.0,0.007344805052554065,0.0131698080475453,0.0,0.0076166034284232,3.151653505351262e-05,6.932970455591231e-06,2.4847679903768056,0.0,0.0,0.0012825452652289,1.3865940911182462e-05,0.0419013177315275,0.0024655389252979955,5.735104082122618,2.7731881822364925e-05,0.0013807142290114,0.0,0.0,2.9004553835773245e-05,0.0,0.2001224580247818,0.0,3.784653231147696e-06,6.932970455591231e-06,0.0,0.0106679467763892,0.0,0.0
MU,0.0,1.806369721044051e-06,0.0058479532163742,0.2,0.0,6.176039809361692e-06,0.0952396090993877,0.0010116148713934,1.7771188781855535e-05,0.025677617457664125,0.6110349271626833,0.0,0.0,7.569306462295393e-07,1.806369721044051e-06,3.612739442088102e-06,0.0424870216950161,0.20003991204765204,0.014501185089420299,0.27415430570974986,0.0,0.0,0.028170102604378702,0.0,3.612739442088102e-06,0.0,0.0,0.0001325526447924,0.0,0.0058479532163742,0.0,0.004040404040404,0.0,7.569306462295393e-07,0.0017180210161923,0.0,3.784653231147696e-06,0.0,0.0090336134453781,2.460361277612983,0.2535775875921337,0.0,0.0057100652691958,0.0090186009047254,0.4741907851091719,1.870003321714467e-05,8.739340176635283e-06,7.225478884176204e-06,1.806369721044051e-06,0.0,0.0,9.031848605220255e-06,0.1032684296834057,0.11944136651776,0.0,8.297241252850096e-05,0.0,5.419109163132152e-06,0.0037062933982727,5.12660073454718e-06,2.167643665252861e-05,0.9594522030564824,0.0,0.0,0.35731365193816783,0.051079031035902396,6.141657051549773e-05,1.806369721044051e-06,0.0,0.0,1.8015664764345634,0.0,4.494411293986499,0.0,4.369670088317641e-06,0.0,0.0,0.0395169019081824,0.0,0.0,0.007354455037763,0.0141025641025641,0.0,0.0,4.789445718243446e-05,4.834092305962208e-06,0.0,0.3333340902639795,0.0,0.0909392141774914,2.56330036727359e-06,0.341686760033365,0.0117056952119999,0.0393335460828035,3.4188451426477324,0.0,3.614325465986071,0.0,7.569306462295393e-07,0.0117037494161175,9.031848605220255e-06,2.4447740596609804,0.0,1.5207888414581947e-05,1.4915379985996977e-05,0.025676103596371666,0.13695934536716792,3.612739442088102e-06,0.0,0.0,0.0,0.0,0.0,0.2872226067076934,8.739340176635283e-06,0.0,0.0338021252008291,0.0,3.612739442088102e-06,0.0,0.0,0.0058479532163742,0.0,0.0,2.0626997577714095e-05,6.468548237946665e-06,7.225478884176204e-06,0.0323232323232323,0.1237258503214582,0.0,2.56330036727359e-06,7.225478884176204e-06,0.0,0.001010101010101,0.0,1.806369721044051e-06,0.0487459030533033,0.1904891275726663,0.0,0.0,0.001010101010101,0.0,6.932970455591231e-06,78.13989154182441,0.0058479532163742,0.0368434806514162,0.0171211126398327,2.0142498532200266,0.0344848212198306,0.037873646206487296,0.0,1.806369721044051e-06,0.0,0.4473672156241375,0.0,5.541244449519563e-05,4.9528913114418906e-05,0.0058634536132174,0.0,0.0,1.987006693148456e-05,0.0,5.88353138077672e-06,1.9577558502899587e-05,0.0,0.0,1.4450957768352408e-05,0.3872476649480296,0.5484901208196769,0.0,0.0,7.225478884176204e-06,0.1530268612575428,0.0,5.12660073454718e-06,3.612739442088102e-06,0.2499999999999999,2.7852476461890304e-05,0.19048265902442835,0.2271366428830562,0.0046332894158981,0.2291140178834804,3.612739442088102e-06,0.0612476056559346,0.0056441473566453,0.0191000037695293,3.117270747539343e-05,0.0,6.932970455591231e-06,0.0,0.06643225520171785,0.0,3.612739442088102e-06,0.0248219589934843,0.0,0.0,7.569306462295393e-07,0.0,0.0,0.0,0.0151515151515151,0.0,0.0,0.0016806722689075,0.0,7.225478884176204e-06,4.369670088317641e-06,0.0,1.806369721044051e-06,0.014848697250245199,1.806369721044051e-06,3.929633255041052,0.0,0.0,1.5964819060811486e-05,0.0423704104770837,0.0057010334205906,0.0680329465675338,3.4746761546177694,7.225478884176204e-06,0.0,0.0,0.0,6.6404620270062585e-06,0.0,0.1887274367017715,0.0,7.569306462295393e-07,1.806369721044051e-06,0.0,2.6578062005716845,0.0,0.1169680809013155
MV,0.0,0.0,0.0058479532163742,0.0,0.0,0.0,0.0,0.0,0.0,0.0517241379310344,0.0,0.0,0.0,0.0,0.0,0.0,0.4058479532163743,0.0,0.0,0.0,0.0,0.0,0.0,0.0,0.0,0.0,0.0,0.0,0.0,0.0058479532163742,0.0,0.0,0.0,0.0,0.0,0.0,0.0,0.0,0.0,0.0,0.0,0.0,0.0,0.0,0.3046620046620046,0.0,0.0,0.0,0.0,0.0,0.0,0.0,0.0,0.0172413793103448,0.0,0.0,0.0,0.0,0.0,0.0,0.0,0.0,0.0,0.0,0.0,0.0,0.0,0.0,0.0,0.0,0.0,0.0,0.0,0.0,0.0,0.0,0.0,0.0,0.0,0.0,0.0,0.0,0.0,0.0,0.0,0.0,0.0,0.0,0.0,0.0,0.0,0.0,0.0116959064327485,0.0,0.0,0.0,0.548078529657477,0.0,0.0,0.0058479532163742,0.0,0.0,0.0,0.0,0.0,0.0,0.0,0.0,0.0,0.0,0.0,0.0,0.0,0.0,0.0,0.0,0.0,0.0,0.0,0.0,0.0,0.0058479532163742,0.0,0.0,0.0,0.0,0.0,0.0,0.0,0.0,0.0,0.0,0.0,0.0,0.0,0.0,0.0,0.0,0.0,0.0,0.0,0.0,0.0,0.0058479532163742,10.693226344133784,0.0,0.0,0.7222222222222222,0.0,0.0,0.0,0.0,0.0,0.0,0.0,0.0,0.0,2.418668466036887,0.0,0.0,0.0,0.0,0.0,0.0,0.0,0.0,0.0,0.0116959064327485,0.0,0.0,0.0,0.0,0.0,0.0,0.0,0.0,0.0,0.0,0.0,0.0,0.0,0.1428571428571428,0.0,0.0,0.0,0.0,0.0,0.0,0.0,0.0,0.0,0.0,0.0,0.0,0.0,0.0,0.0,0.0,0.0,0.0,0.0,0.0,0.0,0.0,0.0,0.25,0.0,0.0,0.0,0.0,0.0,0.0,0.0,0.0,0.0,0.0,0.0,0.0,0.7515151515151515,0.0,0.0,0.0,0.0,0.0,0.0,0.0,0.0,0.0,0.0,0.0,0.0,0.0,0.0
MW,0.0,3.612739442088102e-06,5.397819281010472e-05,0.0,0.0,0.0003589703738773,0.0009214643279592,0.0003496460168435,0.002708034119471363,0.0009916202386514,0.6931625182862408,0.0,0.0,5.54920541025638e-05,3.612739442088102e-06,7.225478884176204e-06,0.0202370556461309,0.3063316231132552,0.0020272905631662,0.0006582509373529,0.0,0.0001733091471293,0.0001769218865714,0.0,7.225478884176204e-06,5.397819281010472e-05,0.0,0.11921333434986789,0.0,0.0,0.0,0.2843453687755785,0.0003466182942586,0.0037711586324405003,1.6691084057379597,0.0,0.0029665211380942,0.0001733091471293,0.0038312099033161,1.3532364210299905,0.0128128443500144,0.0,0.0057271547902705,0.964548364500386,4.416134856226032,0.0175770977500056,4.4467776758322925e-05,6.842915057845712e-05,3.612739442088102e-06,0.0,0.0,1.806369721044051e-05,0.000563280314693,0.7680562352200924,0.0,0.0026631007537242,0.0,6.481641113636902e-05,0.05448585760022863,0.0017206802613451001,0.0002166620204343,0.0613753788974467,0.0,0.0,0.4653904990412083,0.739795806717403,0.0004877131693863,3.612739442088102e-06,0.0,0.0,2.6372002196290234,0.0001733091471293,10.186495526288725,0.0032589195413217,0.0003553576344353,0.0,0.0,0.8272676490707502,0.0,0.0,0.0052507597682344,0.0012195121951219,0.0,0.0,0.0022970669961414,0.002709149022924629,0.0,1.5138612924590783e-06,0.0222762004150323,0.0002335556839304,0.0474300345174154,0.0003722512979314,0.34376256907041003,0.6377910712390159,0.011753366217762,0.0,3.156141246619163,0.0,0.000298393921748,0.0427978634698218,0.005281221591947241,0.7623204441224163,0.0,8.439396963926861e-05,0.13543600464980532,0.3017310555897401,1.6983518734855694,0.00013000001590225539,2.698909640505236e-05,0.0,0.0,0.0,0.0,0.3458858190293072,1.7478680353270565e-05,0.0,6.917193599576969e-05,2.698909640505236e-05,0.022215812641719027,0.0,0.0,0.00012277453701807918,0.0,0.0113329456613038,0.0002145631422847,0.00010872253708892015,0.000361069252027,0.0003466182942586,0.0445922338290212,0.0,5.12660073454718e-06,1.4450957768352408e-05,0.0,0.0276586892640884,0.0,0.0001769218865714,0.0463143602297424,0.11287337610986964,0.0018361252338993,0.0,0.0003466182942586,0.0,0.0012333781360331,0.0368434806514162,0.0,193.60009037082978,0.0219590245434044,0.00026043075385332685,0.120722580018311,0.1048651204123768,0.0,0.0144626361722856,0.0,0.8985971867122757,0.0252111675435013,3.802756653706596,0.7716001116223369,0.0001119680829014,0.0,0.0,0.0561227233076942,0.0,0.0016952050262325,0.0121397644945326,0.0,2.698909640505236e-05,0.024710972888327097,0.3630227522444273,0.0008591814135743,0.0,0.0,1.4450957768352408e-05,0.0108080980693769,0.0,0.00169369116494,7.225478884176204e-06,0.0,0.0022050921649726,0.0006286499784769268,0.0047107540332823,0.0273238467815379,0.19614558716817193,7.225478884176204e-06,0.0330158834875421,0.029175525181727,0.0121269331347444,0.0053794815024976,0.0,0.0003604842351698,0.0,0.0015857080478835,0.0,7.225478884176204e-06,0.0752383683132017,0.0,0.0032589195413217,1.5138612924590783e-06,0.0,0.011357489496321404,0.0,0.0,0.2161039559578585,0.0,0.0018539814160368,0.0001733091471293,0.009023317869042601,8.739340176635283e-06,2.698909640505236e-05,3.612739442088102e-06,0.0001892739661901,3.612739442088102e-06,0.067492039004736,0.0,0.0,3.16238954204076,1.6430993571400574,0.0037849024278794998,3.092314737371559,42.882201565316876,0.0016708998248342,2.698909640505236e-05,0.0,0.0,0.0239189411097472,0.0,0.0019406817788987,0.0,0.0016309736319533,3.0601835847140464e-05,0.0,7.0918986858264885,0.2021485857655973,1.8794269239058503
MX,0.0,0.2038346214273861,5.397819281010472e-05,0.0,0.0,0.1127734047160951,0.0017921410455440001,0.0051925506398262,25.015585501248673,3.6543663359458005,11.726391236137946,0.0022988505747126,0.0,0.0135771111609763,0.18961169615234,0.0686353571750275,0.5351821116719431,4.884769188771447,5.397819281010472e-05,0.0591981296935277,0.00022004733324728845,0.0278047668741828,0.5889632906818324,0.0,0.0001096542086584,1.9404705942418259,0.0,56.626497689856635,0.0013495276653171,0.0,0.0,0.022297260027863582,0.09701518682819929,0.0092050053540475,41.72318022423056,0.0,0.3380687715704409,2.698909640505236e-05,0.0061538461538461,10.855746579828494,6.543860191415622e-05,0.0,26.94206161900547,0.09828228093837768,15.034625745265899,65.49860212907731,5.891233712865914,16.32125463049953,2.709554581566077e-05,0.0525252525252525,0.0,0.0160394229918067,7.461194961416374,29.463228374080316,0.0,3.9065801317603746,0.0,1.9479896649075545,0.000443823734788,10.813903985948084,0.48592887544379393,2.2127679059449137,0.0,0.0,135.2631554750718,0.4470799815548314,1.3363003554224975,0.0660693165097507,0.0002307530305915,2.7731558513588465e-05,49.97118099437841,2.698909640505236e-05,52.48630783124315,0.0076614757048750004,0.1738320092496533,0.0,0.0,0.3705337614215927,0.0,0.0,0.003881177330338,0.0,0.0683760683760683,0.0,1.2302267686769897,2.5067686056106666,0.0,3.908551820703155e-05,0.5204058203755828,0.34252552108058965,0.1444116064177572,1.1179136548082158,0.0995743293933273,0.6698015629906833,5.3789487358468255,0.0,32.49672373440072,0.0,0.22828126308524452,8.920374233391225,0.2927951319341468,33.57921532415477,0.25,3.5073528035897357,0.360702047666779,6.953893075982323,0.3786911069128557,0.0002727510692623739,2.698909640505236e-05,0.0,0.0,0.0,0.0,3.2814099063327946,0.004150632847459383,0.0,0.7519829265336395,2.698909640505236e-05,1.713113342208158,0.0072463768115942,0.0,0.0096100423569859,0.000171998624011,0.0,0.0065605888909760005,0.1670118540633442,0.1568018521223407,0.00027179177769368263,0.03651782549794738,0.3333333333333333,3.844950550910385e-05,0.0051540456957453,0.0,2.698909640505236e-05,0.0,0.1630762274656092,0.007654682345238299,0.0002210455435434,5.472065491864082e-05,0.0015015015015015,5.397819281010472e-05,0.0,0.0218432431825855,0.0171211126398327,0.0,0.0219590245434044,8280.29557164543,1.1321783714044704,0.0216566005412102,0.0,0.0,5.4084642220713125e-05,0.003980300728474,0.7989414256099492,1.1122375997091785,20.335046452776126,2.6997057959334403,0.007008395897571683,0.0,0.0,2.9479775870835674,5.546311702717693e-05,1.7415270738145956,13.995547258027088,0.0,2.698909640505236e-05,0.9084193960148038,8.48705362082201,2.7926288107105277,0.0,0.0,0.027944914367620893,7.018231666783045,0.0,0.5650069211305181,0.06526867323222314,0.0952380952380952,4.724718340508221,0.5858914429786792,12.128871192872841,0.0752779558181008,3.9488895581563748,5.419109163132153e-05,5.419109163132153e-05,0.0206068357219724,5.890491253479433,2.031482034096433,0.0,1.242329959855079,0.0,0.7385634349138673,0.0,5.419109163132153e-05,0.0275018402539131,0.0,0.8965503645937639,1.1353959693443088e-05,0.0,0.5121801299817494,0.0,0.5061538461538462,2.698909640505236e-05,0.0,0.5091178981873141,2.698909640505236e-05,1.7975475999843584,6.554505132476461e-05,2.698909640505236e-05,2.709554581566077e-05,0.1737461283477854,2.709554581566077e-05,4.72288669855646,0.0363636363636363,0.0,1.201707400511596,0.0149748322615333,0.2040922480554966,0.154604752721528,421.68775699782327,10.748420611222695,0.003057723657921641,0.0,0.0,3.126092995823581,0.0,0.2850923817094658,0.0,0.0038420918121309,0.0064664153851719,0.0,2.5299433891035834,0.0207815449774266,0.0868075487248843
MY,0.0,25.77977811249886,0.7177010370163395,0.0095238095238095,0.0,0.000298210703676661,0.0001975063432282,0.0052031476688734,1.3491954929319219,0.7024648237302881,120.98317510953032,0.0,0.0,0.0183144413895852,0.5001554237462243,0.0124222166783533,28.763076393328188,2.8988968294561293,5.397819281010472e-05,0.3684787285361077,1.5477238122881736,2.698909640505236e-05,0.022296129618320497,0.0,8.073233266504264,5.397819281010472e-05,0.0222222222222222,3.0447817618066746,0.0013495276653171,0.0149127603217418,0.0,0.030058266889829797,0.0701310986127805,1.6652474217049864e-05,19.180118972703177,0.0,0.0111532406493113,0.400026989096405,0.0,4.906108746858307,8.548058263470036e-05,0.0,2.750882147319668,0.4926122869030427,131.19141205128727,0.5441201190735787,0.0145133643786037,0.0033033366054641953,4.183901201259814e-05,0.0,0.0,0.058887224939731996,1.2429318259845563,14.334620987457633,0.0,2.8073002817390544,0.0,0.08546356032322645,1.1513795004705911,0.7183589920007337,0.7673057160932333,11.33478571528064,0.0,0.0,7.459215494735693,0.3038568249039005,4.469353188410144,0.0247030856244787,0.0,0.0714784882338958,18.59610986671261,2.698909640505236e-05,147.7235692746126,0.0,0.0265021563137583,0.0,0.0,0.953882318622664,0.0,0.0,8.322175375855895e-05,0.0,0.0,0.0,1.9578565496734741,0.0290797284444972,0.0,6.65692795415091e-05,5.397819281010472e-05,0.3508080019277614,0.0001124696790397,1.0568785311788083,87.94166622785953,8.307660343726464,0.21007032741980208,0.0,207.3315962890892,0.0,56.034193374955656,55.280739291031566,0.0137525812644693,15.943519197300724,0.0,0.0526038466857698,28.791732390448843,56.48719279147495,0.0760931267755714,0.046135112320283424,1.0341959951857544,0.0,0.0,0.0444444444444444,0.0,15.688824278174227,2.5593339254556833,0.0,2.0140338533957447,0.0092581521293735,0.5156803000765511,0.0,0.0,2.6133187008817744,0.0,0.0,0.3415735483737727,0.2024875679158668,0.2554099352073911,5.1750559227621755,2.859091301000593,0.0,5.849148622964801e-05,0.0001673560480503,0.0,2.698909640505236e-05,0.0,0.0020792164871571003,5.397819281010472e-05,2.859741799478574,0.1340205510458646,0.0252100840336134,5.397819281010472e-05,0.0,0.0074809744428842,2.0142498532200266,0.7222222222222222,0.00026043075385332685,1.1321783714044704,7317.6119931136245,0.0001394587754448,0.0,0.0554334554334554,6.882810841765051e-05,4.991680532445923e-05,36.36127398742626,5.397819281010472e-05,12.19239052642493,0.3433517530756886,4.213785785118883,0.0,0.0,15.0056081093627,9.725442868536225,0.0037324208143762567,0.3060663974082905,0.0,0.11820880727822311,2.9216754985561053,72.92511152555153,3.787057407875549,0.0,0.0,5.39411262873359,0.3313217772333202,0.0,0.0223931833874916,14.30009946588853,0.0,1.8511729331262836,2.0927109083277116,4.3141273456130484,0.6157369065682536,126.71877911252486,8.367802402519628e-05,8.367802402519628e-05,4.739517664738807,6.918560451934843,44.452544341472375,0.0,0.0396630831576317,0.0,0.2253041637386293,0.0,8.367802402519628e-05,0.0078080376710075,0.0,0.0,1.6652474217049864e-05,0.0,0.0001107705599159657,0.0,0.9242775742775742,2.698909640505236e-05,0.0,2.698909640505236e-05,2.698909640505236e-05,26.96379010684327,0.0117962369309907,0.000137212298389,0.0555973945675681,1.0688242127757723,4.183901201259814e-05,8.73463429808675,0.3865884115884115,0.0,34.799000385206426,0.0366791969827529,0.6022046030661425,1.298732007799843,86.09683965719788,0.0241820668986533,0.08304711887899341,0.0,0.0,0.0057192987337671,0.0,8.59436986188968,0.0,1.6652474217049864e-05,5.835504026482544,0.0,6.780521461405497,1.6141604599463506,0.5869871727814476
MZ,0.0,2.56330036727359e-06,5.397819281010472e-05,0.0,0.0,0.0003558220566529,0.0003496460168435,0.3300754757426732,5.308652229543283e-05,0.0003998625851142,0.3347222621871189,0.0,0.0,5.54920541025638e-05,2.56330036727359e-06,5.12660073454718e-06,0.007411295630244,1.5950775943328388,0.0020272905631662,0.0006540531810537,0.0,0.0001733091471293,0.0508164065891748,0.0,5.12660073454718e-06,5.397819281010472e-05,0.0,4.094927509758454,0.0,0.0,0.0,0.0554452402811294,0.0003466182942586,1.5138612924590783e-06,0.1932893063914273,0.0,0.0005274967478503,0.0001733091471293,0.0135854341736694,0.4958490216918467,0.044579448777212996,0.0,0.0012072589482921613,0.0095460976525757,0.0309195995309728,0.0022718825134573403,4.027002045906488e-05,6.423139427919908e-05,0.2334801967780007,0.0,0.0,1.281650183636795e-05,0.0027655264699369,0.9634942010653763,0.0,0.0004674372390986,0.0,6.166809391192548e-05,0.0038818733373407,0.0011965413246054224,0.1521271456746135,0.008114890211537,0.0,0.0,3.266382261065057,0.0627966608601514,0.0002604613596166,2.56330036727359e-06,0.0,0.0,1.1928807591346848,0.0001733091471293,0.664146777859299,0.0,0.0003532587562856,0.0,0.0,0.1252368972195853,0.0,0.0,0.0036212999975736,0.0,0.0,0.0,0.0011780220886401206,0.0011700166504180147,0.0303030303030303,1.5138612924590783e-06,0.0011613979048809048,0.0002178140978082,5.805535446983739e-05,0.5408431945787477,0.007682700455587,0.0001974282895096,0.0010005995471572,0.0,0.2136472460281834,0.0,0.000298393921748,0.0003893626996209,1.281650183636795e-05,3.2589938965921026,0.0,7.599845704075252e-05,7.646287925839708e-05,0.1667438723313423,0.1507344924219109,3.211569713959954e-05,2.698909640505236e-05,0.0,0.0,0.0,0.0,0.0011906436479957288,1.3280924054012515e-05,0.0,5.867754524762457e-05,2.698909640505236e-05,5.91047935446519e-05,0.0,0.0,2.698909640505236e-05,0.0,0.0113329456613038,0.0002030193124618,8.739340176635283e-06,0.0003568714957277,0.0023668203144606,0.0018848010690671,0.0,4.077161659732669e-06,1.025320146909436e-05,0.0,0.0011834101572303,0.0,0.0001758724474966,0.0402672532148935,4.4467776758322925e-05,0.0018361252338993,0.0,0.0013567193043596,0.0,1.0717623686738928e-05,0.0344848212198306,0.0,0.120722580018311,0.0216566005412102,0.0001394587754448,75.00483399589386,0.07727678053356919,0.0,0.0001758724474966,0.0,0.1935065512034753,5.397819281010472e-05,0.0313241947207461,0.0002440321183381,0.0001025231312281,0.0,0.0,8.217449685011421e-05,0.0,6.364637742202914e-05,0.0002715625939031,0.0,2.698909640505236e-05,0.0029910404453134002,0.0003345867805473,0.0019214752454281,0.0,0.0,1.025320146909436e-05,15.435474164121985,0.0,0.00227697194027127,5.12660073454718e-06,0.0,0.0005598908081895,0.0005286667815646,0.0010838954112373,0.0048065985630274,6.830855593893176e-05,5.12660073454718e-06,0.028173422835392203,0.3393248559148836,1.3553993089832643,9.95325825638594e-05,0.0,0.0003573359179454,0.0,0.0003609486573875,0.0,5.12660073454718e-06,0.0030373915732672,0.0,0.0,1.5138612924590783e-06,0.0303030303030303,0.0294657428986924,0.0,0.0,0.0275982088314217,0.0,0.0018539814160368,0.0001733091471293,0.0003611114547347,6.6404620270062585e-06,2.698909640505236e-05,2.56330036727359e-06,0.0022052782300929,2.56330036727359e-06,0.0002430596362056,0.0,0.0,5.052322192815924e-05,0.0945726279959317,0.20052598288655782,0.1841475370113792,11.46818783750852,3.724229787414672e-05,2.698909640505236e-05,0.0,0.0,0.0011725799507852882,0.0,0.0019259896318513,0.0,1.5138612924590783e-06,2.955239677232595e-05,0.0,1.5628014802618784,0.2259623818410567,0.2109118647550691
NA,0.0,0.0,0.0,0.0,0.0,0.0066021010293455,0.0,0.002020202020202,0.0,0.0263951734539969,0.0952380952380952,0.0,0.0,0.0,0.0066021010293455,0.0026990553306342,0.0072365445499773,0.057817998994469495,0.0128205128205128,0.0015082956259426,0.0,0.0,0.040073058139419596,0.0,0.0439560439560439,0.0,0.0,0.045417087212752796,0.0,0.0,0.0,0.2037446439069156,0.0,0.0,0.0,0.0,0.0,0.0,0.0119047619047619,1.049142275634813,0.0536061593074215,0.0,0.0,0.0377143324511744,2.9190476190476184,0.0,0.0,0.0,0.0,0.0,0.0,0.0007541478129713,0.0769230769230769,1.3326211856986847,0.0,0.0,0.0,0.0,0.004040404040404,0.0,0.0007541478129713,0.004040404040404,0.0,0.0,0.0015082956259426,0.0739457115127895,0.0,0.0,0.0,0.0,0.9608087965450133,0.0,1.6182456643808318,0.0026990553306342,0.0,0.0,0.0,0.13572317531469139,0.0,0.0,0.0036182722749886,0.0,0.0067476383265856,0.0,0.0015082956259426,0.0,0.0,0.0,0.0,0.0,0.0,0.2857142857142857,0.0072365445499773,0.0,0.0,0.0,2.052380952380952,0.0,0.0,0.0,0.0007541478129713,0.5013517957790403,0.0,0.4040485829959514,0.0,0.0,0.2093246038962499,0.0,0.0,0.0,0.0,0.0,0.0,0.0066021010293455,0.0,0.0,0.0,0.0,0.0,0.0,0.0,0.0,0.0,0.0113329456613038,0.0007541478129713,0.0,0.0,0.004040404040404,0.0148407148407148,0.0,0.0,0.0,0.0,0.0072833599149388,0.0,0.0,0.024762370246241103,0.0,0.0018091361374943,0.0,0.002020202020202,0.0,0.0,0.037873646206487296,0.0,0.1048651204123768,0.0,0.0,0.07727678053356919,46.98308285222875,0.0,0.0,0.0,1.799592990941705,0.0,0.0016587158817184,0.0007541478129713,0.0,0.0,0.0,0.0256410256410256,0.0,0.0,0.0,0.0,0.0,0.0018091361374943,0.0058479532163742,0.008864544468259499,0.0,0.0,0.0,0.0,0.0,0.0,0.0,0.0,0.0066021010293455,0.0007541478129713,0.0007541478129713,0.0323232323232323,0.0,0.0,0.0208823937313639,0.0098883572567783,0.022507763993832,0.0,0.0,0.0007541478129713,0.0,0.0007541478129713,0.0,0.0,0.020103872735451597,0.0,0.0,0.0,0.0,0.0,0.0,0.0,0.11668479462370039,0.0,0.0,0.0,0.0,0.0,0.0,0.0,0.0168609168609168,0.0,0.0,0.0026990553306342,0.0,0.0,0.5356032060748045,0.0,0.8841867763098449,1.5946935078581854,0.0,0.0,0.0,0.0,0.0,0.0,0.0018091361374943,0.0,0.0,0.0,0.0,8.6994988378994,0.2543625218120787,0.6593621218291777
NC,0.0,0.0,0.0,0.0,0.0,0.0,0.0,0.0,0.0,0.0,5.560443243509605,0.0,0.0,0.0,0.0,0.0,0.0,0.0,0.0,0.0,0.0,0.0,0.0,0.0,0.0,0.0,0.0,0.0,0.0,0.0,0.0,0.0,0.0,0.0,0.0136345136345135,0.0,0.0,0.0,0.0,0.0888888888888888,0.0,0.0134763786937699,0.0,0.0,0.0246235246235245,0.0,0.0,0.0,0.0,0.0,0.0,0.0,0.0,0.0,0.0,0.0,0.0,0.0,0.0,0.0,0.0,0.0,0.0,0.0,0.0,0.0,0.0,0.6348892653240479,0.2857142857142857,0.0,3.0145576074065774,0.0,0.0312169312169312,0.0,0.0,0.0,0.0,0.0,0.0,0.0,0.0,0.0,0.0,0.0,0.0,0.0,0.0,0.0,0.0,0.0,0.0,0.0,0.0,0.0,0.0,0.0,0.0109890109890109,0.0,0.0,0.0,0.0,0.2552910052910052,0.0,0.019047619047619,0.0,0.2442002442002441,0.0,0.0,0.0,0.0,0.0,0.0,0.0,0.0,0.0,0.0,0.0,0.0,0.0,0.0,0.0,0.0,0.0,0.0,0.0,0.0,0.0,0.0,0.0,0.0,0.0,0.0,0.0,0.0,0.0,0.0,0.0,0.0,0.0,0.0,0.0,0.0,0.0,0.0,0.0,0.0,0.0,0.0554334554334554,0.0,0.0,20.027157986940598,0.0,0.0,0.0,0.0,0.0,0.0,0.0,0.0,0.0,0.0736683606248823,0.0,0.0,0.0,0.177045177045177,0.1983970136144048,0.0039525691699604,0.0,0.2666666666666666,0.0,0.0,0.0,0.0,0.0,0.0,0.0,0.0,0.0,0.0,0.0,0.0,0.0,0.0,0.0,0.0,0.0,0.0,0.0,0.0,0.0,0.0,0.0,0.0,0.0,0.0,0.0,0.0,0.0,0.0,0.0,0.0,0.0,0.0,0.0,0.0,0.0,0.0,0.0,0.0,0.0,0.0039525691699604,0.0052631578947368,0.0,0.0,0.0,0.0,0.0,0.0,0.5802469375695919,0.0,0.0,0.0,0.0,0.0,0.0,0.0,0.0,0.0118577075098814,0.0,0.0,0.0,0.0,0.0
NE,0.0,1.806369721044051e-06,1.7992730936701573e-05,0.0,0.0,0.0001217154712289,0.000117053292712,0.0084503866260453,2.6767554250206325e-05,0.000152131248058,0.0001178870974191,0.0,0.0,1.874966158293111e-05,1.806369721044051e-06,3.612739442088102e-06,0.0083963433747486,1.3334887848124048,0.7973377616536418,0.0002225824027252,0.0,5.776971570977887e-05,0.1155357665616212,0.0,3.612739442088102e-06,1.7992730936701573e-05,0.0,0.0001775344721342,0.0,0.0,0.0,5.776971570977887e-05,0.0001155394314195,7.569306462295393e-07,9.132694009485984e-05,0.0,0.0266922453155119,5.776971570977887e-05,0.0166666666666666,0.8224393486648742,6.033301607705246e-05,0.0,3.904866759519077e-05,0.026702326603192,0.8780400270184375,2.7696398685495456e-05,1.773570564498607e-05,2.5218209820877776e-05,1.806369721044051e-06,0.0,0.0,9.031848605220255e-06,0.0001949855837818,0.1669741287991568,0.0,0.000198511843948,0.0,2.3411840099833727e-05,6.318882487291102e-05,3.211569713959954e-05,7.944615236230749e-05,0.0086889834761972,0.0,0.0,0.0007341115959682,0.0669010657605193,0.0001191862862252,1.806369721044051e-06,0.0,0.0,0.9017545394113132,5.776971570977887e-05,0.0008033045468615,0.0,0.0001199091015078,0.0,0.0,0.0002343990938526,0.0,0.0,1.5138612924590783e-06,0.0166666666666666,0.0,0.0,4.789445718243446e-05,2.282682324266378e-05,0.0,7.569306462295393e-07,1.7992730936701573e-05,8.78929841103578e-05,2.0556031303975164e-05,0.0001283559332559,0.000153730626745,7.507648227398984e-05,0.0003426052292041,0.0,0.39198774233767153,0.0,9.97169507980882e-05,0.0668784353612143,9.031848605220255e-06,0.1670666326426345,0.0,3.3200619351283524e-05,3.290811092269855e-05,4.4074320814417294e-05,0.0001209585405826,1.2609104910438888e-05,8.996365468350786e-06,0.0,0.0,0.0,0.0,3.891223694300064e-05,8.739340176635283e-06,0.0,3.008778526370945e-05,8.996365468350786e-06,2.160547037878968e-05,0.0,0.0,8.996365468350786e-06,0.0,0.0,7.839671328749297e-05,6.468548237946665e-06,0.0001227649103037,0.026630690946571,1.9963978712831798,0.0,2.56330036727359e-06,7.225478884176204e-06,0.0,5.776971570977887e-05,0.0,5.9576085430822925e-05,0.0215441108599909,2.193346194424412e-05,8.996365468350786e-06,0.0,0.0001155394314195,0.0,6.932970455591231e-06,1.806369721044051e-06,0.0,0.0144626361722856,5.4084642220713125e-05,6.882810841765051e-05,0.0001758724474966,0.0,0.0,29.653095304435293,0.0,0.1068203517050098,1.7992730936701573e-05,0.0001709518759147,0.0001072986288241,4.248949324821928e-05,0.0,0.0,3.7862797868186136e-05,0.0,2.387626231747829e-05,0.000100544847718,0.0,8.996365468350786e-06,3.244368870505398e-05,0.0001148893560758,0.0003140512753676,0.0,0.0,7.225478884176204e-06,0.0001727582456357,0.0,2.3119331671248758e-05,3.612739442088102e-06,0.0,0.0002011616235912,0.0001797776953672,0.0003770340710878,5.776971570977887e-05,0.1901792966617033,3.612739442088102e-06,3.612739442088102e-06,0.0001162963620657,0.0001679241533298,4.9165438412095006e-05,0.0,0.0001224724018751,0.0,0.000125328210671,0.0,3.612739442088102e-06,0.1429726822885623,0.0,0.0,7.569306462295393e-07,0.0,1.7992730936701573e-05,0.0,0.0,5.776971570977887e-05,0.0,5.776971570977887e-05,5.776971570977887e-05,0.0001241782299727,4.369670088317641e-06,8.996365468350786e-06,1.806369721044051e-06,6.575212524018461e-05,1.806369721044051e-06,9.079155160347632e-05,0.0,0.0,2.4961184529162272e-05,0.043474279499809004,0.0001763368697142,0.0267513569787251,0.4314929338734757,1.622184435252699e-05,8.996365468350786e-06,0.0,0.0,2.463319296370783e-05,0.0,5.227827249966907e-05,0.0,7.569306462295393e-07,1.080273518939484e-05,0.0,0.0007135710776664,0.0001155394314195,5.776971570977887e-05
NF,0.0,5.546311702717693e-05,0.0,0.0,0.0,0.0,0.0,0.0,0.0,0.1313814840130629,0.3412825789140771,0.0,0.0,5.546311702717693e-06,0.0,0.0,3.327787021630615e-05,0.0641584913665002,0.0,5.546311702717693e-06,5.546311702717693e-06,0.0,0.0,0.0,1.1092623405435386e-05,0.0,0.0,0.194511000184877,0.0,0.0,0.0,5.546311702717693e-06,0.0,0.0,0.7877778387949317,0.0,0.0,0.0,0.0,0.0396751770451104,0.0,0.0,5.546311702717693e-06,0.0,0.0667395226440858,0.0021727228812194,0.0,0.0,0.0,0.0,0.0,0.6666666666666666,0.022227768533924917,0.6826877728209784,0.0,0.0296099148538066,0.0,0.0,0.0,0.0,0.20185609210947789,6.65557404326123e-05,0.0,0.0,0.1433415450732788,0.0001053799223516,0.0270855935927018,0.0,0.0,5.546311702717693e-06,2.695876820631253,0.0,40.47600505188778,1.4285714285714284,5.546311702717693e-06,0.0,0.0,1.6638935108153077e-05,0.0,0.0,5.546311702717693e-06,0.0,0.0,0.0,1.2243838524800363,0.0,0.0,5.546311702717693e-06,0.0,0.0052742505181422,0.0,0.22839825362287922,1.1092623405435386e-05,0.3934985576364886,0.0005288207297726,0.0,0.0002995008319467,0.0,5.546311702717693e-05,0.0005047143649473,0.0,0.7277529148325568,0.0,0.0,1.6638935108153077e-05,0.0007962364808178,0.0,0.0,0.0,0.0,0.0,0.0,0.0,0.0039858470401767,5.546311702717693e-06,0.0,5.546311702717693e-06,0.0,0.0,0.0,0.0,1.1092623405435386e-05,0.0,0.0,0.0,0.0,0.0,5.546311702717693e-06,1.1092623405435386e-05,0.0,0.0,0.0,0.0,0.0,0.0,0.0,0.0,0.0,5.546311702717693e-06,0.0,0.0,0.0,0.0714285714285714,0.0,0.0,0.0,0.003980300728474,4.991680532445923e-05,0.0,0.0,0.0,0.0,120.31742833303825,7.210205213533001e-05,0.0,1.768091199688447,0.24189031711494272,2.7731558513588465e-05,0.0,0.0,0.003338879645036018,1.1092623405435386e-05,1.1092623405435386e-05,5.546311702717693e-06,0.0,0.0,5.546311702717693e-06,9.428729894620078e-05,0.2118065064527383,0.0,0.0,0.0,0.2164750761020419,0.0,0.0021505376344086,0.1000221852468108,0.0,5.546311702717693e-05,0.0052797968298449,0.01909753585294346,0.0,6.100942872989462e-05,0.0,0.0,0.0,1.077349430901879,5.546311702717693e-06,0.0,0.4047674510736074,0.0,0.0021505376344086,0.0,0.0,0.0,0.0,0.0,0.0,0.0,0.0,0.0,0.0,0.0,0.0,0.0,0.0,5.546311702717693e-06,0.0,0.0,0.0,5.546311702717693e-06,0.0,0.1125041477287733,0.0,0.0,2.218524681087077e-05,0.0,0.0579365079365079,5.546311702717693e-06,2.3472288005349977,0.0,5.546311702717693e-06,0.0,0.0,0.0,0.0,4.437049362174154e-05,0.0,0.0,5.546311702717693e-06,0.0,2.218524681087077e-05,0.0,0.0
NG,0.0,2.1411555508156246,0.139122794391066,0.0761904761904762,0.0,0.5097845027909964,0.006411918416329001,0.0298533417655138,2.8433519276779853,0.909420671910672,15.281296738010408,0.0,0.0,0.0003105491381898,0.0169509764239439,0.3336780149841963,0.5411261757917752,1.4273091529945319,1.1209381320445737,0.035518456338790506,0.0073275538604343,0.0285287840820049,2.1416422912468325,0.0,0.6741812906277611,0.0002339055021771,0.0444444444444444,7.976742848251327,0.0291959768815943,0.0,0.0,0.6200869759550705,0.6681686792751208,0.0027165448954802,19.254538726675918,0.0,0.1712364581788017,0.0007510063042271,0.15843521137406058,2.106572539709634,0.5194031441517473,0.0,0.6100395191753288,2.017861395824199,22.423128211563252,0.1119188239430739,0.0040852958075992,0.0003145764520098609,0.0095325488639861,0.1239316239316239,0.0,1.683986062447835,0.2677872863947851,14.918965204975876,0.0,0.1440994036437408,2.5952281435040057,0.0027288856796278,0.0503101553920006,0.30158189598794877,0.8315774098319041,7.463929684535314,0.0,0.0,2.109656745955696,2.309131537929227,0.1688475381737431,0.00024375696649853529,0.0005790148743439,7.210205213533001e-05,4.336031596876952,0.0229732285264493,79.97203084383405,0.1125251647214526,0.0015961349248202,0.0,0.0,10.003997279876623,0.0,0.0,2.9697965053557054,0.0234417344173441,0.0700839451954527,0.0,1.125799298002371,0.0629383061297402,0.0,0.4940160375754066,0.0002339055021771,0.06180010323197122,0.0002471864262311,1.1065581448584685,1.2120759533321166,2.7985471041723375,1.4702940541666039,0.0,46.56108875550767,0.0,2.105205967558782,8.215845757959624,0.0060610024085912765,10.289340941874574,0.0,0.4759063975688427,1.053235843174005,8.508392285487703,5.9679301066573105,0.0003260023126678,1.3031472557813917,0.0,0.0,0.3035353535353535,0.0,1.3845592583534945,0.930662057722556,0.0,1.191166722346246,0.0167836194177551,0.1537808177242461,0.0128205128205128,0.0,0.2102533733063908,0.600343997248022,0.0018091361374943,1.7527684450047951,0.1341307752485632,0.0040000241563528,0.5264868711087113,0.9338652801548235,0.0,1.3280924054012515e-05,3.495736070654113e-05,0.0,0.0171566279730066,0.0,0.0007597456444037,0.5360906099804331,0.0700190541460167,0.0019981909407182,0.0043290043290043,0.0045323156387572,0.0,0.0013005269725328609,0.4473672156241375,0.0,0.8985971867122757,0.7989414256099492,36.36127398742626,0.1935065512034753,1.799592990941705,0.0,0.1068203517050098,7.210205213533001e-05,3546.7050977168383,0.0031688726306461,4.212450598272035,2.0050304013442783,0.37670402020005683,0.0,0.0,1.7665256107305705,0.47444124361870144,0.0064605223258729,0.0445306417331746,0.0043290043290043,0.0221757762805003,2.049307698297291,20.637356252355875,2.5347609660094137,0.0,0.0,0.0856932825984947,3.399501289478739,0.0,0.0013611063911734,0.16797226194733753,0.0,0.5474335200257215,0.5998310980608633,3.861753171795849,1.3814367925431903,12.409625468306562,1.7478680353270565e-05,0.0499028873892913,0.9034382222062449,4.162420781800819,0.08665896952496391,0.0,0.1209395870312443,0.0,0.0101881906482945,0.0024630541871921,1.7478680353270565e-05,1.7386243941469017,0.0,0.0022012780817764997,4.541583877377235e-06,0.0,0.0219213683661105,0.0,0.4151203825164354,1.1031500866422133,0.0,0.0024316785731346,1.3912271967804175,2.9968545850426502,0.0142033068139382,0.0001169527510885,8.739340176635283e-06,0.3532870749428053,8.739340176635283e-06,6.79583243994221,0.0523739483354279,0.0,1.7871318165468821,2.945119682631533,0.345386479691554,7.389102944020758,199.27397116896157,0.10981583771597189,0.0001890548032238,0.0,0.1484848484848485,0.0085003143361117,0.0,0.07138410905742021,0.0,0.0011051806247656,0.5123064288232263,0.0,91.53211017379142,2.4615835149240524,2.5445186135233255
NI,0.0,0.0,3.5985461873403146e-05,0.0,0.0,3.5985461873403146e-05,0.0017514403952204002,3.5985461873403146e-05,0.1229592373123772,0.0052357609527117,0.0152744367437842,0.0,0.0,3.5985461873403146e-05,0.0,0.0,0.0286793849570487,0.015187500613388503,3.5985461873403146e-05,3.5985461873403146e-05,0.0,1.7992730936701573e-05,1.7992730936701573e-05,0.0,0.0,0.0096883803452376,0.0,0.3184862298169136,0.0,0.0,0.0,1.7992730936701573e-05,3.5985461873403146e-05,0.0049630855561732,0.0430075404616748,0.0,0.002493002583054,1.7992730936701573e-05,0.0,0.1201805183193502,1.7992730936701573e-05,0.0,0.2905855175559976,5.397819281010472e-05,0.0360201621402096,0.3930711197070118,0.5748642998366852,0.0323048660066159,0.0,0.0,0.0,0.0,5.397819281010472e-05,0.2176079308987311,0.0,3.5985461873403146e-05,0.0,0.2110429910546377,1.7992730936701573e-05,0.0847011110639304,1.7992730936701573e-05,0.0001079563856202,0.0,0.0,4.155496783463697,0.0012914831188687,1.7992730936701573e-05,0.0,0.0,0.0,0.0060984374551615005,1.7992730936701573e-05,0.0239739210201393,0.0034309098666941,3.5985461873403146e-05,0.0,0.0,0.022294193145969,0.0,0.0,0.0017154549333469999,0.0012195121951219,0.0,0.0,0.0034309098666941,0.5886934692540882,0.0,0.0,0.5132436274658109,1.7992730936701573e-05,0.0153565772994825,3.5985461873403146e-05,0.0002878836949872,0.0012375049260586,0.0013814467735522,0.0,0.2897135969824684,0.0,0.0001979200403037,0.0001079563856202,0.0,0.893742215820995,0.0,3.5985461873403146e-05,3.5985461873403146e-05,0.3788058715188154,0.0100603990424024,1.7992730936701573e-05,1.7992730936701573e-05,0.0,0.0,0.0,0.0,0.0454905309164188,0.0,0.0,1.7992730936701573e-05,1.7992730936701573e-05,3.5985461873403146e-05,0.0,0.0,1.7992730936701573e-05,0.0,0.0,1.7992730936701573e-05,0.0,3.5985461873403146e-05,3.5985461873403146e-05,8.996365468350786e-05,0.0,0.0,0.0,0.0,0.0222402149531589,0.0,1.7992730936701573e-05,0.002334836036586,1.7992730936701573e-05,1.7992730936701573e-05,0.0,3.5985461873403146e-05,0.0,0.0012195121951219,0.0,0.0,0.0252111675435013,1.1122375997091785,5.397819281010472e-05,5.397819281010472e-05,0.0,0.0,1.7992730936701573e-05,0.0,0.0031688726306461,37.36979952737231,0.1227726955628171,1.7992730936701573e-05,5.397819281010472e-05,0.0,0.0,0.0012554976569953,0.0,0.0908224080509536,0.09007227108400111,0.0,1.7992730936701573e-05,0.0363996218255097,0.0776563744052039,0.0313340692590158,0.0,0.0,0.0,0.3590224508841231,0.0,0.012708299627941701,0.0092307692307692,0.0,0.0017694331261571,5.397819281010472e-05,0.1103655601576599,1.7992730936701573e-05,0.0031129085387964,0.0,0.0,3.5985461873403146e-05,0.1296069762688191,0.030339015764903703,0.0,3.5985461873403146e-05,0.0,0.0012554976569953,0.0,0.0,0.0017514403952204002,0.0,0.0034309098666941,0.0,0.0,0.1710122074480132,0.0,0.0,1.7992730936701573e-05,0.0,1.7992730936701573e-05,1.7992730936701573e-05,0.0002339055021771,0.0,1.7992730936701573e-05,0.0,1.7992730936701573e-05,0.0,0.0034920498420650996,0.0,0.0,0.0012375049260586,0.1246655753089468,0.0034848880595042,0.0042264502473377,4.484181328683958,0.0259278075339113,1.7992730936701573e-05,0.0,0.0,0.057466516394272096,0.0,0.3333873115261434,0.0,0.0017154549333469999,1.7992730936701573e-05,0.0,0.0048663348330565005,3.5985461873403146e-05,1.7992730936701573e-05
NL,0.0,3.300693747944551,3.5985461873403146e-05,0.0,0.0,1.3820878232456284,0.061384322332852806,0.0002810362854902,8.85634684455423,103.91077750219473,232.25827832295562,0.6666666666666666,0.0,0.0244037046875292,0.16356541485968829,0.0001108248889903,2.2634543644688634,425.0486856342919,0.1345745132062734,1.9801721436425022,0.4720569743457099,0.0001155394314195,0.22525233552250118,0.0,0.1668107694258733,3.5985461873403146e-05,1.5023809523809524,58.51081534276599,0.0719298245614034,0.44145854145854135,0.2857142857142857,0.0122763086346842,1.5255272138116485,0.0027369820229284,236.3003018747151,0.0,0.0004715118508865,0.0001155394314195,0.003076923076923,218.96095245475448,0.1575029913425769,0.0,9.023803975847539,0.5554120797004589,214.7706230549702,13.532294235885896,0.6017888168162722,1.5791842879491007,5.541244449519563e-05,6.996969696969696,0.5357142857142857,3.6274498208237826,30.486671499625192,753.4595037596721,0.0,155.0820599734106,0.0,0.0087345648488098,0.29552412311932613,1.1838709667616907,5.262152475318315,9.44242243681767,0.0,0.0,266.2921573858272,6.239658391179274,69.80578572619132,1.0000554124444951,8.599931200550395e-05,0.0083499722684414,341.17121259599844,1.9581370500845092,854.2290835908545,0.0022012780817764997,1.409501474037592,0.0,0.0,3.26890810864904,0.0,0.1227272727272727,0.0399221843440237,0.0,0.0,0.0,52.7965661774044,0.047981211810657794,0.0476190476190476,4.161764643372787e-05,0.0022508248860151035,5.098054071301969,0.0001163766176941,27.914712768610116,40.371858259862925,42.14250757421318,48.64645632019351,0.0,43.37319119536265,0.0,1.1156813795778713,61.277569146472345,3.7493201478171105,454.4578446717819,0.0043010752688172,0.0019378673991858,1.536389019528167,67.14014987490398,9.928653045338534,0.699830705229515,0.0064696056341625,0.0,0.0,0.0221940660965051,0.0,22.068053833073584,0.7682598890052755,0.0,0.5470586496041508,1.7992730936701573e-05,2.648250054583256,0.0,0.0,1.0822876258076828,0.1334193326453388,0.0009045680687471,7.080104756809799,3.7627127182829687,2.599784032321289,0.0008350769505091913,0.5132942601148893,0.08277310924369741,0.8562249203379961,0.0770931194550531,0.0233991814636975,0.0251867645026446,0.0,0.4320788548316986,0.0017325803643406,0.0267536227773625,1.9515885503841428,0.0,0.0002310788628391,0.0,2.5586817553798635,5.541244449519563e-05,0.0,3.802756653706596,20.335046452776126,12.19239052642493,0.0313241947207461,0.0016587158817184,0.0,0.0001709518759147,1.768091199688447,4.212450598272035,0.1227726955628171,27101.432977603086,107.65591408759146,0.007510177863288791,0.0,0.0,15.547222427842918,1.6057802802968406,0.012928998681384,2.5866515419534566,0.0,1.7992730936701573e-05,0.7583131060692179,4.8110784297999185,67.34217543075097,0.0,0.0,0.3408014990279066,60.15623721526954,0.0,0.8977485121001308,6.715239360488489,0.2274596748280958,11.90311240295767,5.568015141740131,10.876725770445663,1.054431952341354,10.814382085353362,0.0001108248889903,0.0001108248889903,0.5376642449823521,182.37452839524792,21.55038773989241,0.0,21.104300965202057,0.0,7.346786274084755,0.0049261083743842,0.0007373913050304,0.008192059735531,0.0,1.192677468557967,2.4978711325574795e-05,0.0,0.018145510241250398,0.0,0.003076923076923,0.001774255313138,0.0,0.0001155394314195,0.0001155394314195,8.229916338085607,0.0013889364323961,1.7992730936701573e-05,0.0158334940120504,0.5295599742438161,5.541244449519563e-05,23.53402511963102,0.0,0.0,10.623200451159754,2.463298859898147,1.2984325534127112,2.618190542785697,1340.5841293829387,0.9619052751183377,0.0021626995835864,0.0,0.0,0.1167223581916959,0.0,6.307082861637788,0.0,0.0011256177522138,0.2193449205224571,0.0,27.80529720892392,1.9104340567128757,0.9445277595339296
NO,0.0,2.6537516223203497,0.0277957705087144,0.0,0.0,0.0405826907983511,1.8802548057869015,0.0001579275476084,1.3945246847685349,18.196045853133207,58.50097574395288,0.0,0.0,0.0019699897339333,1.7035444196953033,0.0025621120134209,1.9891304574972293,29.15644788963292,0.0001155394314195,1.3010681134267577,0.0015050108561517,5.776971570977887e-05,0.00012253649186618696,0.0,0.0279212060976283,0.027311991819899902,0.0,13.024275407771308,0.0024630541871921,0.0,0.0,0.0008493406385340497,0.24153234518978228,2.1194058094427097e-05,43.265101436784505,0.0,0.0002792794376014,5.776971570977887e-05,0.0,43.27654683549544,0.0001284926869186,0.0,1.9164617692238972,0.000570496721235587,58.61035986224006,5.206220638654656,0.0041217034435586,0.5057285022044562,4.9528913114418906e-05,0.0,0.0,1.8357000606375435,16.274967555594902,126.75337965552964,0.0,158.08698694706058,0.0,0.0013598261280702117,0.0024501987184884,0.2610734850701486,4.446442519036841,1.1340425180441212,0.0,0.0,64.88219189664451,5.597347647593398,73.74480495906045,0.09113488304194682,0.0002622625317469,1.5652882916893878,78.55317602978641,5.776971570977887e-05,207.771646132633,0.0,0.5832834575947469,0.0,0.0,1.9811274781423305,0.0,0.0556693341424254,6.457336299972496e-05,0.0,0.0,0.0,11.288384844686902,0.0002009770482338237,0.0,4.337930490529787e-05,1.7992730936701573e-05,2.438668286378059,8.871570214554758e-05,3.040244416227687,0.8009156705168887,11.451023498584664,18.001821124811197,0.0,26.569095798035733,0.0,0.910049201758121,21.439710025841528,15.985497476478745,76.15922228858668,0.0021505376344086,0.0030213525957121,0.0810647405091531,12.884081591151558,0.0108509831356721,0.0106144833944937,0.0476280439845159,0.0,0.0,0.0,0.0,8.206045647673944,0.2407111997785775,0.0,1.6241117110928065,8.996365468350786e-06,0.1906365050597149,0.0,0.0222222222222222,1.2672734040909717,8.599931200550395e-05,0.0,3.517642798306232,4.550306395240561,5.627967123508357,0.00015296254127248696,0.006000308351335599,0.0,0.2993697827748479,0.0117975966031886,0.0020770895770895,5.776971570977887e-05,0.0,0.3685682525642909,0.0001155394314195,0.214648553839909,3.118161227922156e-05,0.0,0.0001155394314195,0.0,0.7117722558913273,4.9528913114418906e-05,0.0,0.7716001116223369,2.6997057959334403,0.3433517530756886,0.0002440321183381,0.0007541478129713,0.0,0.0001072986288241,0.24189031711494272,2.0050304013442783,1.7992730936701573e-05,107.65591408759146,6779.4044228225885,5.031385800161518,0.0,0.0,4.435908689160749,0.333377703826955,0.0004875238320160988,1.4524293180921035,0.0,8.996365468350786e-06,0.0858277207249378,8.590682343998818,33.23744804150726,0.0,0.0,0.000374378872199,16.217429786508823,0.0,0.0051344435763156,1.204493066118981,0.0011074197120708,8.743240515531234,1.8483025927833683,9.827413793170683,0.0004060315594621789,3.698521233520193,9.90578262288378e-05,9.90578262288378e-05,2.4285638619166425,230.99688981996223,4.290479165574202,0.0,2.465730295313673,0.0,4.250557851020126,0.0,0.016705306169033,0.0084488727647528,0.2142857142857142,0.0,2.1194058094427097e-05,0.0,4.233231683921342e-05,0.0,0.0,0.028589695306458877,0.0,5.776971570977887e-05,5.776971570977887e-05,2.1070562718860053,0.0170501320037076,8.996365468350786e-06,0.0095480607040727,0.0002992646730727,4.9528913114418906e-05,7.788538907974337,0.0,0.0,2.4523779789199223,2.5144449416482537,1.9659956902180742,2.6945938663917306,312.8713779625431,1.7539367559964236,0.0014118958412906,0.0,0.0,0.0006431823811752474,0.0,2.5895072453029773,0.0,2.1194058094427097e-05,0.00034297305714054045,0.0,7.961744394288056,0.0953536346695147,2.147821117479057
NP,0.0,1.2979423393271108,0.0369009977023683,0.0,0.0,0.0001065348285094,0.0026716231951295,6.608908314977734e-05,0.4396905153266118,0.8674672088902587,7.934065459699856,0.0,0.0,0.0002530999994695,1.550039684316692e-05,3.100079368633384e-05,7.470586466176731,0.5684577950758088,0.006207824346656204,0.0001618776742058,0.0013823385115113958,2.698909640505236e-05,0.012355261088621219,0.0,0.3623862686470718,0.0065899259052284,0.0,0.3692258849534591,0.0,0.055957067184039,0.0,5.979994259933648e-05,5.397819281010472e-05,6.055445169836314e-06,4.295313327528043,0.0,0.0001112445150643,2.698909640505236e-05,0.0066666666666666,0.0572902861626361,4.85449384180556e-05,0.0,0.0631658881996684,0.0025021213133467955,35.29245511492787,0.0012661245322800956,0.0062549477279634,0.035835344782149094,1.550039684316692e-05,0.0476190476190476,0.0,7.75019842158346e-05,0.050298459580773,3.639533026342671,0.0,5.103339314934782,0.0,0.0667671460500062,0.005076475479962096,0.0360717913915418,0.0002786155509115913,0.28231610369823856,0.0,0.0,0.038302815454879374,0.0233926182748529,1.2196445910582474,1.550039684316692e-05,0.0,2.7731558513588465e-05,0.6798289549475809,2.698909640505236e-05,13.663353226040513,0.0,0.001468293655497,0.0,0.0,0.1171032256458141,0.0,0.0,3.984244885326109e-05,0.0,0.0,0.0,0.008639395821284993,9.37003703326169e-05,0.0,3.3787003683424774e-05,5.397819281010472e-05,0.0034430918807925913,7.553403482310795e-05,0.037417855062311094,0.2062875730411895,0.197584489758448,0.0317113839983422,0.0,63.88665034086689,0.0,0.36729005584582414,0.5076418348792227,7.75019842158346e-05,3.258934051856276,0.0,0.0035173701460586,0.271960802472639,8.661968354557846,0.02106594101339549,0.0003886594960434,0.1881379130491388,0.0,0.0,0.0476190476190476,0.0,7.124703065984991,0.0014564509892236958,0.0,0.682706973514698,0.0060124423042136,0.0146717400258781,0.0,0.0,1.1527252782289144,0.0,0.0,0.0025023994815623,5.594614220283136e-05,0.0001159797801827,0.03645042540264069,0.0029376549013933957,0.0,2.1555842013003232e-05,6.200158737266768e-05,0.0,2.698909640505236e-05,0.0,4.248949324821928e-05,5.397819281010472e-05,0.1780814571395955,0.0207760945804934,0.0,5.397819281010472e-05,0.0,6.369136854986903e-05,0.0058634536132174,2.418668466036887,0.0001119680829014,0.007008395897571683,4.213785785118883,0.0001025231312281,0.0,0.0,4.248949324821928e-05,2.7731558513588465e-05,0.37670402020005683,5.397819281010472e-05,0.007510177863288791,5.031385800161518,1419.9423075914942,0.0,0.0,2.268845198447292,0.0027545184476614,0.00016368772671379565,0.0132633403931239,0.0,0.0073799302728756,0.8559572309461962,2.5871734127118917,0.19511139541358938,0.0,0.0,0.0014115292526898,0.012764713977611955,0.0,0.0034304232101694,1.5263488930715674,0.0,0.140630950889214,0.1690878673473244,0.5051488319641456,0.0117089346018799,1.8174448146607927,3.100079368633384e-05,3.100079368633384e-05,0.0087625024797676,0.7041909521434074,1.4021828106650054,0.0,0.00014540111987349565,0.0,0.0287089641936242,0.1333333333333333,3.100079368633384e-05,0.0130391032773266,0.0,0.0,6.055445169836314e-06,0.0,5.397819281010472e-05,0.0,0.0026990553306342,2.698909640505236e-05,0.0,2.698909640505236e-05,2.698909640505236e-05,4.3360583040408525,3.705623885617015e-05,0.0063461700532271,1.550039684316692e-05,0.0442404247462846,1.550039684316692e-05,0.4085459292370869,0.0418681318681318,0.0,2.304087842420107,0.1700493961591614,2.3366852756499807,0.1310345097664713,56.53661458687978,0.00039010480603,0.0003853902608706,0.0,0.0222222222222222,0.0001092007671757,0.0,0.2930612073712726,0.0,6.055445169836314e-06,0.0017504183230309,0.0,0.1817780789928028,0.0033873115261434,0.0026724917419076
NR,0.0,0.0,0.0,0.0,0.0,0.0,0.0,0.0,0.0,0.0,0.0,0.0,0.0,0.0,0.0,0.0,0.0,0.0,0.0,0.0,0.0,0.0,0.0,0.0,0.0,0.0,0.0,0.0,0.0,0.0,0.0,0.0,0.0,0.0,0.0,0.0,0.0,0.0,0.0,0.0,0.0,0.0,0.0,0.0,0.0,0.0,0.0,0.0,0.0,0.0,0.0,0.0,0.0,0.0,0.0,0.0,0.0,0.0,0.0,0.0,0.0,0.0,0.0,0.0,0.0,0.0,0.0,0.0,0.0,0.0,0.0,0.0,0.0,0.0,0.0,0.0,0.0,0.0,0.0,0.0,0.0,0.0,0.0,0.0,0.0,0.0,0.0,0.0,0.0,0.0,0.0,0.0,0.0,0.0,0.0,0.0,0.0,0.0,0.0,0.0,0.0,0.0,0.0,0.0,0.0,0.0,0.0,0.0,0.0,0.0,0.0,0.0,0.0,0.0,0.0,0.0,0.0,0.0,0.0,0.0,0.0,0.0,0.0,0.0,0.0,0.0,0.0,0.0,0.0,0.0,0.0,0.0,0.0,0.0,0.0,0.0,0.0,0.0,0.0,0.0,0.0,0.0,0.0,0.0,0.0,0.0,0.0,0.0,0.0,0.0,0.0,0.0,0.0,0.0,0.0,0.0,0.0,0.0,2.0,0.0,0.0,0.0,0.0,0.0,0.0,0.0,0.0,0.0,0.0,0.0,0.0,0.0,0.0,0.0,0.0,0.0,0.0,0.0,0.0,0.0,0.0,0.0,0.0,0.0,0.0,0.0,0.0,0.0,0.0,0.0,0.0,0.0,0.0,0.0,0.0,0.0,0.0,0.0,0.0,0.0,0.0,0.0,0.0,0.0,0.0,0.0,0.0,0.0,0.0,0.0,0.0,0.0,0.0,0.0,0.0,0.0,0.0,0.0,0.0,0.0,0.0,0.0,0.0,0.0,0.0,0.0,0.0,0.0,0.0,0.0,0.0,0.0,0.0
NU,0.0,0.0,0.0,0.0,0.0,0.0,0.0,0.0,0.0,0.0,0.0,0.0,0.0,0.0,0.0,0.0,0.0,0.0,0.0,0.0,0.0,0.0,0.0,0.0,0.0,0.0,0.0,0.0,0.0,0.0,0.0,0.0,0.0,0.0,0.0,0.0,0.0,0.0,0.0,0.0,0.0,0.0,0.0,0.0,0.0,0.0,0.0,0.0,0.0,0.0,0.0,0.0,0.0,0.0,0.0,0.0,0.0,0.0,0.0,0.0,0.0,0.0,0.0,0.0,0.0,0.0,0.0,0.0,0.0,0.0,0.0,0.0,0.0,0.0,0.0,0.0,0.0,0.0,0.0,0.0,0.0,0.0,0.0,0.0,0.0,0.0,0.0,0.0,0.0,0.0,0.0,0.0,0.0,0.0,0.0,0.0,0.0,0.0,0.0,0.0,0.0,0.0,0.0,0.0,0.0,0.0,0.0,0.0,0.0,0.0,0.0,0.0,0.0,0.0,0.0,0.0,0.0,0.0,0.0,0.0,0.0,0.0,0.0,0.0,0.0,0.0,0.0,0.0,0.0,0.0,0.0,0.0,0.0,0.0,0.0,0.0,0.0,0.0,0.0,0.0,0.0,0.0,0.0,0.0,0.0,0.0,0.0,0.0,0.0,0.0,0.0,0.0,0.0,0.0,0.0,0.0,0.0,0.0,0.0,0.9523809523809524,0.6666666666666666,0.0,0.0,0.0,0.0,0.0,0.0,0.2857142857142857,0.0,0.0,0.0,0.0,0.0,0.0,0.0,0.0,0.0,0.0,0.0,0.0,0.0,0.0,0.0,0.0,0.0,0.0,0.0,0.0,0.0,0.0,0.0,0.0,0.0,0.0,0.0,0.0,0.0,0.0,0.0,0.0,0.0,0.0,0.0,0.0,0.0,0.0,0.0,0.0,0.0,0.0,0.0,0.0,0.0,0.0,0.0,0.0,0.0,0.0,0.0,0.0,0.0,0.0,0.0,0.0,0.0,0.0,0.0,0.0,0.0,0.0,0.0,0.0,0.0
NZ,0.0,1.03895786796613,3.5985461873403146e-05,0.0,0.0,0.0016256610260172372,5.263793609045301e-05,5.263793609045301e-05,1.7260778420406353,6.083191474616033,271.650778935191,0.0,0.0,4.985801068464577e-05,0.0012556086526550846,0.00869774879187157,5.3669692377742555,7.4676715857653715,3.5985461873403146e-05,0.11735710920206499,3.837312212900971,1.7992730936701573e-05,0.0028919449345516956,0.0086580086580086,5.083275726840451e-05,3.5985461873403146e-05,0.0,6.210464939855898,0.0,0.0,0.0,0.023908442210143897,0.0136502536186509,8.326237108524932e-06,37.81077958157134,0.0,0.0025346337685966,1.7992730936701573e-05,0.0,7.6535146557632565,4.618903497671107e-05,1.178430265386787,1.5529741606460075,0.0021439499802721955,106.8388015249032,0.4329733374080289,0.21761693665104828,0.00012054501727999565,1.987006693148456e-05,0.0,0.0,1.068921206264445,2.432894054853442,17.579346160092218,0.0,7.896569032410678,0.0,0.02325063790787844,0.0095891470141067,0.0004950707471529118,0.005045330623177399,3.047987564466296,0.0,0.0,7.602623711483739,0.0061264838500095,3.047826089376178,1.3353447071383844,0.065359477124183,5.546311702717693e-06,14.280013971439324,1.7992730936701573e-05,125.00066082608845,0.0,0.0044186024735519,0.0,0.0,3.248418512451218,0.0,0.0007964501080896,2.219878591976756e-05,0.0012195121951219,0.0,0.0,1.1014462287618,0.0172144256052867,0.0,1.3872548811242625e-05,3.5985461873403146e-05,1.5976669051299326,6.418176591341264e-05,0.517351815513355,3.9270354478265146,8.411664005822846,1.428873671417444,0.0,14.951765863586342,0.0,0.6754263162789476,15.80079579764427,0.4848057849218073,11.700255404661114,0.0,0.37769244972361127,1.0139565314244088,7.266702348269757,0.39186795202767943,0.00015351830541269752,0.0513000440129879,0.0,0.0,0.3243700743700743,0.0,6.371651749239346,0.6676520670631056,0.0,0.0002555446603883,1.7992730936701573e-05,0.0552070169562381,0.0086580086580086,0.0,4.837176687025763,0.0,0.0,0.5552794438868599,0.0044111303725231,0.0027258858142415,0.0480391414067283,0.0007227711548836329,0.0,2.819630404000949e-05,7.948026772593824e-05,0.0,0.0028669955799395,0.0,0.037720176502502596,3.5985461873403146e-05,0.0001603007921715,0.5463078103269108,0.0008163265306122,3.5985461873403146e-05,0.0,0.0086179273285458,1.987006693148456e-05,0.0,0.0561227233076942,2.9479775870835674,15.0056081093627,8.217449685011421e-05,0.0256410256410256,0.0736683606248823,3.7862797868186136e-05,0.003338879645036018,1.7665256107305705,0.0012554976569953,15.547222427842918,4.435908689160749,2.268845198447292,0.0,0.6666666666666666,3820.8870294119974,0.4190587116710244,0.00041293676021973295,0.1857473210840828,0.0,0.200296997613522,0.1179103898902866,5.343715210325132,4.2930005143987655,0.0,0.0,0.0110684912567369,2.413238056290723,0.0,9.237806995342214e-05,0.42334485571583036,0.0294117647058823,0.6804946841620265,0.09810838282951109,9.007430927461797,0.0029292427010102,2.7485087079765433,0.3333730734671963,3.974013386296912e-05,0.0001688059411232,12.097330726793299,7.244884011253195,0.0,0.008477158280246,0.0,0.0324590746089189,0.0,3.974013386296912e-05,3.5985461873403146e-05,0.0,0.0,8.326237108524932e-06,0.0,4.4098657174240424e-05,0.0,1.0,1.7992730936701573e-05,0.0,1.7992730936701573e-05,1.7992730936701573e-05,5.168216249174082,4.806637097149405e-05,0.53335132606427,1.987006693148456e-05,0.0029603483964767,0.11589177877771481,2.87150551887116,0.0346320346320346,0.0,5.662644222497821,0.6001297037885464,0.1061005281711408,0.8180895487698314,184.5910774798018,1.3640545177936088,2.3539042639419264e-05,0.0,0.0,0.0003134819493847491,0.0,2.0743990028356363,0.0326797385620915,3.0028994958801962,0.2046411102589962,0.0,5.473153553990372,1.3058560912819792,0.1032075906573767
OM,0.0,12.603988779135364,0.0,0.0,0.0,0.0,0.0026990553306342,0.0,0.0104575170037795,0.5514939967383133,2.5848645428015375,0.0,0.0,0.0014062868999324,0.0919191919191919,0.0,1.0584390545644218,0.11914560866972711,0.0,0.0005955461593493,0.0802382890122801,0.0,0.0,0.0,2.218524681087077e-05,0.0,0.0,0.020161348200631098,0.0,0.0,0.0,1.1092623405435386e-05,0.0017057050667769,0.0,9.307125066927924,0.0,0.0357142857142857,0.0,0.0,0.910364583202645,0.0,0.0,0.0853757616143602,0.0,1.9779303438288465,0.10718722763647884,0.0,0.0,0.0,0.0,0.0,0.0296169805507666,0.2288643917617906,15.154315407502054,0.0,0.1607723445950486,0.0,0.0,0.09898392265037881,0.0006265664160401,2.218524681087077e-05,10.580584903729983,0.0,0.0,1.0972631036091405,0.11925837889232219,0.7619158545281673,0.0,0.0,1.1092623405435386e-05,1.170439772864205,0.0,17.953044494170413,0.0,0.0027101479540397,0.0,0.0,0.0110222888592272,0.0,0.0,1.1092623405435386e-05,0.0,0.0,0.0,0.2651136017082722,0.0,0.0,1.1092623405435386e-05,0.0,0.0178785119180846,0.0,0.0709891580708829,0.0005686333342425,1.3243727598566308,0.044526310347912004,0.0,45.720928494863756,0.0,2.485312837416396,7.540731057820354,0.0,1.5629746774621103,0.0,0.0,9.558179634721961,1.1588769641841183,0.5279714437609173,0.0073529411764705,0.0,0.0,0.0,0.0,0.0,3.225369031042907,1.4439795809476104,0.0,0.1809606746668927,0.0,1.2909238019074711,0.0,0.0,2.218524681087077e-05,0.0,0.0,0.0,0.0,0.0,0.0049372009977896,0.20735972107838901,0.0,0.0,0.0,0.0,0.0,0.0,0.0,0.0,0.0002337540906965,1.1092623405435386e-05,0.0,0.0,0.0,0.0,0.0,0.0,0.0,5.546311702717693e-05,9.725442868536225,0.0,0.0,0.0,0.0,1.1092623405435386e-05,0.47444124361870144,0.0,1.6057802802968406,0.333377703826955,0.0027545184476614,0.0,0.0,0.4190587116710244,595.1606252661254,2.218524681087077e-05,0.1541236467359595,0.0,0.0,0.2012642254554856,21.91188839201974,0.6588866145430651,0.0,0.0,0.0338656755898134,0.0894568417563016,0.0,0.0,8.806419399767968,0.0,0.5429788785154237,0.3700533083613578,0.203492559053941,0.0,15.614454296932577,0.0,0.0,0.08775900790419841,2.5488835842592925,0.1231702863708344,0.0,1.1092623405435386e-05,0.0,0.0007017543859649,0.0,0.0,0.0,0.0,0.0,0.0,0.0,0.0,0.0,0.021394111439878,0.0,0.0,0.0,0.0,1.1092623405435386e-05,0.0,0.0,0.0,0.42822199799323124,0.0,0.5574940547020042,0.0,0.0,0.4585657233545972,0.0,0.2619047619047618,0.6673043257061121,21.73131592982481,0.0006265664160401,1.1092623405435386e-05,0.0,0.0,0.6,0.0,0.0332999741984766,0.0,0.0,1.0251682162015816,0.0,4.7110870832088345,0.0,0.0
PA,0.0,0.005166146329330011,3.5985461873403146e-05,0.0,0.0,6.553390454771829e-05,0.0006153730794512999,4.355476833569854e-05,0.2943824475722075,0.007331734240673101,0.0406817136434723,0.0022988505747126,0.0,5.086273850998623e-05,2.2109921982451283e-05,1.176706276155344e-05,0.0002039297829567,0.4052677123471811,3.5985461873403146e-05,0.00011441895169873763,0.00011570906332819566,1.7992730936701573e-05,2.8955549998173947e-05,0.0,3.395230957242421e-05,0.020327191146463402,0.0,1.1861808207157991,0.0,0.0,0.0,3.4164642022832616e-05,3.5985461873403146e-05,0.002715787964834,0.497794612085495,0.0,7.29014589658432e-05,1.7992730936701573e-05,0.0,0.5365799686025198,2.766091554862599e-05,0.0,0.9081185988947,0.00010949728169999566,0.6917429644043954,1.143529098123914,1.4600954909418415,0.0622894846678161,5.88353138077672e-06,0.0,0.0,7.05529921568659e-05,0.004294389771395812,2.1483972173103627,0.0,0.0025554068397573956,0.0,0.0970449535020222,0.00014837296030263295,0.076572487170966,0.00012093892967819132,0.0047206787079991,0.0,0.0,1.7701671208422756,0.0012520295594519,0.007729343707428187,5.88353138077672e-06,0.0,1.1092623405435386e-05,0.3564102022000414,1.7992730936701573e-05,0.5377126894307623,0.0022012780817764997,6.262980127153966e-05,0.0,0.0,0.0034774314035429786,0.0,0.0,0.001119300970756,0.0,0.0,0.0,0.2686495346063289,0.5930435130844548,0.0,1.4877276636583082e-05,0.1482092875766511,0.0002197231034678659,0.0620343699850257,0.0002479302591959312,0.0004986122437214734,0.0035842730846923237,0.004257295507786,0.0,0.4944902283813365,0.0,0.0006315595350381827,0.0090504388491379,2.94176569038836e-05,1.010190648163211,0.0,8.68383661507646e-05,0.00023149773905199131,0.0888582036309949,0.0092136649704163,2.975979369825501e-05,1.7992730936701573e-05,0.0,0.0,0.0,0.0,0.07082525232517389,4.727534307153332e-05,0.0,0.0001030592810744,1.7992730936701573e-05,5.2831812315652246e-05,0.0036231884057971,0.0,0.0001397151299896,0.0,0.0,0.0002672639609699746,0.0073726906487625,5.951958739651002e-05,5.215737295953419e-05,0.00014467775369973295,0.0,9.668184611924416e-06,2.353412552310688e-05,0.0,1.7992730936701573e-05,0.0,2.387626231747829e-05,0.002334836036586,5.749167552061993e-05,2.908535434213696e-05,0.0,3.5985461873403146e-05,0.0,3.0299188285321205e-05,5.88353138077672e-06,0.0,0.0016952050262325,1.7415270738145956,0.0037324208143762567,6.364637742202914e-05,0.0,0.0,2.387626231747829e-05,1.1092623405435386e-05,0.0064605223258729,0.0908224080509536,0.012928998681384,0.0004875238320160988,0.00016368772671379565,0.0,0.0,0.00041293676021973295,2.218524681087077e-05,57.60810670170201,0.2111306460394759,0.0,1.7992730936701573e-05,0.03750618782605841,0.0020462712906832003,0.007797885705790399,0.0,0.0,2.353412552310688e-05,0.0236948542275316,0.0,0.35256225349319,0.00022068114778848696,0.0,0.0017327494688681002,0.0004456796843480647,0.061169053033396696,1.7992730936701573e-05,0.004374546803175032,1.176706276155344e-05,1.176706276155344e-05,3.977011510455085e-05,0.0012269426056942658,0.012029762756994036,0.0,0.00013525904498603295,0.0,0.00010975374851262084,0.0,1.176706276155344e-05,0.0006078037729889999,0.0,0.0022012780817764997,3.784653231147696e-06,0.0,0.2077813610362517,0.0,0.0,1.7992730936701573e-05,0.0,1.7992730936701573e-05,1.7992730936701573e-05,0.012062886431780225,1.5551715992701137e-05,1.7992730936701573e-05,5.88353138077672e-06,0.0044574763899561,5.88353138077672e-06,0.0061492595145477,0.0,0.0,0.011181283556235301,0.0036904266656915,0.0316983859839953,0.001208118244945,9.388162322025275,0.0455892687848335,2.908535434213696e-05,0.0,0.0,0.395954742509441,0.0,0.5559634595370074,0.0,0.0011044236941194,3.4968885722913675e-05,0.0,0.005657728810851401,3.5985461873403146e-05,1.7992730936701573e-05
PE,0.0,0.1037812844653328,0.0001619345784303,0.0,0.0,0.0002703163981978864,0.0336799344137733,0.0104118299691982,11.889477367315521,0.5586971299559104,2.08006815888895,0.0022988505747126,0.0,0.0001765640578877,0.0001007095115112724,3.915511700579917e-05,0.1054482103651204,3.058504622681917,0.0001619345784303,0.3337686378667589,9.662491138891729e-05,8.096728921515707e-05,0.00010562413539869565,0.0,5.024774041123456e-05,2.6849216197894177,0.0,27.258344806374883,0.0,0.0,0.0,9.159288859857042e-05,0.0061306327806488,9.08316775475447e-06,3.9591702559339588,0.0,0.0002883177064192,8.096728921515707e-05,0.0,2.5223664851818155,0.0182914461972909,0.0,13.074043945452813,0.046997144596257395,1.63982886203788,10.357614820719956,0.8084259576225954,1.100574821758778,1.9577558502899587e-05,0.0,0.0,9.788779251449794e-05,2.0932520491672446,7.113653067012741,0.0,0.16386303210499512,0.0,0.1373078694220657,0.0005452137577415,4.198749904934022,0.002234742704920795,0.33752719526786734,0.0,0.0,23.100749387978553,0.020799720273575,0.2428246607284385,7.833196508339312e-05,0.0001447537185859,5.546311702717693e-06,9.911387641955628,8.096728921515707e-05,9.846376682650536,0.0022988505747126,0.0002157191748935,0.0,0.0,0.008944754360461,0.0,0.0,2.3712647212226635e-05,0.0,0.0,0.0,0.1206102918487619,0.5681343736519935,0.0,1.4629479457472165e-05,0.5210925488254287,0.0452251706131416,0.0429293288446851,0.1992166049551404,0.1449740435326361,0.34389071960694306,0.0947583487248356,0.0,5.201595248152587,0.0,2.9074530744842977,1.91446174995298,0.054643342337969,5.626744016843986,0.0,0.013148151034721,0.3085889127796019,3.0233428491148304,0.0306607291476526,0.0001201224062209,8.096728921515707e-05,0.0,0.0,0.0277777777777777,0.0,1.547918994079025,0.00010710216890449566,0.0,0.0003186218569658,8.096728921515707e-05,0.0434438193201585,0.0036231884057971,0.0,0.00023681363120649245,8.599931200550395e-05,0.0,0.00038653555351017283,0.018251045248075,0.0030892476614447,0.00017256017781369567,0.005322055109888582,0.0,2.866072625765406e-05,7.831023401159835e-05,0.0,8.096728921515707e-05,0.0,0.000100544847718,0.0044909389074346,0.0002194214217288,0.046046109560513776,0.0043290043290043,0.0001619345784303,0.0,0.0546274328441534,1.9577558502899587e-05,0.0,0.0121397644945326,13.995547258027088,0.3060663974082905,0.0002715625939031,0.0,0.0,0.000100544847718,5.546311702717693e-06,0.0445306417331746,0.09007227108400111,2.5866515419534566,1.4524293180921035,0.0132633403931239,0.0,0.0,0.1857473210840828,0.1541236467359595,0.2111306460394759,1028.393074108405,0.0043290043290043,8.096728921515707e-05,0.18888321854528028,1.7168858849383422,0.088841281779359,0.0,0.003076923076923,0.00013706464059209188,0.5613530308107328,0.0,0.4241849582045739,0.018643166866976788,0.0294117647058823,0.1711078124894127,0.0241773380050876,0.6572676309607092,0.037919945428031704,2.238529214475686,3.915511700579917e-05,3.915511700579917e-05,0.1430281606033279,1.2953136729522807,0.5011001263595952,0.0,0.0050519299272408814,0.0,0.00047173542122039996,0.0,3.915511700579917e-05,0.035876220292716,0.0,0.0256410256410256,9.08316775475447e-06,0.0,0.2275641944869511,0.0,0.0,8.096728921515707e-05,0.0,8.096728921515707e-05,8.096728921515707e-05,0.1195312620938917,4.8238284760553646e-05,8.096728921515707e-05,1.9577558502899587e-05,0.0281012857423631,1.9577558502899587e-05,0.1710972457014453,0.0,0.0,0.6616672621879014,0.028054899173989102,0.2039084523926998,0.21566508665033268,110.83895529287753,1.3791037816855076,0.3273592408736451,0.0,0.0,1.224183366331678,0.0,0.1820468484878735,0.0,9.08316775475447e-06,0.0002508448780066,0.0,0.363042694168521,0.0425408891909052,0.006053738479377501
PF,0.0,0.0043290043290043,0.0,0.0,0.0,0.0,0.0043290043290043,0.0,0.0043290043290043,0.0,0.1333333333333333,0.0,0.0,0.0,0.0,0.0,0.0,0.1388888888888889,0.0,0.0,0.0,0.0,0.0,0.0,0.0,0.0,0.0,0.0148692810457516,0.0,0.0,0.0,0.0,0.0,0.0,0.032106782106782,0.0,0.0,0.0,0.0,0.0101769575453785,0.0,0.0,0.0,0.0,0.0250462385911302,0.0,0.0,0.0185348506401138,0.0,0.0,0.0,0.0,0.0,0.0162719110087531,0.0,0.0,0.0,0.0,0.0,0.0,0.0,0.0,0.0,0.0,0.0,0.0,0.0,0.0,0.0,0.0,6.042455043770834,0.0,0.20541505278347372,0.0,0.0,0.0,0.0,0.0,0.0,0.0,0.0,0.0,0.0,0.0,0.0148692810457516,0.0,0.0,0.0,0.0,0.0,0.0,0.0,0.0,0.0,0.0,0.0,0.0185102908787119,0.0,0.0,0.0290505675954592,0.0,0.0056899004267425,0.0,0.0,0.0,0.0277777777777777,0.0,0.0,0.0,0.0,0.0,0.0,0.0,0.0,0.0,0.0,0.0,0.0,0.0,0.0,0.0,0.0,0.0,0.0,0.0,0.0,0.0,0.0,0.0,0.0,0.0,0.0,0.0,0.0,0.0,0.0,0.0043290043290043,0.0,0.0,0.052824016368908,0.0,0.0,0.0,0.0,0.0,0.0,0.0,0.0,0.0,0.0,0.177045177045177,0.0,0.0,0.0043290043290043,0.0,0.0,0.0,0.0,0.0,0.0,0.0,0.0,0.0,0.0043290043290043,11.69059976086292,0.0,0.0,0.0,0.0,0.0,0.0,0.0,0.0,0.0,0.0,0.0,0.0,0.0,0.0,0.0,0.0,0.0,0.0,0.0,0.0065359477124183,0.0,0.0,0.0,0.0,0.0,0.0,0.0,0.0,0.0,0.0,0.0,0.0,0.0,0.0,0.0,0.0,0.0,0.0,0.0,0.0,0.0,0.0,0.0,0.0,0.0,0.0,0.0,0.0,0.0,0.0,0.0,0.0,0.0,1.0716906716132721,0.0,0.0,0.0,0.0,0.0,0.0,0.0,0.0,0.0,0.0,0.0,0.0,0.0,0.0
PG,0.0,0.0,1.7992730936701573e-05,0.0,0.0,1.7992730936701573e-05,1.7992730936701573e-05,1.7992730936701573e-05,8.996365468350786e-06,1.7992730936701573e-05,8.906438816115468,0.0,0.0,1.7992730936701573e-05,0.0,0.0,5.397819281010472e-05,1.7992730936701573e-05,1.7992730936701573e-05,1.7992730936701573e-05,0.0,8.996365468350786e-06,8.996365468350786e-06,0.0,0.0,1.7992730936701573e-05,0.0,4.498182734175393e-05,0.0,0.0,0.0,8.996365468350786e-06,1.7992730936701573e-05,0.0,0.0887794683888885,0.0,2.698909640505236e-05,8.996365468350786e-06,0.0,2.698909640505236e-05,8.996365468350786e-06,0.0039525691699604,2.698909640505236e-05,2.698909640505236e-05,0.1698499079099316,8.996365468350786e-06,8.996365468350786e-06,1.7992730936701573e-05,0.0,0.0,0.0,0.0,2.698909640505236e-05,0.16670265212854,0.0,1.7992730936701573e-05,0.0,1.7992730936701573e-05,8.996365468350786e-06,2.698909640505236e-05,8.996365468350786e-06,5.397819281010472e-05,0.0,0.0,0.0667656266868185,3.5985461873403146e-05,8.996365468350786e-06,0.1219574259216202,0.0392156862745098,0.0,0.0039795582663654525,8.996365468350786e-06,0.7612190674967313,0.0,1.7992730936701573e-05,0.0,0.0,0.0147418678148145,0.0,0.0,0.0,0.0,0.0,0.0,0.0,1.7992730936701573e-05,0.0,0.0,1.7992730936701573e-05,8.996365468350786e-06,1.7992730936701573e-05,1.7992730936701573e-05,0.5074968830239642,8.996365468350786e-06,8.096728921515707e-05,0.0,1.82012186068425,0.0,9.896002015185864e-05,5.397819281010472e-05,0.0,4.498182734175393e-05,0.0,1.7992730936701573e-05,1.7992730936701573e-05,0.1021734985299704,0.0073709339074072,8.996365468350786e-06,0.018190814547286452,0.0,0.0,0.0,0.0,1.7992730936701573e-05,0.0,0.0,8.996365468350786e-06,8.996365468350786e-06,1.7992730936701573e-05,0.0,0.0,8.996365468350786e-06,0.0,0.0,8.996365468350786e-06,0.0,1.7992730936701573e-05,1.7992730936701573e-05,4.498182734175393e-05,0.0,0.0,0.0,0.0,8.996365468350786e-06,0.0,8.996365468350786e-06,1.7992730936701573e-05,8.996365468350786e-06,8.996365468350786e-06,0.0,1.7992730936701573e-05,0.0,0.0,0.0,0.0,2.698909640505236e-05,2.698909640505236e-05,0.11820880727822311,2.698909640505236e-05,0.0,0.1983970136144048,8.996365468350786e-06,0.0,0.0221757762805003,1.7992730936701573e-05,1.7992730936701573e-05,8.996365468350786e-06,0.0073799302728756,0.0,0.0,0.200296997613522,0.0,1.7992730936701573e-05,8.096728921515707e-05,0.0,21.8779957523423,0.0113235030773676,0.1001079563856202,3.5985461873403146e-05,0.0,0.0,0.0,1.7992730936701573e-05,0.0,1.7992730936701573e-05,0.0,0.0,2.698909640505236e-05,2.698909640505236e-05,5.397819281010472e-05,0.0073619375419389,0.2476370403499843,0.0666666666666666,0.0,0.0073709339074072,1.7992730936701573e-05,1.7992730936701573e-05,0.0,1.7992730936701573e-05,0.0,1.7992730936701573e-05,0.0,0.0,0.0073709339074072,0.0,0.0,0.0,0.0,1.7992730936701573e-05,0.0,0.0,8.996365468350786e-06,0.0,8.996365468350786e-06,8.996365468350786e-06,0.0001169527510885,0.0,8.996365468350786e-06,0.0,8.996365468350786e-06,0.0235604123072153,7.197092374680629e-05,0.0,0.0,8.996365468350786e-06,4.498182734175393e-05,2.698909640505236e-05,3.5985461873403146e-05,0.1644824339281275,8.996365468350786e-06,0.066675663032135,0.0,0.0,1.7992730936701573e-05,0.0,2.698909640505236e-05,0.0196078431372549,0.0314655506471363,8.996365468350786e-06,0.0,0.0001079563856202,1.7992730936701573e-05,8.996365468350786e-06
PH,0.0,0.8110859926923645,3.5985461873403146e-05,0.0095238095238095,0.0,0.1001097333662508,0.000158319554197,0.0051639608798423,0.15772392997893908,0.20097079224810438,2.688078324034099,0.0,0.0,0.0001578104207299,6.31301295733761e-05,2.8901915536704812e-05,0.331090897800014,0.4714142862990353,0.0151875006133885,0.006062813500143347,5.546311702717693e-06,1.7992730936701573e-05,3.244368870505398e-05,0.0,0.0736221830422043,3.5985461873403146e-05,0.0,2.537762482689951,0.0,0.0067118660542878,0.0,2.3539042639419264e-05,0.1307622790099225,6.055445169836314e-06,4.141460453009269,0.0,8.425541865928629e-05,1.7992730936701573e-05,0.0476190476190476,1.9392350587920868,0.0454930445884203,0.0039525691699604,0.2669385097771135,0.0989306536082846,17.846218108186402,0.708732602670449,0.009611716976159285,0.0031707123698698,1.4450957768352408e-05,0.0627705627705627,0.0,0.0025785204530021,0.8425397785175035,5.35653317883521,0.0,0.0958607256716945,0.0151515151515151,0.03842512287454351,0.0481235349521319,0.0072904670624498,0.0004110323948872,0.2635493067421735,0.0,0.0,5.212850867470938,0.6668705793608731,0.0928584118804385,0.007919589297689251,0.0,5.546311702717693e-06,1.6494969319830202,1.7992730936701573e-05,4.139947492472489,0.1,0.0753363944224555,0.0,0.0,1.2674956753866213,0.0,1.0,0.003635929477031,0.0,0.0,0.0,0.2602777099754126,0.0710421218442732,0.0,0.0151631169083877,0.060627342289460304,0.0003646501462178719,0.0103541943960344,0.17057822710652348,5.699744417693632,0.7166763212194338,0.0546238298588954,0.0,9.782260001388169,0.0,1.5295816029205316,0.796138346464451,0.00028476617502116205,4.095231644568771,0.0,0.1430557515311906,0.0612902298194569,18.35843049371863,0.2110234990935806,0.0002673410504414,0.0815181869608125,0.0,0.0,0.0627705627705627,0.0,13.681129474410891,0.011791847518293234,0.0,0.032484664717045905,0.022559889403427902,0.0246635699243201,0.0,0.0,0.0567598886487632,0.0,0.0018091361374943,0.022576010227685725,0.0667184150525702,9.378929294681276e-05,0.0002118496292743,0.0338814964789768,0.0,2.050640293818872e-05,5.780383107340963e-05,0.0151515151515151,1.7992730936701573e-05,0.0,3.244368870505398e-05,0.005299143356610203,0.2209891656952918,0.05273313141538111,0.0008163265306122,3.5985461873403146e-05,0.0,5.546376364472985e-05,1.4450957768352408e-05,0.0,0.024710972888327097,0.9084193960148038,2.9216754985561053,0.0029910404453134002,0.0018091361374943,0.0039525691699604,3.244368870505398e-05,5.546311702717693e-06,2.049307698297291,0.0363996218255097,0.7583131060692179,0.0858277207249378,0.8559572309461962,0.0,0.0,0.1179103898902866,0.2012642254554856,0.03750618782605841,0.18888321854528028,0.0,0.0113235030773676,758.4437159026916,1.842125341908508,0.0983887585509012,0.0,0.0,0.3396774590437262,0.067619516290788,0.0,0.012316900348533,0.5277254458274182,0.0,0.1849592590329833,0.059005822567383,0.5294873371780427,0.0233938511786145,0.3733404387286788,2.8901915536704812e-05,2.8901915536704812e-05,0.0385055124200503,1.0894752580888718,7.555842152145344,0.0,0.00964514464693285,0.0,1.3192836126730167,0.0,2.8901915536704812e-05,0.013709166985512,0.0,0.0,6.055445169836314e-06,0.0,0.012096243479043001,0.0,2.1289731962274597e-05,0.001827128868431,0.0,1.7992730936701573e-05,1.7992730936701573e-05,4.8260335690171825,3.495736070654113e-05,0.0001282159329207,1.4450957768352408e-05,0.024368038251554203,0.003967020127728753,0.7627222082907639,0.0,0.0,14.820475464922781,0.0300644379960384,0.2164737933997332,0.0334020686101153,50.74791964960026,0.5365093244356447,0.0669106521132741,0.0,0.0151515151515151,0.011672909636136299,0.0,0.8900861778844074,0.0,0.011863762955051236,0.001511569236456,0.0,0.9479479978574853,0.0728319782791103,0.0126175408781521
PK,0.0,44.18624391440739,17.14717835005876,0.3156177156177157,0.0,0.07755502171426115,0.3312071086595409,0.0002234820777027,0.579427909116315,7.126829280436423,38.66481113419482,0.1476190476190476,0.0,0.1058226150833975,0.3776392487628111,0.3079503738774191,15.694245045285296,6.814443318590284,0.1906921032474308,0.5310416946167839,2.427172192573045,0.0001079563856202,0.0001504443698406696,0.0,0.5276138880183835,0.0067518604836587,0.0,13.20416487150706,0.0,0.0203017118809758,0.0,0.03021408039875087,0.0169488754587146,0.002715787964834,40.192719813419394,0.0,0.3384140007213062,0.0001079563856202,0.0061538461538461,1.6207924231122073,0.0001186740093069,0.0,2.57860073725836,4.155936269077149,351.82382387093696,0.29850063992205966,0.0601591667050697,0.0033561227437506696,6.932970455591231e-06,0.490892440892441,0.0,0.8595794946553001,4.251554444115578,46.37010078616859,0.0,2.9482529718315797,0.0984848484848484,0.005367765326446649,1.647959630214699,3.5664248937695606,0.1439452978734432,23.00479004388779,0.0,0.0,12.488177826519689,2.5552964834340686,2.9252680857211186,0.00024195059677749125,0.0004930155623384,9.428729894620078e-05,22.50518274278909,0.0445524008300646,120.9983727264937,0.3218982477787462,0.1927076728989606,0.0,0.0,0.598010605088185,0.0,0.0,0.7734247178685189,0.0012195121951219,0.0,0.0,3.0557860908618673,0.0156673023881651,0.0,0.0509638728179782,0.0359301984855261,0.3830718606828855,0.012540461958408,4.314014112091062,4.86671145663283,16.188532888744827,1.0992083806752238,0.0,54.0288762367798,0.0,8.723481733124665,43.294381969429814,1.1540304446335938,31.998751746930704,0.0,0.0080292206663137,7.576849077296787,8.231107108244855,3.378708459489583,0.5479026968242552,0.0057627399874767,0.0,0.0,0.3151515151515152,0.0,73.74782398705177,3.5276058587181054,0.1,10.446391932941747,0.007636534421205,7.1552235114964615,0.3131868131868132,0.0,2.401529118980389,0.0002579979360165,0.0,1.4457046201109636,0.3083391820651241,0.4025665250247236,0.7086780723164412,6.913134828201337,0.0,0.0397446111811096,0.003650920287619465,0.0,0.0001079563856202,0.0,0.0579878887206402,0.0002159127712404,0.050716167650151,0.0362276083799871,0.0,0.0002159127712404,0.0,2.1227286568719372,0.3872476649480296,0.0116959064327485,0.3630227522444273,8.48705362082201,72.92511152555153,0.0003345867805473,0.0058479532163742,0.0,0.0001148893560758,9.428729894620078e-05,20.637356252355875,0.0776563744052039,4.8110784297999185,8.590682343998818,2.5871734127118917,0.0,0.2857142857142857,5.343715210325132,21.91188839201974,0.0020462712906832003,1.7168858849383422,0.0,0.1001079563856202,1.842125341908508,7076.526225354152,14.23817119407336,0.0,0.0,1.0050184002154656,4.4724806808139865,0.0,0.0013379870595021,14.58307872134992,0.0,11.662341431753202,1.7274996382936392,5.814106257241552,0.0028943800076205,396.8494843907124,1.3865940911182462e-05,1.3865940911182462e-05,2.997374090706139,12.94612568207714,4.925850536461992,0.0,0.0629970824306088,0.0,1.5246859039469085,0.0,1.3865940911182462e-05,0.0085417905605535,0.0,0.0022012780817764997,3.784653231147696e-06,0.0,0.0002483655524437491,0.0,2.594213422380897,0.0001079563856202,0.0,0.0001079563856202,0.3001079563856202,9.14699201037104,0.27629970187619357,0.0010448536024843,6.932970455591231e-06,1.2262858710371423,6.932970455591231e-06,67.81768769529866,0.7,0.0,10.613673172787273,0.8002277369187808,1.6159604952446227,0.797470256645744,336.82861751225784,0.026459980396735798,0.3204021564444131,0.0,0.0984848484848484,0.362310126601399,0.0,1.8569456275885226,0.0,0.0011044236941194,1.613484434927958,0.0,5.9516446199437105,0.0533686727594621,0.0703323086821579
PL,0.0,2.5683733281055705,7.197092374680629e-05,0.0,0.0,0.2997083518137003,1.4970668990222218,0.0005378507903011,2.508114473409802,43.05406069013678,39.50703537122424,0.5,0.0,0.12188235745826409,0.07051812647806391,0.000165944825057,2.3913164194902903,35.95113511704204,0.0004621577256782,6.130703342039316,0.15694354188344062,0.0002310788628391,0.00033436842609038263,0.0,0.2668880746087508,7.197092374680629e-05,0.0,19.305672823323636,0.0,0.0,0.0,0.0032957188239608,8.878370547429082,3.784653231147696e-05,66.55977157813011,0.0,0.0008824692500747,0.0002310788628391,0.0,40.861236372335185,0.34126098871677,0.0,1.6031495780046603,0.03662865788540258,47.958760235675925,2.75190016701813,0.0308453404483012,0.2378688694343762,8.297241252850096e-05,0.0,0.0,1.8575320170177552,53.51509256378828,248.57085100817227,0.0,26.470120491138715,0.0,0.000377680528438161,2.846220950689621,0.5525531795388593,0.9985264432763972,15.998569772868205,0.0,0.0,115.47180301485358,0.058967803090230794,24.68176132802148,8.297241252850096e-05,8.599931200550395e-05,2.7731558513588465e-05,100.50828480295817,0.0002310788628391,155.46248303025163,0.0,1.2433635485982868,0.0,0.0,0.22628080374193332,0.0,0.3334471119202033,0.0001034246231365,0.0,0.0,0.0,24.536717266842707,0.0094359944520432,0.0,6.557809082506542e-05,0.0077153383482359,7.529430905053393,0.0001927898685867,20.71963002530633,2.063721730914228,13.422632101405426,19.85993439875429,0.0,54.25659399072079,0.0,2.529272150629087,50.691317397185614,1.406558672757784,201.47208584418473,0.0,0.0007735967562862,2.576253445215176,18.561494282418376,0.4774620667128983,0.1715590997444979,3.5985461873403146e-05,0.0,0.1818181818181818,0.8103174603174603,0.0,7.235393945446006,0.2064780227257824,0.0,8.197109540615921,3.5985461873403146e-05,0.4206052007811743,0.0,0.0,0.0005655645107190039,8.599931200550395e-05,0.0,13.23501327162814,1.1685313913094157,2.847928703698111,0.3576530635777717,1.607184290107099,0.1611721611721611,0.1692112905012752,0.062462141194824704,0.3333333333333333,0.0002310788628391,0.0,0.7685734362973424,0.0004621577256782,0.000857825788175,1.0109659726594846,0.0,0.0004621577256782,0.0,0.3295628833970808,0.5484901208196769,0.0,0.0008591814135743,2.7926288107105277,3.787057407875549,0.0019214752454281,0.008864544468259499,0.2666666666666666,0.0003140512753676,0.2118065064527383,2.5347609660094137,0.0313340692590158,67.34217543075097,33.23744804150726,0.19511139541358938,0.0,0.0,4.2930005143987655,0.6588866145430651,0.007797885705790399,0.088841281779359,0.0,3.5985461873403146e-05,0.0983887585509012,14.23817119407336,18264.414152298952,0.0,0.0,0.4649325303594426,36.55517398505331,0.0,0.0097875427046718,0.9433225003647968,0.0011074197120708,11.590900166839052,8.484519608054155,20.229452830307366,0.1146887917725644,11.861872285019697,0.000165944825057,0.000165944825057,0.1011265706740298,40.58510571689719,3.696981778224424,0.0,4.764821348381916,0.0,21.86586856234969,0.0,0.011887050789809,0.0046549476943302,0.0,0.0,3.784653231147696e-05,0.0,0.00012876329085266725,0.0,0.0,0.0032476701147244,0.0,0.0002310788628391,0.0002310788628391,2.6461749883787844,0.0411337265885492,3.5985461873403146e-05,0.0076926428704961,2.841527717116331,8.297241252850096e-05,26.841742665474143,0.0,0.0,10.956678076719427,0.0749051499500233,37.82188352272126,0.0052953133329594,450.73281097820916,0.07908970175029931,0.0681110979160651,0.0,0.0,0.0077438428989292,0.0,3.973896461130023,0.0,3.784653231147696e-05,0.1675259218276277,0.0,2.3315328378798217,0.0392771439090854,0.0584785191824648
PM,0.0,0.0,0.0,0.0,0.0,0.0,0.0,0.0,0.0,0.0,0.0,0.0,0.0,0.0,0.0,0.0,0.0,0.0,0.0,0.0,0.0,0.0,0.0,0.0,0.0,0.0,0.0,0.0,0.0,0.0,0.0,0.0,0.0,0.0,0.0,0.0,0.0,0.0,0.0,0.0,0.0,0.0,0.0,0.0,0.0,0.0,0.0,0.0,0.0,0.0,0.0,0.0,0.0,0.0,0.0,0.0,0.0,0.0,0.0,0.0,0.0,0.0,0.0,0.0,0.0,0.0,0.0,0.0,0.0,0.0,0.0,0.0,0.0,0.0,0.0,0.0,0.0,0.0,0.0,0.0,0.0,0.0,0.0,0.0,0.0,0.0,0.0,0.0,0.0,0.0,0.0,0.0,0.0,0.0,0.0,0.0,0.0,0.0,0.0,0.0,0.0,0.0,0.0,0.0,0.0,0.0,0.0,0.0,0.0,0.0,0.0,0.0,0.0,0.0,0.0,0.0,0.0,0.0,0.0,0.0,0.0,0.0,0.0,0.0,0.0,0.0,0.0,0.0,0.0,0.0,0.0,0.0,0.0,0.0,0.0,0.0,0.0,0.0,0.0,0.0,0.0,0.0,0.0,0.0,0.0,0.0,0.0,0.0,0.0,0.0,0.0,0.0,0.0,0.0,0.0,0.0,0.0,0.0,0.0,0.0,0.0,0.0,0.0,0.0,0.0,0.0,0.0,0.0,0.0,1.0,0.0,0.0,0.0,0.0,0.0,0.0,0.0,0.0,0.0,0.0,0.0,0.0,0.0,0.0,0.0,0.0,0.0,0.0,0.0,0.0,0.0,0.0,0.0,0.0,0.0,0.0,0.0,0.0,0.0,0.0,0.0,0.0,0.0,0.0,0.0,0.0,0.0,0.0,0.0,0.0,0.0,0.0,0.0,0.0,0.0,0.0,0.0,0.0,0.0,0.0,0.0,0.0,0.0,0.0,0.0,0.0,0.0,0.0,0.0,0.0,0.0,0.0,0.0
PN,0.0,0.0,0.0,0.0,0.0,0.0,0.0,0.0,0.0,0.0,0.0,0.0,0.0,0.0,0.0,0.0,0.0,0.003076923076923,0.0,0.0,0.0,0.0,0.0,0.0,0.0,0.0,0.0,0.0,0.0,0.0,0.0,0.0,0.0,0.0,0.0,0.0,0.0,0.0,0.0,0.0,0.0,0.0,0.0,0.0,0.0,0.0,0.0,0.0,0.0,0.0,0.0,0.0,0.0,0.003076923076923,0.0,0.0,0.0,0.0,0.0,0.0,0.0,0.0,0.0,0.0,0.0,0.0,0.0,0.0,0.0,0.0,0.0,0.0,0.0,0.0,0.0,0.0,0.0,0.0,0.0,0.0,0.0,0.0,0.0,0.0,0.0,0.0,0.0,0.0,0.0,0.0,0.0,0.0,0.0,0.0,0.0,0.0,0.0,0.0,0.0,0.0,0.0,0.0676923076923076,0.0,0.0,0.0,0.0,0.0,0.0,0.0,0.0,0.0,0.0,0.0,0.0,0.0,0.0,0.0,0.0,0.0,0.0,0.0,0.0,0.0,0.0,0.0,0.0,0.0,0.0,0.0,0.0,0.0,0.0,0.0,0.0,0.0,0.0,0.0,0.0,0.0,0.0,0.0,0.0,0.0,0.0,0.0,0.0,0.0,0.0,0.0,0.0,0.0,0.0,0.0,0.0,0.0,0.0,0.0,0.0,0.0,0.0,0.0,0.0,0.0,0.003076923076923,0.0,0.0,0.0,0.0,0.0,0.0,0.2197802197802197,0.0,0.0,0.0,0.0,0.0,0.0,0.0,0.0,0.0,0.0,0.0,0.0,0.0,0.0,0.0,0.0,0.0,0.0,0.0,0.0,0.0,0.0,0.0,0.0,0.0,0.0,0.0,0.0,0.0,0.0,0.0,0.0,0.0,0.0,0.0,0.0,0.0,0.0,0.0,0.0,0.0,0.0,0.0,0.0,0.0,0.0,0.0,0.1428571428571428,0.0,0.0,0.0,0.0,0.0,0.0,0.0,0.0,0.0,0.0,0.0,0.0,0.0,0.0
PS,0.0,0.578524554460618,0.0,0.0151515151515151,0.0,2.470415923744677e-05,0.0013555831104869,6.055445169836314e-06,0.2064299672226978,0.0021463855148957,1.9466991795926396,0.0,0.0,0.0123107200302772,7.225478884176204e-06,1.4450957768352408e-05,0.0323518427982292,0.6710546446669998,0.0476190476190476,3.798508329145928e-05,0.044410872450799804,0.0,7.225478884176204e-06,0.0,1.4450957768352408e-05,0.0,0.0,0.010831141552840502,0.0,0.0,0.0,0.0,0.0,3.027722584918157e-06,2.073560188541028,0.0,1.5138612924590784e-05,0.0,0.0,0.692730087326727,1.025320146909436e-05,0.0,0.0064071207523308995,0.0001193329595315,1.9790574546961335,0.0046127377588991,0.0151864725122216,2.8901915536704812e-05,7.225478884176204e-06,0.0357142857142857,0.0,0.0791528288950232,8.670574661011444e-05,1.2120611353320356,0.0,0.011053785752351102,0.0,0.0002132840243129,0.1505774117101294,0.0019002056510584,8.670574661011444e-05,6.6681543315115395,0.0,0.0,1.4860502475997899,0.0014821410885663125,0.00030442068864239356,6.597988546466974e-05,5.8754406580493536e-05,0.0,1.5794798709488034,0.0,3.470554871067262,0.0,0.0013670063456704,0.0,0.0,7.203533063450604e-05,0.0,0.0,6.055445169836314e-06,0.0,0.0,0.0,0.0003090866418906,0.0003386823486579,0.0,3.027722584918157e-06,0.0,0.0001204930736023,1.025320146909436e-05,5.12660073454718e-05,0.264184292834667,0.0476882746853044,9.560968725175194,0.0,2.2479809785717713,0.0,0.4987615790061894,2.9196899847578175,3.612739442088102e-05,2.508289626883534,0.0,6.083155365832779e-05,8.19700478156018,4.224087619763846,0.0019013756847728,1.4450957768352408e-05,0.0,0.0,0.0,0.0,0.0,0.0494477463998195,0.0425288578945344,0.0,0.0019640649273017,0.0,0.6865789653764516,0.0,0.0,5.8754406580493536e-05,0.0,0.0,8.250799031085639e-05,0.3354733724311476,2.8901915536704812e-05,0.219722776227193,1.6849943187767813,0.0,1.025320146909436e-05,2.8901915536704812e-05,0.0,0.0,0.0,7.225478884176204e-06,0.0,5.174838590357332e-05,0.0,0.0,0.0,0.0,2.7731881822364925e-05,7.225478884176204e-06,0.0,1.4450957768352408e-05,0.027944914367620893,5.39411262873359,1.025320146909436e-05,0.0,0.0,7.225478884176204e-06,0.0,0.0856932825984947,0.0,0.3408014990279066,0.000374378872199,0.0014115292526898,0.0,0.0,0.0110684912567369,0.0338656755898134,2.353412552310688e-05,0.00013706464059209188,0.0,0.0,0.3396774590437262,1.0050184002154656,0.4649325303594426,0.0,0.0,369.1061140049528,0.0151110208295475,0.0,2.050640293818872e-05,0.0678736879095642,0.0,0.428682838477276,0.0025266164297752997,0.0018610897828046935,5.8754406580493536e-05,5.132944994067364,1.4450957768352408e-05,1.4450957768352408e-05,0.7510406541685597,0.0457831713437013,0.0245929761677521,0.0,2.7731881822364925e-05,0.0,0.2517198273859133,0.0,1.4450957768352408e-05,0.0,0.0,0.0,3.027722584918157e-06,0.0,0.0,0.0,0.6583184800820767,0.0,0.0,0.0,0.1666666666666666,2.8901915536704812e-05,1.7478680353270565e-05,0.0,7.225478884176204e-06,0.6219455332758632,7.225478884176204e-06,5.688342642548404,0.0,0.0,6.385927624324594e-05,0.0020305799900263524,1.2110890339672628e-05,0.0019002056510584,17.572062857799693,0.001908601163657,0.0,0.0,0.0,2.6561848108025037e-05,0.0,0.0557154666665144,0.0,3.027722584918157e-06,0.1046871481908434,0.0,0.0027257701528363,0.0,0.0044791832194501
PT,0.0018939393939393,5.860375136627903,3.5985461873403146e-05,0.0,0.0,0.7724254885788189,0.9236482542173807,4.45819685806109,8.606468595303664,16.948950599880305,20.463301627527017,0.0,0.0,0.0194583058526236,0.6778531994869695,0.0001144376284324,0.3949063778710761,37.075352726872104,0.0002310788628391,4.547951627103563,0.1669780509255246,0.0001155394314195,0.0002235511224426566,0.0,0.0001920859922705,0.006041991467879403,0.0,212.84740171597647,0.0,0.0,0.0,0.0020990958840848566,0.49598341111129757,0.0054497422651777,31.414822384765785,0.0,0.0004752965041176,0.0001155394314195,0.0745054945054944,30.067940110279274,0.0118944003203561,0.0,8.124826424768685,0.1933612939244862,36.24995498428835,3.5050812067491544,1.132483089487405,1.1757109684107014,1.8538090225660202,0.0,0.0,2.5560555539866856,12.211048014087549,97.26148235859372,0.0,24.16645287788225,0.0,0.00890654701309295,8.443381313151757,2.305475461316081,3.2545473234466353,2.528086642801632,0.0,0.0,280.2386410750664,0.4325066161098025,20.391961898151283,0.00023348203395763968,0.0003482618437524,0.003739101702733024,95.3378512258895,0.0001155394314195,176.53225562884364,0.0044025561635532,0.08650178099118139,0.0,0.0,0.7469488196553626,0.0,0.0,0.0022915735476390997,0.0,0.0,0.0,18.464117046785304,0.0119997013543347,0.8250360750360751,6.455982389082818e-05,0.0193448419800322,6.500157849382919,0.0001189399180614,12.116401856793717,1.6650005922043742,13.524262317616232,17.89064527299646,0.0,46.43133829874162,0.0,0.0018621587896956,19.768492718023616,0.560103993380776,130.3390199330545,0.0,0.9052813763794798,0.8461059770101051,10.814321647051745,0.4579804670196408,0.0102514997306766,1.7992730936701573e-05,0.0,0.0,0.0,0.0,3.812185645509122,0.0195728902811148,0.0,0.3897820956142428,1.7992730936701573e-05,1.4146296811687171,0.0,0.0,3.389718421018549,0.000171998624011,0.0,3.504161035351695,3.5108100973337484,2.7552658939444843,0.0011355673246717566,5.313455156921597,0.0,0.016752255494802,0.5125067257561736,0.0279720279720279,0.0001155394314195,0.0,2.6245495960803487,0.0002310788628391,0.0011255342328127,5.6816912855725424e-05,0.0361990950226243,0.0002310788628391,0.0,1.627288530736264,0.1530268612575428,0.0,0.0108080980693769,7.018231666783045,0.3313217772333202,15.435474164121985,0.0,0.0,0.0001727582456357,0.2164750761020419,3.399501289478739,0.3590224508841231,60.15623721526954,16.217429786508823,0.012764713977611955,0.0,0.0,2.413238056290723,0.0894568417563016,0.0236948542275316,0.5613530308107328,0.0,1.7992730936701573e-05,0.067619516290788,4.4724806808139865,36.55517398505331,0.0,0.0,0.0151110208295475,9404.614196000191,0.0,0.5456936773731444,0.1499123505484969,0.0011074197120708,13.698758321958302,14.101794669037222,9.455763764172593,0.0007716117997006999,4.559403237914333,0.0001144376284324,0.0001144376284324,0.0365437639763445,21.84829907948403,4.5846223035643465,0.0,7.13044645074811,0.0,3.332824330228819,0.0,0.0118355435931844,0.14423185834221328,0.0,0.0044025561635532,2.5735641971804333e-05,0.0909090909090909,6.843824307675227e-05,0.0,0.6062515262515262,0.0001155394314195,0.0,0.0001155394314195,0.0001155394314195,5.2236409351393895,0.0589272513587279,1.7992730936701573e-05,0.1137274953327899,8.47982750439251,5.7218814216239685e-05,18.25347171627667,0.1666666666666666,0.0,2.5829329588909435,0.3392980981105947,1.0808083209601578,0.0162361555320426,218.0403909680117,2.8864081563543214,0.0014375311418671,0.0,0.0,2.004987790330517,0.0,0.9532255745428422,0.0,0.0022270137237483,0.17020588731441408,0.0,3.782339101866704,0.0002310788628391,0.0012769796172499
PW,0.0,0.0,0.0,0.0,0.0,0.0,0.0,0.0,0.0,0.0,0.0,0.0,0.0,0.0,0.0,0.0,0.0,0.0,0.0,0.0,0.0,0.0,0.0,0.0,0.0,0.0,0.0,0.0,0.0,0.0,0.0,0.0,0.0,0.0,0.0,0.0,0.0,0.0,0.0,0.0,0.0,0.0,0.0,0.0,0.0,0.0,0.0,0.0,0.0,0.0,0.0,0.0,0.0,0.0,0.0,0.0,0.0,0.0,0.0,0.0,0.0,0.0,0.0,0.0,0.0,0.0,0.0,0.0,0.0888888888888888,0.0,0.0,0.0,0.0545454545454545,0.0,0.0,0.0,0.0,0.0,0.0,0.0,0.0,0.0,0.0,0.0,0.0,0.0,0.0,0.0,0.0,0.0,0.0,0.0,0.0,0.0,0.0,0.0,0.5,0.0,0.0,0.0,0.0,0.1272727272727272,0.0,0.0,0.0,0.7696969696969697,0.0,0.0,0.0,0.0,0.0,0.0,0.0,0.0,0.0,0.0,0.0,0.0,0.0,0.0,0.0,0.0,0.0,0.0,0.0,0.0,0.0,0.0,0.0,0.0,0.0,0.0,0.0,0.0,0.0222222222222222,0.0,0.0,0.0,0.0,0.0,0.0,0.0,0.0,0.0,0.0,0.0,0.0,0.0,0.0,0.0,0.0,0.0,0.0,0.0,0.0,0.0,0.0,0.0,0.0,0.0,0.0,0.0,0.0,0.0,0.0,0.0,0.0,0.0,0.0,0.0,0.0,0.0,0.0,3.7083333333333335,0.0,0.0,0.0,0.0,0.0,0.0,0.0,0.0,0.0,0.0,0.0,0.0,0.0,0.0,0.0,0.0,0.0,0.0,0.0,0.0,0.0,0.0,0.0,0.0,0.0,0.0,0.0,0.0,0.0,0.0,0.0,0.0,0.0,0.0,0.0,0.0,0.0,0.0,0.0,0.0,0.0,0.0,0.0,0.0,1.4615079365079366,0.0,0.0,0.0,0.0,0.0,0.0,0.0,0.0,0.0,0.0,0.0,0.0,0.0,0.0
PY,0.0,5.12660073454718e-06,3.5985461873403146e-05,0.0,0.0,5.439298666196284e-05,0.0006138592181589,4.204090704323946e-05,2.6528477263046937,0.0271968163988006,0.22261106268813638,0.0022988505747126,0.0,3.9013184458321305e-05,5.12660073454718e-06,1.025320146909436e-05,0.0053967472840297,0.0541405325784919,3.5985461873403146e-05,6.557503256634633e-05,0.0,1.7992730936701573e-05,0.0222453415538934,0.0,1.025320146909436e-05,0.2143737613319596,0.0,2.619724615055789,0.0,0.0,0.0,0.0222402149531589,3.5985461873403146e-05,0.0027150310341878,0.5763411876497125,0.0,6.91168057346955e-05,1.7992730936701573e-05,0.0066666666666666,1.0007032413320167,2.6147054256166907e-05,0.0,1.4676864936599694,9.684868755706044e-05,0.060730425400694905,0.8041238403990523,0.3464371530316669,0.0854932482457329,5.12660073454718e-06,0.0,0.0,2.56330036727359e-05,0.0778496495543814,0.3575624543910817,0.0,0.0036109566848866,0.0,0.017003876372676502,3.337253314034312e-05,0.11900885235461299,7.951193975126773e-05,0.1009839295253473,0.0,0.0,3.479847385799065,8.315296965118979e-05,0.0001922971559113,5.12660073454718e-06,0.0,0.0,0.7629263934004051,1.7992730936701573e-05,0.1830606800783927,0.0022012780817764997,4.926638592741566e-05,0.0,0.0,0.05186796946035,0.0,0.0,0.0011066944860581,0.0,0.0,0.0,0.011287595996387699,0.1185143296506417,0.0,3.027722584918157e-06,0.1369294126498166,0.0001070026322945,0.0017248120541004,7.675707847072983e-05,0.0003165444212448,6.623101569725522e-05,0.0044314729332688,0.0,0.1503841893380384,0.0,0.0002009477628886,0.0283405904057792,2.56330036727359e-05,0.7169523025520965,0.0,0.003413359323668,0.0223031770569922,0.09094577038940371,0.0033532823867418998,2.824593240579593e-05,1.7992730936701573e-05,0.0,0.0,0.0,0.0,0.3364929898416324,2.6561848108025037e-05,0.0,0.0034147029619551,1.7992730936701573e-05,4.623866334249751e-05,0.0,0.0,0.0066846593976033,0.0,0.0,7.74130616016387e-05,1.7478680353270565e-05,5.649186481159186e-05,3.5985461873403146e-05,0.010632588090796001,0.0,8.154323319465337e-06,2.050640293818872e-05,0.0,1.7992730936701573e-05,0.0,2.3119331671248758e-05,0.005299143356610203,0.101273298370815,1.7992730936701573e-05,0.0,3.5985461873403146e-05,0.0,2.1435247373477856e-05,5.12660073454718e-06,0.0,0.00169369116494,0.5650069211305181,0.0223931833874916,0.00227697194027127,0.0,0.0,2.3119331671248758e-05,0.0021505376344086,0.0013611063911734,0.012708299627941701,0.8977485121001308,0.0051344435763156,0.0034304232101694,0.0,0.0,9.237806995342214e-05,0.0,0.35256225349319,0.4241849582045739,0.0,1.7992730936701573e-05,0.012316900348533,0.0013379870595021,0.0097875427046718,0.0,0.0,2.050640293818872e-05,0.5456936773731444,0.0,48.513740882955275,1.025320146909436e-05,0.0,0.0012345439673015,7.145687316337528e-05,0.0026526781392325,1.7992730936701573e-05,0.0326922949487846,1.025320146909436e-05,1.025320146909436e-05,3.9013184458321305e-05,0.0088872526644227,0.0009774343774353,0.0,5.7420709246881e-05,0.0,0.0073237406552344,0.0,1.025320146909436e-05,0.009204295001059199,0.0,0.0022012780817764997,3.027722584918157e-06,0.0,0.0637634074651574,0.0,0.0,1.7992730936701573e-05,0.0,1.7992730936701573e-05,1.7992730936701573e-05,0.0002544119051153,1.3280924054012515e-05,1.7992730936701573e-05,5.12660073454718e-06,4.152685645980845e-05,5.12660073454718e-06,0.005531958650444401,0.0,0.0,0.0035609037635399,0.0003555794710657,0.0022673671649263,0.001188918611274,10.571664799188369,0.22991949304496728,1.7992730936701573e-05,0.0,0.0,0.0852846198886692,0.0,0.0001257506030937,0.0,0.0011036667634731,2.3119331671248758e-05,0.0,0.0030063607578897,0.0033693187952067,0.0222402149531589
QA,0.0,14.87241504257706,0.2476190476190476,0.0,0.0,1.2352079618723384e-05,0.0010936993662715,0.0051188922502141,0.11928822587991891,2.289198063714513,12.583923381312385,0.0,0.0,0.0014188933846303,4.2739362160838095,7.225478884176204e-06,1.851496496523397,2.0847252460129226,0.0017825311942959,0.0889300666773454,1.1788402592158844,0.0,0.005366444185371788,0.0,0.0303546262755362,0.0,0.0,1.6577479779149886,0.0,0.0,0.0,0.0018199543041487708,0.0032949882355435,1.5138612924590783e-06,15.95524527604284,0.0,7.569306462295392e-06,0.0,0.0,3.638689989590704,0.003570188989326347,0.0,0.054470184602545,0.0069413654667894,11.04680167711467,0.2427801343450039,1.7478680353270565e-05,2.9688820810439383e-05,3.612739442088102e-06,0.0,0.0,3.783172212536787,2.434703540025594,15.521518327158375,0.0,2.964996472811,0.0,0.0092416074490954,0.3786186196920732,0.0409521141929206,0.0004342547188010739,15.981613291240375,0.0,0.0,3.463400613752234,0.0026238222332761003,0.1214504153014049,3.612739442088102e-06,0.0,2.218524681087077e-05,13.964708609419814,0.0,52.58886663647884,0.0,3.092458698750605e-05,0.0,0.0,1.1849841585877372,0.0,0.0,2.5212969395788927e-05,0.0,0.0,0.0,2.706919793730279,0.003086591261535,0.0,0.0476427467271509,0.0,3.173726610413736,5.12660073454718e-06,1.0040511654670778,0.6542128267591939,1.643384301178743,0.1068540803695683,0.0,38.88072245672879,0.0,2.1629372126257516,19.842349245886822,1.806369721044051e-05,31.911511028665373,0.0,0.2666970824434958,23.200380758078783,1.6259325271694653,0.0057837448880796736,0.4285786540503127,0.0,0.0,0.0,0.0,0.0,1.0791628231562975,3.619045297546694,0.0,0.2135114473229545,0.0,10.464405302773713,0.0666666666666666,0.0,0.5001936762219849,0.0,0.0,0.0033315936268029003,0.006548884808894193,0.1598665858331914,0.36859989512060076,0.7750900425137808,0.0,5.12660073454718e-06,1.4450957768352408e-05,0.0,0.0,0.0,0.558022248961797,0.0,0.0002596282836483,2.218524681087077e-05,0.0009661835748792,0.0,0.0,0.1666957704706199,3.612739442088102e-06,0.0,7.225478884176204e-06,0.06526867323222314,14.30009946588853,5.12660073454718e-06,0.0,0.0,3.612739442088102e-06,0.1000221852468108,0.16797226194733753,0.0092307692307692,6.715239360488489,1.204493066118981,1.5263488930715674,0.0,0.0,0.42334485571583036,8.806419399767968,0.00022068114778848696,0.018643166866976788,0.0,0.0,0.5277254458274182,14.58307872134992,0.9433225003647968,0.0,0.0,0.0678736879095642,0.1499123505484969,0.0,1.025320146909436e-05,1510.6645036689433,0.0,0.700121051156277,0.014836361099417635,0.7081538099361431,0.2,25.945699547384418,7.225478884176204e-06,7.225478884176204e-06,3.3744339058072956,4.571681677287806,0.17034238433725318,0.0,1.7010303493983003,0.0,24.51827327365376,0.0,7.225478884176204e-06,0.0,0.0,0.0,1.5138612924590783e-06,0.0,0.0,0.0,2.742267877050486,0.0,0.0,0.0,0.0,1.1181803545062472,8.739340176635283e-06,0.0,3.612739442088102e-06,5.534280558942635,3.612739442088102e-06,4.7356053668322975,0.0,0.0,0.21956015110179689,0.0714357969074556,0.8669887777376266,0.0071209985858826,125.57053878155966,0.5103726809685641,2.218524681087077e-05,0.0,0.0,0.0051291454516832,0.0,0.0005282082344312349,0.0,1.5138612924590783e-06,0.5416546954046241,0.0,0.1992594835054757,0.003076923076923,0.1684491978609625
RE,0.0,0.0,0.0,0.0,0.0,0.0,0.0,0.0,0.0,0.0,0.2890365448504983,0.0,0.0,0.0,0.0,0.0,0.0,1.3711204761179385,0.0,0.0083333333333333,0.0,0.0,0.0,0.0,0.0,0.0,0.0,0.0083333333333333,0.0,0.0,0.0,0.0,0.0,0.0,0.49069643806485896,0.0,0.0,0.0,0.0,0.2960784313725489,0.0,0.0,0.0,0.0,0.0,0.0,0.0,0.0,0.0,0.0,0.0,0.0,0.0,0.0244992325775679,0.0,0.0,0.0,0.0,1.0,0.0,0.0,0.0,0.0,0.0,0.0091702123525868,0.0,0.0083333333333333,0.0,0.0,0.0,11.796263339179035,0.0,0.4258993070912575,0.0,0.0,0.0909090909090909,0.0,0.0,0.0,0.0,0.0,0.0,0.0,0.0,0.0560524746571258,0.0,0.0,0.0,0.0,0.0,0.0,0.0,0.0,0.0011074197120708,0.0011074197120708,0.0,0.6539682539682541,0.0,0.0,0.0,0.0,0.2772148394241417,0.0,0.0,0.0,0.2244370616463639,0.0,0.0,0.0,0.0,0.0,0.0,0.0,0.0022148394241417,0.0,0.0,0.0,0.0,0.0,0.0,0.0,0.0,0.0,0.0,0.0,0.0011614401858304,0.0,0.0,0.0011074197120708,0.0,0.0,0.0,0.0,0.0,0.0,0.0,0.0,0.0,0.0,0.0441176470588235,0.0,0.0,0.0,0.2499999999999999,0.0,0.0,0.0952380952380952,0.0,0.0,0.0,0.0,0.0,0.0,0.0,0.0,0.2274596748280958,0.0011074197120708,0.0,0.0,0.0,0.0294117647058823,0.0,0.0,0.0294117647058823,0.0,0.0,0.0,0.0,0.0011074197120708,0.0,0.0,0.0,0.0011074197120708,0.0,0.0,0.0,31.725059946222423,0.0,0.0011074197120708,0.0,0.0,0.0,0.0,0.0,0.0,0.0444444444444444,0.0,0.0,0.0,0.0,0.0,0.0,0.0,0.0,0.0,0.0,0.0,0.0,0.0,0.0,0.0,0.0,0.0,0.0,0.0,0.1428571428571428,0.0,0.0,0.0,0.0,0.0,0.0,0.0,0.0,0.0,0.0,0.0,0.0,0.3192398720550494,0.0,0.0,0.0,0.0,0.0,0.0,0.0181818181818181,0.0,0.0,0.0,0.0,0.0444444444444444,0.0,0.0
RO,0.0026455026455026,0.9443840144739518,5.397819281010472e-05,0.0095238095238095,0.0,0.2722548658869365,0.0359589164034437,0.000370840074938,0.3900145258197335,13.601353208667181,13.708492447763117,0.0,0.0047619047619047,0.0061286878806452,0.14410467327957288,5.570495292378061e-05,2.1053573808328316,12.886522209202747,0.333679951627592,9.903825148444412,0.3686122429345523,0.0001733091471293,0.0002468752127174609,0.0,0.0001666311869781,5.397819281010472e-05,0.0277777777777777,3.9973554559337128,0.0,0.0,0.0,0.046483179120799495,0.2101912941587608,0.0027241142019424998,7.293120354472814,0.0,0.002879332467799,0.0001733091471293,0.6,12.512460859841934,0.0002132725139308,0.0,1.5660576635345413,0.7127971049044283,16.86383344094032,0.1012178276356278,0.0096864303067414,0.0014987888036736,2.7852476461890304e-05,0.0,0.0,2.002807541833238,5.746296445949747,47.381942111558104,0.0,3.894312935471027,0.0,0.020302538346262403,2.8362713553756165,1.6520632611262913,0.2286748583171711,5.76456470778013,0.0,0.0,18.80669766042751,0.0765713503446533,2.389945081003447,2.7852476461890304e-05,0.0,0.001905601877434177,44.83073546859123,0.0001733091471293,32.50647650826734,0.6022012780817765,0.0565624232217309,0.0,0.0,0.1192138612159645,0.0,0.0,0.0011803239385947,0.0,0.0,0.0,27.770743199915614,0.0120046709599975,0.0,6.757400736684955e-05,0.0083873115261434,2.56994284201867,9.394155961166766e-05,32.81210560014074,0.0896393186148417,2.4870234297181435,4.796392343299938,0.0,27.04686849118439,0.0,1.2068026476205824,7.326939212683468,3.6239355796858943,64.68685520330698,0.0,0.0479079565138924,0.5578200994774823,6.860354071585796,0.6477249576181495,0.0367749889176387,2.698909640505236e-05,0.0,0.0,0.0,0.0,3.081867289625511,0.000563051681076961,0.0,0.7471773564883007,2.698909640505236e-05,0.9724777236086348,0.0,0.0222222222222222,0.0014474629436082,0.0,0.0,0.1907951237558623,0.4682311691184497,1.3484550545154144,0.001126854503000961,1.3874520939869008,0.0,6.13225311040452,0.0594829786140397,0.0,0.0001733091471293,0.0,0.1136808852940929,0.0003466182942586,0.0002255871274208,0.00674911888009883,1.0403460991696285,0.0003466182942586,0.0,0.4973662944499594,2.7852476461890304e-05,0.0,0.0022050921649726,4.724718340508221,1.8511729331262836,0.0005598908081895,0.0066021010293455,0.0,0.0002011616235912,5.546311702717693e-05,0.5474335200257215,0.0017694331261571,11.90311240295767,8.743240515531234,0.140630950889214,0.0,0.0,0.6804946841620265,0.5429788785154237,0.0017327494688681002,0.1711078124894127,0.0,2.698909640505236e-05,0.1849592590329833,11.662341431753202,11.590900166839052,0.0,0.0,0.428682838477276,13.698758321958302,0.0,0.0012345439673015,0.700121051156277,0.0,5306.325953889727,4.925275328617031,6.415882362710273,0.4021804251248335,3.959460926820057,5.570495292378061e-05,5.570495292378061e-05,0.0450295267965724,6.8312351597476155,1.630158369536923,0.0,1.9992499212977743,0.0,2.438233826170909,0.0,0.0190608716059043,0.0009184366053743001,0.0,0.0022012780817764997,1.2110890339672628e-05,0.0,0.0221129203108161,0.0,0.0478632478632478,0.0009274569601006,0.0,0.0001733091471293,0.0001733091471293,0.5366556595627698,0.0412240220711442,2.698909640505236e-05,0.0130286707541355,0.026290654305084798,2.7852476461890304e-05,12.067096946886139,0.0,0.0,0.876669782374046,0.0059395180653883,5.063176992824895,0.0107283643469377,89.968110422106,0.012074950834755,0.0284849063124807,0.0,0.0,0.0039145969159302,0.0,0.7770762247703779,0.0,0.0011127499312279,0.0001103046898941,0.0,6.3232740055755166,0.0061945715106329,0.0039611879350081
RS,0.0,1.0924365387896604,5.397819281010472e-05,0.0095238095238095,0.0,0.49082233766728883,0.4704588820121212,0.000351159878136,0.2858842395344283,8.029522896358962,5.571122149188626,0.0,0.0,0.10586458432151151,32.625138793223854,1.293709647589333e-05,0.0249326925403647,3.5732256901560833,0.0003466182942586,5.373830681516552,0.00044933903789109997,0.0001733091471293,0.0002051741337706783,0.0,4.621496669219948e-05,5.397819281010472e-05,0.0,5.41399308929286,0.0,0.0,0.0,0.0009694923336121999,0.3860366258729171,2.2707919386886176e-06,3.0233134889842623,0.0,0.002830131975794,0.0001733091471293,0.0,12.104764493222019,0.0001820484873059,0.0,1.2349429192157038,0.00840316296431648,11.741263054484932,0.0317665504081339,0.2056495242864918,0.004886618822926578,6.468548237946665e-06,0.0222222222222222,0.0,0.7207723670048184,6.636258744457346,51.66547388763611,0.0,3.5973251994109825,0.0,0.7529532631055353,0.019525340765153498,0.3931519396204053,0.4050156836450751,0.7807653495961008,0.0,0.0,24.451039967633207,0.3808710678633494,1.9103316306619391,0.00012397736139884666,0.0003755067491774,1.6638935108153077e-05,13.673645446262924,0.0001733091471293,24.935013913146562,0.0,3.1412181997917115,0.0,0.0,0.011177361553826799,0.0,0.0,2.1180518985530316e-05,0.0,0.0,0.0,18.520399059059773,0.006083501881640973,0.0,1.890972704684169e-05,5.397819281010472e-05,15.601919582399653,6.271753298674e-05,6.04251518625848,0.704135291857125,2.6431230812216424,1.6778715716853467,0.0,5.320581728085076,0.0,0.0043966028690533,1.6439294070565065,0.1250125386969953,47.50003823622595,0.0,0.0001079973706523,0.2498847545692925,2.415518856659427,0.0035938947900175998,0.03648688784708193,2.698909640505236e-05,0.0,0.0,0.0,0.0,1.7605073216382687,0.0011854476575570783,0.0,1.6028755426998547,2.698909640505236e-05,0.094511812391554,0.0,0.0222222222222222,0.0012580238199167,0.0002579979360165,0.0,0.5915834836347859,0.7563377814737167,1.0124612494385095,0.2165818173412942,0.24852097413538196,0.0,0.2149230803811002,10.669617724744237,0.0001831501831501,0.0001733091471293,0.0,3.90031495380527,0.0003466182942586,7.419589843124844e-05,4.362803151320544e-05,0.0,0.0003466182942586,0.0,0.4443951549144362,0.19048265902442835,0.0,0.0006286499784769268,0.5858914429786792,2.0927109083277116,0.0005286667815646,0.0007541478129713,0.0,0.0001797776953672,0.0052797968298449,0.5998310980608633,5.397819281010472e-05,5.568015141740131,1.8483025927833683,0.1690878673473244,0.0,0.0,0.09810838282951109,0.3700533083613578,0.0004456796843480647,0.0241773380050876,0.0,2.698909640505236e-05,0.059005822567383,1.7274996382936392,8.484519608054155,0.0,0.0,0.0025266164297752997,14.101794669037222,0.0,7.145687316337528e-05,0.014836361099417635,0.0011074197120708,4.925275328617031,2638.901771143206,8.904156569467174,0.0008124726615114999,5.707657715627687,1.293709647589333e-05,1.293709647589333e-05,0.0003602067445738,4.910817279590672,0.0798426922578038,0.0,12.925683616928355,0.0,11.800341375336059,0.0,0.0117340430612279,0.0003466182942586,0.0,0.0,2.2707919386886176e-06,0.0,9.454416931429112e-05,0.0,0.000234187051585,0.0009274569601006,0.0,0.0001733091471293,0.0001733091471293,0.851636113221357,0.0329232768597428,2.698909640505236e-05,0.1529759152584303,0.5469114706115694,6.468548237946665e-06,12.969258512153568,0.0,0.0,0.5010792133491129,0.0008794828321225,0.247303984044379,0.0007527506423821782,44.19717006151922,0.0192859030155237,0.0211802537784498,0.0,0.0,0.0025371129377700003,0.0,0.467505074042693,0.0,2.2707919386886176e-06,0.005023304478353852,0.0,0.1507743440988557,0.0003466182942586,0.0001733091471293
RU,0.0,4.72616124191069,0.3612190674967313,0.0761904761904762,0.0,0.0926738382186134,9.808877749588422,0.0007204860917816,1.3124553495414826,25.038216260041636,18.27485280048646,0.0,0.0,5.665140813313366,0.0608521111689771,6.083155365832779e-05,0.6991256657879656,15.433852943105911,0.0006932365885173,17.080632533160834,0.17645132589845158,0.0003466182942586,1.0004024305094912,0.0,0.0001606651643072,0.0001079563856202,0.0222222222222222,9.979817625124612,0.0,0.0,0.0,0.00363913353815,34.64198381889188,0.006459081834490701,29.99211860064748,0.0,0.0011079786409366,0.0003466182942586,0.0,23.121093037567682,0.0053167671971041,0.0,0.6822199165219311,0.522951064005923,116.08578329293425,1.4430113470182908,1.0174574579766575,0.8745911207557634,3.041577682916389e-05,0.0303030303030303,0.0,1.2979324377067138,24.177235248897595,163.6075469007266,0.0,8.625898456716781,0.0151515151515151,0.26742771325493075,1.7371638242363956,2.2701916992743785,1.2080002286369584,6.423992881502945,0.0,0.0,25.487369317152478,2.58483438328155,12.582135574665422,0.23146171920301747,0.0001447537185859,0.0037501943261384592,90.39549627054271,0.0003466182942586,93.9559838804802,0.0049132813933795,2.0322504826176373,0.0,0.0,0.3860006080638883,0.0,0.0,0.0303115847830562,0.0,0.0,0.0,11.768326722862309,0.0087999117650664,0.0,6.354155695659093e-05,0.0001079563856202,3.9336129796747796,0.0001519969140815,5.821901895348851,1.8463715044066806,5.007222504521848,25.629892136612114,0.0,83.27624022518174,0.0,14.133337812721779,34.52106839805404,0.0175007425664525,72.40021298796113,0.0,0.050447009158125306,0.9988366885934983,29.57921362669621,0.0673394404237738,5.8266343117709445,5.397819281010472e-05,0.0,0.0,0.0595959595959596,0.0,19.57349759093041,0.0058960622144826995,0.0,35.03688665304384,0.0007153174047142,1.254240016567567,0.0,0.0512820512820512,0.0014017166559939,8.599931200550395e-05,0.0,3.685344074617732,0.5054950389614623,7.701108930250777,0.0009043617327629782,1.8554264915289014,0.0,3.3570785991999093,0.1892742521961216,0.0,0.0003466182942586,0.0,0.2353837193110971,0.0036962395915203,0.0366856028905546,1.6276287756218268,0.003003003003003,0.0006932365885173,0.0,0.0830573037345923,0.2271366428830562,0.0,0.0047107540332823,12.128871192872841,4.3141273456130484,0.0010838954112373,0.0007541478129713,0.0,0.0003770340710878,0.01909753585294346,3.861753171795849,0.1103655601576599,10.876725770445663,9.827413793170683,0.5051488319641456,0.0,0.0,9.007430927461797,0.203492559053941,0.061169053033396696,0.6572676309607092,0.0,5.397819281010472e-05,0.5294873371780427,5.814106257241552,20.229452830307366,0.0,0.0,0.0018610897828046935,9.455763764172593,0.0,0.0026526781392325,0.7081538099361431,0.0,6.415882362710273,8.904156569467174,18446.870882481293,0.0006000066416031,8.733258847977549,6.083155365832779e-05,6.083155365832779e-05,0.0208297554995547,48.421150416896566,3.634051371851858,0.0,4.3265403935024835,0.0,9.12990606455058,0.0049261083743842,0.0616948141264782,0.0083431688007327,0.0,0.0049132813933795,1.3624751632131706e-05,0.0,0.015316263904241161,0.0,0.0,0.0011007661072299,0.6666666666666666,0.0003466182942586,0.0003466182942586,2.4068475657570825,1.5674081223515717,0.0003846477987621,0.1714283807171482,0.0072272079849127,3.041577682916389e-05,13.262061719605382,0.0,0.0,23.10501071695706,0.005409013718694,38.297630819552424,0.1002907794586463,294.4380336807814,0.0673037841258718,13.786789235052016,0.0,0.0151515151515151,0.0806871634358781,0.0,13.42145909498366,0.0,0.0024702654483218,0.356251759016809,0.0,6.549082060932173,0.0483122842075649,0.1789180468656872
RW,0.0,0.000343997248022,1.7992730936701573e-05,0.0,0.0,0.0001211982606077,0.0001155394314195,0.0011256404415205,0.0043436595236609,0.0077074845233646,0.8815289842034945,0.0,0.0,1.7992730936701573e-05,0.0,0.0,0.00011273259939059826,1.0882718275877077,0.0001155394314195,0.0002130861319024,0.000171998624011,0.6667244363823764,0.0029067725647126,0.0,0.0,1.7992730936701573e-05,0.0,0.2080000320693754,0.0,0.081085581085581,0.0,0.48801094714257137,0.0001155394314195,0.0,6.931482236692757,0.0,1.102818811792632,0.002906772564712579,1.2065046740640168,0.6831459680552222,0.0050573101991211004,0.0,2.698909640505236e-05,0.3468826566768214,1.646244367256596,0.0022638425882689,8.996365468350786e-06,1.7992730936701573e-05,0.0395604395604395,0.0,0.0,0.0,0.0030506061420733,1.2230149539807278,0.0,0.14331144523967929,0.0,0.001911932124876,0.0021367261424921936,2.698909640505236e-05,0.00022976833972077887,0.007569154598009,0.0,0.0,1.0228375087783,1.906374074876525,0.0033937399691655002,5.8754406580493536e-05,0.0002307530305915,0.0,3.928534873967096,5.776971570977887e-05,2.0711530423231155,0.0,0.0001155394314195,0.0,0.0,0.5149058000637091,0.0,0.0,0.0,0.0,0.0,0.0,0.0001797559342315505,0.0010750751833679,0.0,0.0217391304347826,1.7992730936701573e-05,5.776971570977887e-05,1.7992730936701573e-05,0.0477345870504671,0.0081956950435309,0.0001483109827216,0.0055264495418762,0.0,0.8904329611904767,0.0,0.00038846745732375865,0.016519885478477703,0.0,1.0877600743442137,0.0,1.7992730936701573e-05,0.0002487457615282016,0.863433059922457,2.9313214879259735,8.996365468350786e-06,8.996365468350786e-06,0.0,0.0,0.0,0.0,0.002834944247242,1.1317658376481908e-05,0.0,0.0222312185876905,8.996365468350786e-06,0.0259104009762861,0.0,0.0,0.0315026893546519,0.000171998624011,0.0,6.342854489801983e-05,1.1317658376481908e-05,0.0001155394314195,0.002169694426751,1.6065529408803771,0.0,0.0,0.0,0.0,0.048361318019258,0.0,5.776971570977887e-05,0.0042862790860301,8.996365468350786e-06,8.996365468350786e-06,0.0,0.0011256404415205,0.0,0.0,0.0046332894158981,0.0,0.0273238467815379,0.0752779558181008,0.6157369065682536,0.0048065985630274,0.0323232323232323,0.0,5.776971570977887e-05,0.0,1.3814367925431903,1.7992730936701573e-05,1.054431952341354,0.0004060315594621789,0.0117089346018799,0.0,0.0,0.0029292427010102,0.0,1.7992730936701573e-05,0.037919945428031704,0.0,0.0073619375419389,0.0233938511786145,0.0028943800076205,0.1146887917725644,0.0,0.0,5.8754406580493536e-05,0.0007716117997006999,0.0,1.7992730936701573e-05,0.2,0.0,0.4021804251248335,0.0008124726615114999,0.0006000066416031,152.32805223467048,0.7993395550959773,0.0,0.0,0.07740890297798,2.955311392135153,0.0010977105001209,0.0,0.027910293696762,0.0,0.0001155394314195,0.0,0.0,0.331463825563669,0.0,0.0,0.0,0.0,0.0010750751833679,0.0,0.0,0.0191053887633288,0.0,5.776971570977887e-05,0.0286291982871383,0.0529093595057594,0.0,8.996365468350786e-06,0.0,0.0911093107672508,0.0,0.154822935746531,0.0,0.0,0.3347456125671234,2.829576633010726,0.0129938219676421,2.4560941119591275,31.895188440655343,8.996365468350786e-06,8.996365468350786e-06,0.0,0.0,1.7992730936701573e-05,0.0,0.0024956787689579,0.0,0.0,0.00023974939605985078,0.0,1.2670308256927343,0.2222430275966435,0.07136786365077391
SA,0.0,57.33647456277249,0.6672798527057406,0.0,0.0,8.611977410680433e-05,1.8937214951437114,0.0357593543439138,0.7348988417672636,5.245187568640754,55.384331840935644,0.0,0.0,0.0193696019260677,1.0495926911109041,1.9577558502899587e-05,40.37329258905551,6.068675107505757,3.5985461873403146e-05,0.5698420761391404,16.03800847723026,1.7992730936701573e-05,0.06396746327588396,0.0,0.2904885044099294,0.002334836036586,0.0,8.27763395365384,0.0,0.0,0.0,1.6361326810393593,1.2425588969663046,0.0151560567353925,88.04618326124762,0.0,0.0084100194455303,1.7992730936701573e-05,0.0092307692307692,3.9044265719414786,0.0128528359145783,0.0,1.5768230896026618,0.11614160941224046,175.8457778746184,1.8599269344053944,0.005515198561665,0.3388350404406552,9.788779251449794e-06,0.0,0.0,2.2587946009571045,4.52269899112934,32.293720309753596,0.0714285714285714,1.6602870717228038,0.0,0.0044358851848889744,13.402835139699233,1.3213779923658229,1.0413465592533409,1035.5598104753055,0.0,0.4,18.188779204637616,8.940492461497392,7.210978652032001,0.6668527186656594,0.0001762632197414,0.0714895808573013,36.181017254032675,1.7992730936701573e-05,175.39164616705872,0.0,0.9280948946383432,0.0,0.0,2.4796291368517225,0.0,0.0,0.1778478703742624,0.0,0.0,0.0,12.211331763944965,0.0751472262561105,0.0,0.4762560272030834,3.5985461873403146e-05,0.1943615295382814,5.0315825002230175e-05,2.283236565022147,11.750208379450562,17.71273008328206,0.711287837095173,0.0,1001.8589280625367,0.0,60.65540369126758,16.674377782604722,0.1439976698095919,60.05487045149223,0.0,0.0001188372797623,72.34737616880221,31.252255806086982,0.9126020593985269,1.618707077779312,0.0936687863817303,0.3333333333333333,0.1989010989010989,0.0,0.0,90.15269041720703,14.649422858175706,0.0,3.0102376121267715,0.0004588855388727,13.174903912388586,0.0,0.0,1.0638965847467508,0.4095238095238095,0.0,0.6987210761269764,0.0065820118769672215,0.3334257242140928,6.268836085163315,17.059795170440687,0.3058608058608059,1.433036312882703e-05,3.915511700579917e-05,0.0,1.7992730936701573e-05,0.0,0.0223190049399315,3.5985461873403146e-05,0.0520352717452454,0.0002994485636346,0.0,3.5985461873403146e-05,0.0,0.27654611883919256,0.2291140178834804,0.1428571428571428,0.19614558716817193,3.9488895581563748,126.71877911252486,6.830855593893176e-05,0.0,0.0,0.1901792966617033,6.100942872989462e-05,12.409625468306562,0.0031129085387964,10.814382085353362,3.698521233520193,1.8174448146607927,0.0,0.0,2.7485087079765433,15.614454296932577,0.004374546803175032,2.238529214475686,0.0,0.2476370403499843,0.3733404387286788,396.8494843907124,11.861872285019697,0.0,0.0,5.132944994067364,4.559403237914333,0.0,0.0326922949487846,25.945699547384418,0.0,3.959460926820057,5.707657715627687,8.733258847977549,0.7993395550959773,11880.643267384938,1.9577558502899587e-05,1.9577558502899587e-05,61.40238592341805,17.3264740819925,12.359773787536414,0.0,0.3704442294837283,0.0,4.659847419651573,0.0,1.9577558502899587e-05,0.002334836036586,0.5,0.0,4.541583877377235e-06,0.0,0.3333855451858084,0.0,3.908111407419713,1.7992730936701573e-05,0.0,1.7992730936701573e-05,1.7992730936701573e-05,5.224154537536415,2.4119142380276823e-05,0.0002384391349047,9.788779251449794e-06,38.33401373417741,9.788779251449794e-06,34.5097951984076,0.2837162837162836,0.0,20.43051561973872,0.906808209927984,2.3139920245326215,0.8666489955294028,349.9464227064181,0.386543158880984,2.469783148054385,0.0,0.0,0.13735812041363998,0.0,8.29639736166137,0.0,4.541583877377235e-06,18.200961860643563,0.0,21.45282416360932,0.6000359854618733,0.2295029509561618
SB,0.0,3.612739442088102e-06,0.0,0.0,0.0,1.2352079618723384e-05,3.027722584918157e-06,3.027722584918157e-06,3.554237756371107e-05,7.318363327705118e-05,1.5112029434584557,0.0,0.0,1.5138612924590783e-06,3.612739442088102e-06,7.225478884176204e-06,1.806369721044051e-05,0.0667464907619707,0.0,1.899254164572964e-05,0.0,0.0,3.612739442088102e-06,0.0,7.225478884176204e-06,0.0,0.0,0.0002651052895849,0.0,0.0,0.0,0.0,0.0,1.5138612924590783e-06,7.469749456951024e-05,0.0,7.569306462295392e-06,0.0,0.0,8.763459104540357e-05,5.12660073454718e-06,0.0,2.4119142380276823e-05,2.7731881822364925e-05,0.0002186220553958,3.740006643428934e-05,1.7478680353270565e-05,1.4450957768352408e-05,3.612739442088102e-06,0.0,0.0,1.806369721044051e-05,4.335287330505722e-05,0.000152766539302,0.0,0.000165944825057,0.0,1.0838218326264304e-05,1.0838218326264304e-05,1.025320146909436e-05,4.335287330505722e-05,1.806369721044051e-05,0.0,0.0,0.0001972894463214,6.6404620270062585e-06,0.0001228331410309,0.3666702794061087,0.0,0.0,0.0001321574980648,0.0,0.0002201359166883,0.0,8.739340176635283e-06,0.0,0.0,6.6404620270062585e-06,0.0,0.0,3.027722584918157e-06,0.0,0.0,0.0,9.578891436486892e-05,9.668184611924416e-06,0.0,1.5138612924590783e-06,0.0,6.024653680115784e-05,5.12660073454718e-06,2.56330036727359e-05,1.9577558502899587e-05,3.461353312842194e-05,3.554237756371107e-05,0.0,0.0001743403376555,0.0,1.5138612924590783e-06,0.000315581003475,1.806369721044051e-05,0.0002222347948379,0.0,3.041577682916389e-05,2.983075997199395e-05,7.015591069213301e-05,1.0838218326264304e-05,7.225478884176204e-06,0.0,0.0,0.0,0.0,0.0,4.183901201259814e-05,1.7478680353270565e-05,0.0,4.218283959071733e-05,0.0,7.225478884176204e-06,0.0,0.0,0.0,0.0,0.0,4.12539951554282e-05,1.293709647589333e-05,1.4450957768352408e-05,0.0,1.025320146909436e-05,0.0,5.12660073454718e-06,1.4450957768352408e-05,0.0,0.0,0.1,3.612739442088102e-06,0.0,2.587419295178666e-05,0.0,0.0,0.0,0.0,1.3865940911182462e-05,3.612739442088102e-06,0.0,7.225478884176204e-06,5.419109163132153e-05,8.367802402519628e-05,5.12660073454718e-06,0.0,0.0,3.612739442088102e-06,0.0,1.7478680353270565e-05,0.0,0.0001108248889903,9.90578262288378e-05,3.100079368633384e-05,0.0,0.0,0.3333730734671963,0.0,1.176706276155344e-05,3.915511700579917e-05,0.0,0.0666666666666666,2.8901915536704812e-05,1.3865940911182462e-05,0.000165944825057,0.0,0.0,1.4450957768352408e-05,0.0001144376284324,0.0,1.025320146909436e-05,7.225478884176204e-06,0.0,5.570495292378061e-05,1.293709647589333e-05,6.083155365832779e-05,0.0,1.9577558502899587e-05,3.794243558965902,7.225478884176204e-06,1.5138612924590783e-06,0.0001047694438205,6.234541495078687e-05,0.0,1.3865940911182462e-05,0.0,1.9577558502899587e-05,0.0,7.225478884176204e-06,0.0,0.0,0.0,1.5138612924590783e-06,0.0,0.0,0.0,0.0,0.0,0.0,0.0,0.0,1.4450957768352408e-05,8.739340176635283e-06,0.0,3.612739442088102e-06,1.5964819060811486e-05,3.612739442088102e-06,3.76412557133401e-05,0.0,0.0,3.192963812162297e-05,7.225478884176204e-06,6.055445169836314e-06,1.025320146909436e-05,0.1112310191678562,1.4450957768352408e-05,0.0,0.0,0.0,1.3280924054012515e-05,0.0,5.057835218923343e-05,0.0,1.5138612924590783e-06,3.612739442088102e-06,0.0,4.066897829825825e-05,0.0,0.0
SC,0.0,3.612739442088102e-06,0.0,0.0,0.0,1.2352079618723384e-05,3.027722584918157e-06,3.027722584918157e-06,3.554237756371107e-05,7.318363327705118e-05,9.183234734466164e-05,0.0,0.0,1.5138612924590783e-06,3.612739442088102e-06,7.225478884176204e-06,1.806369721044051e-05,7.982409530405742e-05,0.0,1.899254164572964e-05,0.0,0.0,0.028171908974099803,0.0,7.225478884176204e-06,0.0,0.0,0.0002651052895849,0.0,0.0,0.0,0.0,0.0,1.5138612924590783e-06,7.469749456951024e-05,0.0,7.569306462295392e-06,0.0,0.1740196078431371,1.6741136086170194,0.0365737948419024,0.0,2.4119142380276823e-05,2.7731881822364925e-05,0.0002186220553958,3.740006643428934e-05,1.7478680353270565e-05,1.4450957768352408e-05,3.612739442088102e-06,0.0,0.0,1.806369721044051e-05,4.335287330505722e-05,0.0940743759569405,0.0,0.000165944825057,0.0,1.0838218326264304e-05,1.0838218326264304e-05,1.025320146909436e-05,4.335287330505722e-05,1.806369721044051e-05,0.0,0.0,0.0001972894463214,0.028241975369861498,0.0001228331410309,3.612739442088102e-06,0.0,0.0,0.686941869525168,0.0,0.3283452052357271,0.0,0.0033420726735099,0.0,0.0,0.0532533937087802,0.0,0.0,0.0073559688990555,0.0,0.0,0.0,9.578891436486892e-05,9.668184611924416e-06,0.0,1.5138612924590783e-06,0.0,6.024653680115784e-05,5.12660073454718e-06,2.56330036727359e-05,1.9577558502899587e-05,3.461353312842194e-05,3.554237756371107e-05,0.0,0.40017434033765553,0.0,1.5138612924590783e-06,0.0136489143368084,1.806369721044051e-05,0.0002222347948379,0.0,0.0342295499759633,2.983075997199395e-05,7.015591069213301e-05,0.2672887400176979,7.225478884176204e-06,0.0,0.0,0.0,0.0,0.0,4.183901201259814e-05,1.7478680353270565e-05,0.0,4.218283959071733e-05,0.0,7.225478884176204e-06,0.0,0.0,0.0,0.0,0.0,4.12539951554282e-05,1.293709647589333e-05,1.4450957768352408e-05,0.0,1.025320146909436e-05,0.0,5.12660073454718e-06,1.4450957768352408e-05,0.0,0.0,0.0,3.612739442088102e-06,0.0223529411764705,2.587419295178666e-05,0.0,0.0,0.0,0.0,1.3865940911182462e-05,0.0612476056559346,0.0,0.0330158834875421,5.419109163132153e-05,8.367802402519628e-05,0.028173422835392203,0.0208823937313639,0.0,3.612739442088102e-06,0.0,0.0499028873892913,0.0,0.0001108248889903,9.90578262288378e-05,3.100079368633384e-05,0.0,0.0,3.974013386296912e-05,0.0,1.176706276155344e-05,3.915511700579917e-05,0.0,0.0,2.8901915536704812e-05,1.3865940911182462e-05,0.000165944825057,0.0,0.0,1.4450957768352408e-05,0.0001144376284324,0.0,1.025320146909436e-05,7.225478884176204e-06,0.0,5.570495292378061e-05,1.293709647589333e-05,6.083155365832779e-05,0.0,1.9577558502899587e-05,7.225478884176204e-06,5.130275710957133,1.5138612924590783e-06,0.0001047694438205,6.234541495078687e-05,0.0,1.3865940911182462e-05,0.0,1.9577558502899587e-05,0.0,7.225478884176204e-06,0.0,0.0,0.0,1.5138612924590783e-06,0.0,0.0,0.0,0.0,0.0,0.0,0.0,0.0,1.4450957768352408e-05,8.739340176635283e-06,0.0,3.612739442088102e-06,1.5964819060811486e-05,3.612739442088102e-06,3.76412557133401e-05,0.0033333333333333,0.0,3.192963812162297e-05,0.0033405588122175,6.055445169836314e-06,0.0645875794512949,0.3311907670223409,1.4450957768352408e-05,0.0,0.0,0.0,1.3280924054012515e-05,0.0,5.057835218923343e-05,0.0,1.5138612924590783e-06,3.612739442088102e-06,0.0,0.3114841725290839,0.0,0.08843189699428759
SD,0.0,5.867914393673684,3.5985461873403146e-05,0.0,0.0,0.0002454242438005,0.0015821203894487,0.0204346129261517,0.0006642030424618,1.0670889722363652,2.445622866262393,0.0,0.0,3.674239251963269e-05,7.569306462295393e-07,1.5138612924590783e-06,0.1248592157863261,0.045863353645327,0.0002310788628391,0.0004314707783284,0.9982570262969537,0.0001155394314195,0.0001162963620657,0.0,1.5138612924590783e-06,3.5985461873403146e-05,0.0,0.7798161266084764,0.0,0.0,0.0,0.0246648809222902,0.0002310788628391,7.569306462295393e-07,1.1731977070832758,0.0,0.0487317317636012,0.0001155394314195,0.0,0.2509663295170551,0.0097244050053268,0.0,0.0084414164628636,0.0949016564044826,5.034413529651481,0.0352004054736117,2.253431481407881e-05,3.9013184458321305e-05,0.0095245664544557,0.0151515151515151,0.0,0.0102659264943203,0.13612657546818152,3.44876637882545,0.0,0.0004500079291743,0.0151515151515151,3.825625381209176e-05,0.1501249214827381,0.0006835723314351,0.0001246225991743,7.191415876341804,0.0,0.8333333333333333,0.8489189065427962,0.2462814651161203,0.0007823169012176,7.569306462295393e-07,0.0,0.0,3.4955144737090587,0.0001155394314195,9.006105811309126,0.0,0.0015828773200949,0.0,0.0,0.432916421866097,0.0,0.0,1.5138612924590783e-06,0.0,0.0,0.0,0.408184651375448,3.977011510455085e-05,0.0,7.569306462295393e-07,3.5985461873403146e-05,0.2667965877803646,3.749932316586222e-05,0.0280164259470791,0.5488995229268829,2.5393626207688667,0.0709903278081812,0.0,1.0955819865610357,0.0,1.0224110351179723,0.5663979721583007,3.784653231147696e-06,5.833693611313011,0.0,0.0077968573158868,0.8090398891730185,0.5070668287903493,0.0529299189023981,1.9506592229160653e-05,1.7992730936701573e-05,0.0,0.0,0.0,0.0,1.2318966519375947,1.237173092086473,0.0,0.0228773783982462,1.7992730936701573e-05,0.4075621334082038,0.0,0.0,1.7992730936701573e-05,0.0,0.0,0.0001359402575507,2.490610869165243e-05,0.000234106585424,0.5092654972278863,0.0629872585834625,0.0476190476190476,1.5138612924590783e-06,3.027722584918157e-06,0.0,0.0021357414516215,0.0,0.0001162963620657,0.0042714829032431,2.253431481407881e-05,1.7992730936701573e-05,0.0065359477124183,0.0022512808830411,0.0,3.784653231147696e-06,0.0056441473566453,0.0,0.029175525181727,0.0206068357219724,4.739517664738807,0.3393248559148836,0.0098883572567783,0.0,0.0001162963620657,0.0,0.9034382222062449,3.5985461873403146e-05,0.5376642449823521,2.4285638619166425,0.0087625024797676,0.0,0.0,0.0001688059411232,0.08775900790419841,3.977011510455085e-05,0.1430281606033279,0.0065359477124183,0.0073709339074072,0.0385055124200503,2.997374090706139,0.1011265706740298,0.0,0.0,0.7510406541685597,0.0365437639763445,0.0,3.9013184458321305e-05,3.3744339058072956,0.0,0.0450295267965724,0.0003602067445738,0.0208297554995547,0.07740890297798,61.40238592341805,1.5138612924590783e-06,1.5138612924590783e-06,441.39245643708506,0.0540470571750188,0.0152471529291728,0.0,0.0002688164911997,0.0,0.0002356204467164,0.0,1.5138612924590783e-06,0.0268820910615186,0.6666666666666666,0.0,7.569306462295393e-07,0.0,3.5985461873403146e-05,0.0,0.7326043352359142,0.0001155394314195,0.0,0.0001155394314195,0.009639348955229,0.0261728108847776,2.2707919386886176e-06,1.7992730936701573e-05,7.569306462295393e-07,0.0287571696640255,7.569306462295393e-07,3.2685197369199486,0.0,0.0,0.932245264855651,0.1307032500938359,0.0003496460168435,0.7212164843729366,8.876548573235283,0.0006475868695617,1.7992730936701573e-05,0.0,0.0151515151515151,0.5000405270457509,0.0,0.0604641373455573,0.0,7.569306462295393e-07,4.630566272314368,0.0,3.4571281249512182,0.0634782749744853,0.0263127654267341
SE,0.0,3.3722984222354437,3.5985461873403146e-05,0.0,0.0,0.038746986489104095,0.4869521323696246,0.0002749808403204,3.762162728646218,43.885569368527726,96.49914965423046,0.0109890109890109,0.0047619047619047,0.0051669251007864,2.48229153522348,0.0052668789616469,7.456364444120861,62.63395935609242,0.0002310788628391,2.2125897228990032,0.0013033024808180354,0.0001155394314195,0.0001780827286911913,0.0,0.6667936213572981,2.9230518584777467,0.0,36.61298288102855,0.0051621095178263,0.0,0.0,0.3053705274815702,3.923512756666426,0.0030863023676987,72.51137466198097,0.3333333333333333,0.0004563732379619,0.0001155394314195,0.0,74.47317095053653,0.0001898751420704,0.0,6.070678174936195,1.1642501368443576,264.1113439006708,1.7150483277918833,1.4275685311621862,0.4002556829248759,5.238472191027748e-05,0.0,0.0,3.0260439869049924,33.93431930602866,307.70583579303644,0.0,279.6904708293491,0.0,0.0013782730900936744,0.043855785546217496,3.347482380448561,15.621054602901374,16.58713170174985,0.0,0.0,114.10633222659875,9.165959213073283,201.20787946254035,0.1839457255946562,5.8754406580493536e-05,0.0555087557651344,120.46892585515035,0.0001155394314195,427.8020623320794,0.001532175689479,0.21308582268638138,0.0,0.0,1.7522601656194488,0.0,0.0714285714285714,0.5008210824456263,0.0,0.069047619047619,0.0,56.49283191389317,0.004268712375383949,0.0,3.3043612146092024e-05,0.0085829940088819,4.4128058497155145,0.0001103211725243,18.23166376361923,0.8216528180537519,25.959592389230213,17.773532515127656,0.0357142857142857,62.0603360666081,0.0,4.787020926909691,68.3651672611217,26.655834906142637,170.62629007396725,0.0,0.0037592705102455996,1.7657075423938302,54.11053473785122,1.7822908454883413,0.037205368703849495,0.3416846593976034,0.0,0.0,0.0012820512820512,0.0,18.789434172436422,0.6363324727781015,0.0,0.7108030849489959,0.016684659397603302,2.69960010594267,0.0,0.0,2.9643709630356696,0.0,0.0,5.352370747453653,5.064942997902649,2.7099241327314654,0.0004900008875119913,0.9697696694234397,0.5545823457588164,0.011390566880066,0.0092760162727171,0.0003663003663003,0.0001155394314195,0.0,0.4118841423586205,0.0017325803643406,0.34229358928610076,2.908535434213696e-05,0.0008163265306122,0.0002310788628391,0.0,0.0707574819603934,0.0191000037695293,0.0,0.0121269331347444,5.890491253479433,6.918560451934843,1.3553993089832643,0.022507763993832,0.0,0.0001679241533298,1.077349430901879,4.162420781800819,0.1296069762688191,182.37452839524792,230.99688981996223,0.7041909521434074,0.0,0.0,12.097330726793299,2.5488835842592925,0.0012269426056942658,1.2953136729522807,0.0,1.7992730936701573e-05,1.0894752580888718,12.94612568207714,40.58510571689719,0.0,0.0,0.0457831713437013,21.84829907948403,0.0,0.0088872526644227,4.571681677287806,0.0444444444444444,6.8312351597476155,4.910817279590672,48.421150416896566,2.955311392135153,17.3264740819925,0.0001047694438205,0.0001047694438205,0.0540470571750188,14119.319983769929,33.2555542050549,0.0,9.426608059707423,0.0,2.4451937780678206,0.0,0.0059565509345969,0.0103875824933432,0.0,0.001532175689479,2.195098874065664e-05,0.0,0.007645242017324575,0.0,0.043000518000518004,0.20400478743831452,0.0,0.0001155394314195,0.0001155394314195,5.118668846491882,0.0063021336999177,1.7992730936701573e-05,0.0041736830868546,1.8369686806295829,5.238472191027748e-05,21.408547193428852,0.0,0.0,11.149656164597786,5.156859136089249,9.010508037515716,7.541525863548584,651.5388277074273,0.6111841199178767,0.002911301084855,0.0,0.0,0.007015555901824998,0.0,7.580284051599957,0.1859806859806859,0.0007880388334801,0.07830114402306271,0.0,13.276279951688345,1.2060790320792132,0.8440772654653311
SG,0.0,6.498477254276665,3.5985461873403146e-05,0.0,0.0,0.00017463377863173729,0.2611088714164331,6.474882643012564e-05,0.6821957734213169,10.017069892362933,112.81644587380649,0.0,0.0,0.0001110250568464,0.0793289019089915,0.0014118730802679,1.8207627230467973,7.532126231664904,3.5985461873403146e-05,0.0193595905311625,1.5000553148878235,1.7992730936701573e-05,4.9165438412095006e-05,0.0,0.3270577131180293,3.5985461873403146e-05,0.0,9.051796711502302,0.0013495276653171,0.0197306869820903,0.0,2.3539042639419264e-05,0.0010597446252777001,1.4381682278361244e-05,31.81873233794796,0.0,0.0001258866042019,1.7992730936701573e-05,0.0,23.117544818578594,6.354712069045625e-05,0.0,0.1367482273661902,0.0002985411667759,618.480768067978,0.9750435474829593,0.0072802618559088,0.009210450047431,3.117270747539343e-05,0.0,0.0,0.058122455667588696,7.0435292718887075,45.53765603604043,0.0,5.0497124398708415,0.0,0.0001376167796003373,0.2883971883941086,0.1186583631338623,0.49421347207876065,1.6680986817813597,0.0,0.0,15.736866169459224,0.8899468610795955,6.702655670699374,3.117270747539343e-05,0.0,5.546311702717693e-06,36.088328123541174,1.7992730936701573e-05,137.24404815529743,0.0,0.0734654198767684,0.0,0.0,0.1427467620626912,0.0,0.0,3.4309676259440183e-05,0.0,0.0,0.0,3.2878399094934694,0.1438835364270378,0.0,1.9927993981078937e-05,3.5985461873403146e-05,1.7947103615949167,8.153985162715783e-05,0.8738124627548352,7.715763624754029,5.2447523177351005,9.405521484903083,0.0,111.79931780614831,0.0,0.07895052203623219,26.807697777361206,0.23071104024639127,32.59672767048147,0.0,0.0002997488039549,0.4909910617559129,99.93727457126222,0.1121806209704766,0.001692062849373,0.6516400147009243,0.0,0.0,0.0,0.0,81.118070493917,0.4494932168880409,0.0,2.4219151187387338,0.0147937161637778,0.2480041109261023,0.0,0.0,3.614121740577212,0.0,0.0,0.0608268208988305,0.6399272195527689,0.0254938651525385,0.0001773436740939,0.05435404827459713,0.0,0.10913646348066276,0.0001246908299015,0.0040322580645161,1.7992730936701573e-05,0.0,0.0190925333401492,3.5985461873403146e-05,2.0862041578564896,0.0718405161801774,0.0,3.5985461873403146e-05,0.0,0.0001222814869829,3.117270747539343e-05,0.0,0.0053794815024976,2.031482034096433,44.452544341472375,9.95325825638594e-05,0.0,0.0,4.9165438412095006e-05,5.546311702717693e-06,0.08665896952496391,0.030339015764903703,21.55038773989241,4.290479165574202,1.4021828106650054,0.0,0.0,7.244884011253195,0.1231702863708344,0.012029762756994036,0.5011001263595952,0.0,1.7992730936701573e-05,7.555842152145344,4.925850536461992,3.696981778224424,0.0,0.0,0.0245929761677521,4.5846223035643465,0.0,0.0009774343774353,0.17034238433725318,0.0,1.630158369536923,0.0798426922578038,3.634051371851858,0.0010977105001209,12.359773787536414,6.234541495078687e-05,6.234541495078687e-05,0.0152471529291728,33.2555542050549,7211.206697302916,0.0,0.30844570214710787,0.0,0.6225160368868419,0.0,6.234541495078687e-05,0.0257683925896293,0.0,0.0,1.4381682278361244e-05,0.0,0.0011011811096054373,0.0,0.2155844155844155,1.7992730936701573e-05,0.0,1.7992730936701573e-05,1.7992730936701573e-05,23.085193839281892,0.0635687905892926,7.31043319287104e-05,3.117270747539343e-05,1.65761675308604,3.117270747539343e-05,8.900428234805203,0.0,0.0,70.79509446206104,0.016212066305862,1.1722224005859745,0.07089593714417179,442.6692355824961,2.296976357490084,0.0810861431970043,0.0,0.0,0.4006346700595068,0.0,12.816076390420182,0.0,1.4381682278361244e-05,0.022387157174321,0.0,0.7774206518348508,0.0110249964508843,0.0039705619008971
SH,0.0,0.0,0.0,0.0,0.0,0.0,0.0,0.0,0.0,0.0,0.0,0.0,0.0,0.0,0.0,0.0,0.0,0.0,0.0,0.0,0.0,0.0,0.0,0.0,0.0,0.0,0.0,0.0,0.0,0.0,0.0,0.0,0.0,0.0,0.0,0.0,0.0,0.0,0.0,0.0,0.0,0.0,0.0,0.0,0.0,0.0,0.0,0.0,0.0,0.0,0.0,0.0,0.0,0.0,0.0,0.0,0.0,0.0,0.0,0.0,0.0,0.0,0.0,0.0,0.1111111111111111,0.0,0.0,0.0,0.0,0.0,0.0,0.0,0.0,0.0,0.0,0.0,0.0,0.0,0.0,0.0,0.0,0.0,0.0,0.0,0.0,0.0,0.0,0.0,0.0,0.0,0.0,0.0,0.5,0.0,0.0,0.0,0.0,0.0,0.0,0.0,0.0,0.0,0.0,0.0,0.0,0.0,0.0,0.0,0.0,0.0,0.0,0.0,0.0,0.0,0.0,0.0,0.0,0.0,0.0,0.0,0.0,0.0,0.0,0.0,0.0,0.0,0.0,0.0,0.0,0.0,0.0,0.0,0.0,0.0,0.0,0.0,0.0,0.0,0.0,0.0,0.0,0.0,0.0,0.0,0.0,0.0,0.0,0.0,0.0,0.0,0.0,0.0,0.0,0.0,0.0,0.0,0.0,0.0,0.0,0.0,0.0,0.0,0.0,0.0,0.0,0.0,0.0,0.0,0.0,0.0,0.0,0.0,0.0,0.0,0.0,0.0,0.0,0.0,0.0,0.0,0.0,0.0,0.0,0.0,0.0,0.0,0.0,6.111111111111111,0.0,0.0,0.0,0.0,0.0,0.0,0.0,0.0,0.0,0.0,0.0,0.0,0.0,0.0,0.0,0.0,0.0,0.0,0.0,0.0,0.0,0.0,0.0,0.0,0.0,0.0,0.0,0.0,0.0,0.0,0.0,0.0,0.0,0.0,0.0,0.0,0.0,0.0,0.0,0.0,0.0,0.0,0.0,0.0,0.0
SI,0.0,0.7677465849610609,3.5985461873403146e-05,0.0095238095238095,0.0,0.15515665065670578,0.0145758595322164,0.0002386481693014,3.622275166746565,16.296903470615664,2.0743787647183902,0.2142857142857142,0.0,0.0037480181770472,4.697985932638456,1.3865940911182462e-05,0.0001758991081144,20.84784551156083,0.0002310788628391,3.2360671739609703,0.0013424454575556549,0.0001155394314195,0.00012755168955579565,0.0,2.495856431661785e-05,3.5985461873403146e-05,0.0,5.885499389528432,0.0,0.0,0.0,0.0190621310255924,0.070211695119199,3.784653231147696e-06,7.251516648535837,0.0,0.0003655415604144,0.0001155394314195,0.0,8.163479491501834,0.0001262570551062,0.0,0.0406824561882832,0.09564652925569268,3.2225333416847164,0.13718548092804872,0.0743155930739164,0.0029177994803792954,6.932970455591231e-06,0.0,0.0,0.18516697561663942,7.022241597866063,26.876255016222395,0.0,4.6146585506758715,0.0,6.489756854101411e-05,0.0022154284341468003,0.5005090518696841,0.3678649086869571,0.1081370341793862,0.0,0.0,19.27083793785483,0.001364856748256,3.0961859969427348,0.002445957360699491,0.0,5.546311702717693e-06,11.512428045599943,0.0001155394314195,28.67357447505791,0.6666666666666666,0.4562555546182602,0.0,0.0,0.145856690714103,0.0,0.0,1.3115618165013083e-05,0.0,0.0,0.0,2.824571829579419,0.009830380996830786,0.0,9.330964933865387e-06,3.5985461873403146e-05,20.700445164133072,4.670308556014208e-05,8.351187983751647,0.009245296631363174,2.558566832968944,2.183332469985425,0.0,7.072981408110967,0.0,0.0004989355565405827,2.062831479915059,0.0327229397777162,49.06122997944652,0.0,9.523387874928069e-05,0.010350671778575992,2.344146502855258,0.005430070929366501,0.0338256391374549,1.7992730936701573e-05,0.0,0.0,0.0,0.0,1.026631963082454,0.008413213096130825,0.0,0.0087593328270935,1.7992730936701573e-05,0.631859462494997,0.0,0.0,0.0002231436642486,0.0,0.0,0.7194192177091413,0.0780655004238643,0.3442818860868308,0.0003435633876107957,2.148314599586284,0.0,0.0097551168534187,0.1299048129053912,0.0003663003663003,0.0001155394314195,0.0,0.8844762179330112,0.0002310788628391,6.588718811913603e-05,2.3539042639419264e-05,0.0,0.0002310788628391,0.0,0.18426550595926688,6.932970455591231e-06,0.0,0.0003604842351698,1.242329959855079,0.0396630831576317,0.0003573359179454,0.0007541478129713,0.0,0.0001224724018751,0.4047674510736074,0.1209395870312443,3.5985461873403146e-05,21.104300965202057,2.465730295313673,0.00014540111987349565,0.0,0.0,0.008477158280246,1.1092623405435386e-05,0.00013525904498603295,0.0050519299272408814,0.0,1.7992730936701573e-05,0.00964514464693285,0.0629970824306088,4.764821348381916,0.0,0.0,2.7731881822364925e-05,7.13044645074811,0.0,5.7420709246881e-05,1.7010303493983003,0.0,1.9992499212977743,12.925683616928355,4.3265403935024835,0.027910293696762,0.3704442294837283,1.3865940911182462e-05,1.3865940911182462e-05,0.0002688164911997,9.426608059707423,0.30844570214710787,0.0,1595.7574649019507,0.0,5.145448025471262,0.0,0.0059629661336574,0.0002310788628391,0.0,0.0,3.784653231147696e-06,0.0,4.4098657174240424e-05,0.0,0.0,0.0008696872443908,0.0,0.0001155394314195,0.3810679203838005,0.0487174988813753,0.0073978022755396,1.7992730936701573e-05,0.0042255500373698,0.4010513137032029,6.932970455591231e-06,3.4992534790921264,0.0,0.0,0.963338731125355,0.011682850638895001,0.4080028948355809,0.0152001009253762,42.89292606830088,0.0220834966706326,0.0014042532716508,0.0,0.0,0.3334307761302458,0.0,0.056227093637882114,0.0,3.784653231147696e-06,3.0472013095010498e-05,0.0,1.0399556408812158,0.0002310788628391,0.0667822060980862
SJ,0.0,0.0,0.0,0.0,0.0,0.0,0.0,0.0,0.0,0.0,0.0,0.0,0.0,0.0,0.0,0.0,0.0,0.0,0.0,0.0,0.0,0.0,0.0,0.0,0.0,0.0,0.0,0.0,0.0,0.0,0.0,0.0,0.0,0.0,0.0,0.0,0.0,0.0,0.0,0.0,0.0,0.0,0.0,0.0,0.0,0.0,0.0,0.0,0.0,0.0,0.0,0.0,0.0,0.0,0.0,0.0,0.0,0.0,0.0,0.0,0.0,0.0,0.0,0.0,0.0,0.0,0.0,0.0,0.0,0.0,0.0,0.0,0.0,0.0,0.0,0.0,0.0,0.0,0.0,0.0,0.0,0.0,0.0,0.0,0.0,0.0,0.0,0.0,0.0,0.0,0.0,0.0,0.0,0.0,0.0,0.0,0.0,0.0,0.0,0.0,0.0,0.0,0.0,0.0,0.0,0.0,0.0,0.0,0.0,0.0,0.0,0.0,0.0,0.0,0.0,0.0,0.0,0.0,0.0,0.0,0.0,0.0,0.0,0.0,0.0,0.0,0.0,0.0,0.0,0.0,0.0,0.0,0.0,0.0,0.0,0.0,0.0,0.0,0.0,0.0,0.0,0.0,0.0,0.0,0.0,0.0,0.0,0.0,0.0,0.0,0.0,0.0,0.0,0.0,0.0,0.0,0.0,0.0,0.0,0.0,0.0,0.0,0.0,0.0,0.0,0.0,0.0,0.0,0.0,0.0,0.0,0.0,0.0,0.0,0.0,0.0,0.0,0.0,0.0,0.0,0.0,0.0,0.0,0.0,0.0,0.0,0.0,0.0,0.0,1.0,0.0,0.0,0.0,0.0,0.0,0.0,0.0,0.0,0.0,0.0,0.0,0.0,0.0,0.0,0.0,0.0,0.0,0.0,0.0,0.0,0.0,0.0,0.0,0.0,0.0,0.0,0.0,0.0,0.0,0.0,0.0,0.0,0.0,0.0,0.0,0.0,0.0,0.0,0.0,0.0,0.0,0.0,0.0
SK,0.0014224751066856,0.0012602761108674863,3.5985461873403146e-05,0.0,0.0,0.0064313451148554,0.074747505716158,0.0002401620305938,0.3202094774382366,13.480216729892767,3.431048197041153,0.0,0.0,0.0370307298254272,0.42204624784523936,1.9577558502899587e-05,0.5493165641474237,3.3150807129301976,0.0002310788628391,0.9583323650232288,0.0357142857142857,0.0001155394314195,0.000125328210671,0.0,0.0357338632727886,3.5985461873403146e-05,0.0,0.7255162208974568,0.0,0.0,0.0,0.0008696872443908,0.0535990812324309,4.541583877377235e-06,4.173525291413435,0.0,0.0028083506038894,0.0001155394314195,0.0,6.614495391554338,0.0001298697945483,0.0,0.33919737874974987,0.0062714705216511,4.676988003477034,0.0414710255466247,6.623101569725522e-05,0.0090427484181679,9.788779251449794e-06,0.0,0.0,0.2112315932180574,97.13606887987689,23.87669221115349,0.0,1.3163677426529725,0.0,0.00010591777613193893,0.0019058031335286,0.0069059974427260005,0.0142519683386368,1.60360048310201,0.0,0.0,9.446282235699272,0.168367208534473,0.612658142441507,9.788779251449794e-06,0.0,0.0,6.319104536861509,0.0001155394314195,13.693274949851446,0.0,0.0384889630040678,0.0,0.0,0.0004810296726844,0.0,0.0,9.08316775475447e-06,0.0012195121951219,0.0,0.0,1.8448889420661738,0.0001450725296427347,0.0,4.541583877377235e-06,3.5985461873403146e-05,0.9345535346991989,5.0315825002230175e-05,12.39715087272084,0.000977068258999,0.8289834263439473,1.16982818551555,0.0,7.521994797167974,0.0,0.0489536947596577,6.318933617757464,0.012046071064314549,14.717974150524585,0.0,0.0001188372797623,0.0001181316682656,3.04186777106853,0.0058926417940525,0.0025570495740023,1.7992730936701573e-05,0.0,0.0,0.0,0.0,4.797075177447397,0.0031251613616836,0.0,0.0917589626173809,1.7992730936701573e-05,0.0389067142638824,0.0,0.0444444444444444,0.000450861932293,0.0,0.0,0.3096511314771736,0.0094574070407753,0.3454108607496067,0.0002310788628391,0.0012962276618940863,0.0,0.3624286129458561,0.0032320350749691,0.0,0.0001155394314195,0.0,1.283179360661366,0.0002310788628391,8.721979719354545e-05,1.7992730936701573e-05,0.0,0.0002310788628391,0.0,0.0248853362648397,0.06643225520171785,0.0,0.0015857080478835,0.7385634349138673,0.2253041637386293,0.0003609486573875,0.0007541478129713,0.0,0.000125328210671,0.0021505376344086,0.0101881906482945,0.0012554976569953,7.346786274084755,4.250557851020126,0.0287089641936242,0.0,0.0,0.0324590746089189,0.0007017543859649,0.00010975374851262084,0.00047173542122039996,0.0,1.7992730936701573e-05,1.3192836126730167,1.5246859039469085,21.86586856234969,0.0,0.0,0.2517198273859133,3.332824330228819,0.0,0.0073237406552344,24.51827327365376,0.0,2.438233826170909,11.800341375336059,9.12990606455058,0.0001155394314195,4.659847419651573,1.9577558502899587e-05,1.9577558502899587e-05,0.0002356204467164,2.4451937780678206,0.6225160368868419,0.0,5.145448025471262,0.0,1465.4134779769847,0.0,0.0044319697115882,0.0002310788628391,0.0,0.0,4.541583877377235e-06,0.0,7.655143837758955e-05,0.0,0.6666666666666666,0.0008696872443908,0.0,0.0001155394314195,0.0001155394314195,0.6829839420984243,0.0109110309278799,1.7992730936701573e-05,0.0025292680638141,0.0910683270413936,9.788779251449794e-06,2.56927767325547,0.0,0.0,0.22206240676996972,0.0005972747156006,5.695442662149645,0.0160017382670163,29.916204728351204,0.007077294491760399,0.0006445591469768,0.0,0.0,0.00023599326190251168,0.0,0.6671146883461794,0.0,4.541583877377235e-06,2.7781510188151366e-05,0.0,0.09742538307396989,0.0002310788628391,0.0001155394314195
SL,0.0,0.0,0.0,0.0,0.0,0.0,0.0,0.0,0.0,0.0,0.1,0.0,0.0,0.0,0.0,0.0,0.0,0.0,0.0095238095238095,0.0,0.0,0.0,0.0,0.0,0.0,0.0,0.0,0.0024630541871921,0.0,0.0,0.0,0.0,0.0,0.0,0.6555555555555556,0.0,0.0,0.0,0.0,0.0,0.0024630541871921,0.0,0.0,0.0,1.1,0.0,0.0,0.0,0.0,0.0,0.0,0.0,0.0,0.0467980295566502,0.0,0.0,0.0,0.0,0.0,0.0,0.0,0.0,0.0,0.0,0.0,0.2,0.0,0.0,0.0,0.0,0.0222222222222222,0.0,0.3333333333333333,0.0,0.0,0.0,0.0,0.9730158730158731,0.0,0.0,0.0,0.0,0.0,0.0,0.0,0.0,0.0,0.0,0.0,0.0,0.0,0.0,0.0,0.0,0.0,0.0,0.0,0.0,0.0,0.0,0.0,0.0,0.0,0.0,0.0,0.0,0.0079365079365079,0.0,0.0,0.0,0.0,0.0,0.0,0.0,0.0,0.0,0.0,0.0,0.0,0.0,0.0,0.0,0.0,0.0,0.0024630541871921,0.0,0.0024630541871921,0.0,0.0,0.0,0.0,0.0,0.0,0.0,0.0,0.0,0.0,0.0222222222222222,0.0,0.0,0.0,0.0,0.0,0.0,0.0,0.0,0.0,0.0,0.0,0.0,0.0,0.0,0.0,0.0024630541871921,0.0,0.0049261083743842,0.0,0.1333333333333333,0.0,0.0,0.0,0.0,0.0,0.0,0.0,0.0,0.0,0.0,0.0,0.0,0.0,0.0,0.0,0.0,0.0,0.0,0.0,0.0,0.0,0.0049261083743842,0.0,0.0,0.0,0.0,0.0,0.0,0.0,0.0,0.0,0.0,0.0,14.16194476022062,0.0,0.0,0.0,0.0,0.0,0.0,0.0,0.0,0.0,0.0,0.0,0.0,0.0,0.0,0.0,0.0,0.0,0.0,0.0,0.0,0.0,0.0,0.3,0.0,0.0,0.3,1.7256410256410257,0.0,0.0,0.0,0.0,0.0,0.0,0.0,0.0,0.0,0.0,0.0,0.0674603174603174,0.0,0.0
SM,0.0,3.612739442088102e-06,0.0,0.0,0.0,0.012487605857342,0.0040939162075982,3.027722584918157e-06,3.554237756371107e-05,0.0131410909448304,9.183234734466164e-05,0.0,0.0,0.0006280802773325,0.0083873935416484,7.225478884176204e-06,1.806369721044051e-05,0.0028205554162067,0.0,0.0117400985063977,0.1098901098901098,0.0,3.612739442088102e-06,0.0,7.225478884176204e-06,0.0,0.0,0.0002651052895849,0.0,0.0,0.0,0.0,0.0,1.5138612924590783e-06,7.469749456951024e-05,0.0,7.569306462295392e-06,0.0,0.0,0.0590475343404188,5.12660073454718e-06,0.0,2.4119142380276823e-05,2.7731881822364925e-05,0.0002186220553958,3.740006643428934e-05,1.7478680353270565e-05,1.4450957768352408e-05,3.612739442088102e-06,0.0,0.0,0.0019914314600518,0.0149576310412723,0.0039035988703057,0.0,0.0233555593747406,0.0,1.0838218326264304e-05,1.0838218326264304e-05,1.025320146909436e-05,0.0110103110250857,1.806369721044051e-05,0.0,0.0,0.0205739105695414,6.6404620270062585e-06,0.0059746146318073,3.612739442088102e-06,0.0,0.0,0.0052297911758698,0.0,0.0164661287592683,0.0,0.0117298453049286,0.0,0.0,6.6404620270062585e-06,0.0,0.0,3.027722584918157e-06,0.0,0.0,0.0,0.0020691566772063,9.668184611924416e-06,0.0,1.5138612924590783e-06,0.0,0.0127914535116541,5.12660073454718e-06,0.0050760289511463,1.9577558502899587e-05,0.0198421371502118,0.0006621087936038,0.0,0.0001743403376555,0.0,1.5138612924590783e-06,0.000315581003475,1.806369721044051e-05,4.376440589139896,0.0,3.041577682916389e-05,2.983075997199395e-05,7.015591069213301e-05,1.0838218326264304e-05,0.0117283314436361,0.0,0.0,0.0,0.0,0.0,4.183901201259814e-05,1.7478680353270565e-05,0.0,0.0138642379641154,0.0,7.225478884176204e-06,0.0,0.0,0.0,0.0,0.0,0.0117623599599074,1.293709647589333e-05,0.0117355569225203,0.0,1.025320146909436e-05,0.0,0.0006316930167746,0.013836506082293,0.0,0.0,0.0,0.0109705708912227,0.0,2.587419295178666e-05,0.0,0.0,0.0,0.0,0.0117349719056631,3.612739442088102e-06,0.0,7.225478884176204e-06,5.419109163132153e-05,8.367802402519628e-05,5.12660073454718e-06,0.0,0.0,3.612739442088102e-06,0.0,1.7478680353270565e-05,0.0,0.0007373913050304,0.016705306169033,3.100079368633384e-05,0.0,0.0,3.974013386296912e-05,0.0,1.176706276155344e-05,3.915511700579917e-05,0.0,0.0,2.8901915536704812e-05,1.3865940911182462e-05,0.011887050789809,0.0,0.0,1.4450957768352408e-05,0.0118355435931844,0.0,1.025320146909436e-05,7.225478884176204e-06,0.0,0.0190608716059043,0.0117340430612279,0.0616948141264782,0.0,1.9577558502899587e-05,7.225478884176204e-06,7.225478884176204e-06,1.5138612924590783e-06,0.0059565509345969,6.234541495078687e-05,0.0,0.0059629661336574,0.0,0.0044319697115882,0.0,8.458246811863058,0.0,0.0,0.0,1.5138612924590783e-06,0.0,0.0,0.0,0.0,0.0,0.0,0.0,0.0,1.4450957768352408e-05,0.020326685354717,0.0,0.0117247187041941,1.5964819060811486e-05,3.612739442088102e-06,0.0117587472204653,0.0,0.0,3.192963812162297e-05,7.225478884176204e-06,0.0006326218612099,1.025320146909436e-05,0.3901597701554308,1.4450957768352408e-05,0.0013807142290114,0.0,0.0,1.3280924054012515e-05,0.0,5.057835218923343e-05,0.0,1.5138612924590783e-06,3.612739442088102e-06,0.0,4.066897829825825e-05,0.0,0.0
SN,0.0,0.0,3.5985461873403146e-05,0.0,0.0,0.0085644121961724,0.0008028971739546999,0.0012411798729401,0.0023168433056493,0.0942217005927581,0.15756493523503282,0.0,0.0,3.5985461873403146e-05,0.0,0.0,0.005371114280357,1.3684850471168073,5.87941039627745,0.0004261722638048,0.0,0.0001155394314195,1.0032901426060226,0.0,0.0,3.5985461873403146e-05,0.0,0.4712299595642956,0.0,0.0,0.0,0.011910002950021,0.0002310788628391,0.0016543618520577,1.2690371863558745,0.0,0.4787866967343371,0.0001155394314195,0.37861592204651884,2.4350245468088536,1.4460833708831222,0.0,0.0100953109154703,0.47473949581871416,0.0355009412311836,0.005525444515193901,1.7992730936701573e-05,3.5985461873403146e-05,0.0095238095238095,0.0,0.0,0.0,0.0003466182942586,0.0811319508954714,0.0,0.0223816164972477,0.0,3.5985461873403146e-05,0.0080092036891811,0.0006257965039257,0.0167822060980862,0.0504544492936811,0.0,0.0,0.0901417851164665,0.11116618527172409,0.0001155394314195,0.0,0.0,0.0,13.787922582432952,0.6001155394314196,1.8987577719032396,0.0011436366222312999,0.0002310788628391,0.0,0.0,0.4861771481518417,0.0,0.0,0.1352187805442847,1.6085081585081582,0.0011589164131537,0.0,0.013669759924216702,0.0010930679143046,0.0,0.0217391304347826,0.005299143356610203,0.0126416627334049,3.5985461873403146e-05,0.0002310788628391,0.1076408248714578,0.0001155394314195,0.0268923908752915,0.0,0.1253410921186039,0.0,0.0001979200403037,0.0078620158638176,0.0,0.9971451864638845,0.0,0.0111233782734041,3.5985461873403146e-05,0.0288861073749134,0.5692934859950364,1.7992730936701573e-05,1.7992730936701573e-05,0.0,0.0,0.0,0.0,0.024711310137198,0.0,0.0,0.00335132606427,1.7992730936701573e-05,3.5985461873403146e-05,0.0,0.0,0.1284237898323859,2.0,0.0,0.0043083294000715,0.0,0.0002310788628391,0.0022512808830411,0.7087993993212032,0.0,0.0,0.0,0.0,0.1380848800323391,0.0,0.0001155394314195,0.448120964868175,1.7992730936701573e-05,1.7992730936701573e-05,0.0,1.0726697513015115,0.0,0.0,0.0248219589934843,0.0,0.0752383683132017,0.0275018402539131,0.0078080376710075,0.0030373915732672,0.020103872735451597,0.0,0.1429726822885623,0.0,1.7386243941469017,0.0017514403952204002,0.008192059735531,0.0084488727647528,0.0130391032773266,0.0,0.0,3.5985461873403146e-05,0.0,0.0006078037729889999,0.035876220292716,0.0,0.0073709339074072,0.013709166985512,0.0085417905605535,0.0046549476943302,0.0,0.0,0.0,0.14423185834221328,0.0,0.009204295001059199,0.0,0.0,0.0009184366053743001,0.0003466182942586,0.0083431688007327,0.331463825563669,0.002334836036586,0.0,0.0,0.0268820910615186,0.0103875824933432,0.0257683925896293,0.0,0.0002310788628391,0.0,0.0002310788628391,0.0,0.0,249.41869922467464,0.0,0.0011436366222312999,0.0,0.0,0.0010930679143046,0.0,0.0,0.0001155394314195,0.0,0.3320992420033574,0.2318005211164012,0.0079879649803745,0.0,1.7992730936701573e-05,0.0,0.0287942681101482,0.0,0.007859571973632,0.0,0.0,1.7992730936701573e-05,0.0488750351869863,0.00149025491649,0.9281406046048852,9.073721632963052,0.0005898110420523,1.7992730936701573e-05,0.0,0.0,0.0058709616677258,0.0,0.0061402207857993,0.0,0.0005718183111156001,1.7992730936701573e-05,0.0,1.1403927703002772,0.0174370995307137,0.0694964548794759
SO,0.0,0.0,0.0,0.0,0.0,0.0,0.0,0.0,0.0,0.0,0.0,0.0,0.0,0.0,0.0,0.0,0.0,0.0,0.0,0.0,0.0,0.0,0.0,0.0,0.0,0.0,0.0,0.0,0.0,0.0,0.0,0.0,0.0,0.0,0.2,0.0,0.0,0.0,0.0,0.0,0.0,0.0,0.0,0.0,0.0,0.0,0.0,0.0,0.0,0.0,0.0,0.0,0.0,0.0,0.0,0.0,0.0,0.0,0.0,0.0,0.0,1.5,0.0,0.0,0.0,0.2,0.0,0.0,0.0,0.0,0.0,0.0,0.2,0.0,0.0,0.0,0.0,0.0,0.0,0.0,0.0,0.0,0.0,0.0,0.0,0.0,0.0,0.0,0.0,0.0,0.0,0.0,0.0,0.0,0.0,0.0,0.2666666666666666,0.0,0.0,0.0,0.0,0.0,0.0,0.0,0.0,0.0,0.0,0.0,0.0,0.0,0.0,0.0,0.0,0.0666666666666666,0.0,0.0,0.0,0.0,0.0,0.0,0.0,0.0,0.0,0.0,0.0,0.0,0.0,0.0,0.0,0.0,0.0,0.0,0.0,0.0,0.0,0.0,0.0,0.0357142857142857,0.0,0.0,0.0,0.0,0.0,0.0,0.0,0.0,0.0,0.0,0.0,0.0,0.0,0.0,0.0,0.0,0.0,0.0,0.2142857142857142,0.0,0.0,0.0,0.0,0.0,0.0,0.0,0.0,0.0,0.0,0.0,0.0,0.0,0.0,0.0,0.0,0.0,0.0,0.0,0.0,0.0,0.0,0.0,0.0,0.5,0.0,0.0,0.6666666666666666,0.0,0.0,0.0,0.0,0.0,0.0,0.0,0.0,0.0,38.64126984126984,0.0,0.0,0.0,0.0,0.0,0.0,0.0,0.0,0.0,0.0,0.0,0.0,0.0,0.0,0.0,0.0,6.338095238095237,0.0,0.0,0.0,0.0,0.0,0.4761904761904761,1.2222222222222223,0.0,0.0,0.0,0.0,0.0,0.0,0.0,0.0,0.0,0.0,0.0,0.0,0.0,0.0
SR,0.0,0.0,0.0,0.0,0.0,0.0,0.0011436366222312999,0.0,0.0,0.0011436366222312999,0.013718393720486,0.0,0.0,0.0,0.0,0.0,0.0,0.3809523809523809,0.0,0.0,0.0,0.0,0.0,0.0,0.0,0.0,0.0,0.06964875688834869,0.0,0.0,0.0,0.0,0.0,0.0054240066232059,0.0,0.0,0.0,0.0,0.0,0.0,0.0,0.0,0.0323308550490416,0.0,0.1839334647372722,0.0016543618520577,0.0,0.0,0.0,0.0,0.0,0.0,0.0,0.0,0.0,0.0,0.0,0.0,0.0,0.0022012780817764997,0.0,0.0,0.0,0.0,0.0256410256410256,0.0,0.0,0.0,0.0,0.0,0.0022012780817764997,0.0,0.18559251826848341,0.0044025561635532,0.1666666666666666,0.0,0.0,0.0,0.0,0.0,0.0022012780817764997,0.0,0.0,0.0,0.0033449147040079995,0.0,0.0,0.0,0.0,0.0,0.0,0.0,0.0,0.0,0.0,0.0,1.1727235846822779,0.0,0.0,0.0,0.0,0.0022012780817764997,0.0,0.0,0.0,0.0,0.0066038342453298,0.0,0.0,0.0,0.0,0.0,0.0,0.0,0.0,0.0,0.0,0.0,0.0,0.0,0.0,0.0,0.0,0.0,0.0,0.0,0.0,0.0,0.0,0.0,0.0,0.0,0.0,0.0,0.0,0.0,0.0,0.0,0.0,0.0,0.0,0.0,0.0,0.0,0.0,0.0032589195413217,0.8965503645937639,0.0,0.0,0.0,0.0,0.0,0.0,0.0022012780817764997,0.0034309098666941,1.192677468557967,0.0,0.0,0.0,0.0,0.0,0.0,0.0022012780817764997,0.0256410256410256,0.0,0.0,0.0,0.0022012780817764997,0.0,0.0,0.0,0.0,0.0044025561635532,0.0,0.0022012780817764997,0.0,0.0,0.0022012780817764997,0.0,0.0049132813933795,0.0,0.0,0.0,0.0,0.0,0.001532175689479,0.0,0.0,0.0,0.0,0.0,0.0,0.0,0.0011436366222312999,0.0,9.24005539191217,0.0,0.0,0.0,0.0,0.0,0.0,0.0,0.0,0.0,0.0,0.0,0.0,0.0,0.0,0.0,0.0011436366222312999,0.0,0.0,0.0,0.0005107252298263,0.0044025561635532,0.0022012780817764997,0.5246318049471733,0.0022012780817764997,0.0,0.0,0.0,0.0022012780817764997,0.0,0.0,0.0,0.0022012780817764997,0.0,0.0,0.0054601976230984,0.0,0.0
SS,0.0,7.569306462295393e-07,0.0,0.0,0.0,3.027722584918157e-06,1.5138612924590783e-06,1.5138612924590783e-06,8.326237108524932e-06,1.6652474217049864e-05,1.968019680196802e-05,0.0,0.0,7.569306462295393e-07,7.569306462295393e-07,1.5138612924590783e-06,3.784653231147696e-06,1.892326615573848e-05,0.0,5.298514523606774e-06,0.0,0.0,7.569306462295393e-07,0.0,1.5138612924590783e-06,0.0,0.0,6.433910492951084e-05,0.0,0.0,0.0,0.0,0.0,7.569306462295393e-07,1.7409404863279402e-05,0.0,3.784653231147696e-06,0.0,0.0,1.968019680196802e-05,1.5138612924590783e-06,0.0,6.812375816065853e-06,7.569306462295392e-06,4.844356135869051e-05,1.1353959693443088e-05,4.541583877377235e-06,3.027722584918157e-06,7.569306462295393e-07,0.0,0.0,3.784653231147696e-06,9.08316775475447e-06,0.0151901186144728,0.0,0.0151893616838266,0.0,2.2707919386886176e-06,2.2707919386886176e-06,3.027722584918157e-06,9.08316775475447e-06,3.784653231147696e-06,0.0,0.0,4.617276942000189e-05,2.2707919386886176e-06,2.5735641971804333e-05,7.569306462295393e-07,0.0,0.0,2.7249503264263413e-05,0.0,4.920049200492005e-05,0.0,2.2707919386886176e-06,0.0,0.0,2.2707919386886176e-06,0.0,0.0,1.5138612924590783e-06,0.0,0.0,0.0,2.2707919386886177e-05,3.784653231147696e-06,0.0,7.569306462295393e-07,0.0,1.4381682278361244e-05,1.5138612924590783e-06,7.569306462295392e-06,4.541583877377235e-06,6.812375816065853e-06,8.326237108524932e-06,0.0,3.784653231147696e-05,0.0,7.569306462295393e-07,6.963761945311761e-05,3.784653231147696e-06,4.920049200492005e-05,0.0,6.812375816065853e-06,7.569306462295392e-06,1.5138612924590784e-05,0.1929315637212316,1.5138612924590783e-06,0.0,0.0,0.0,0.0,0.0,8.326237108524932e-06,4.541583877377235e-06,0.0,1.0597029047213548e-05,0.0,1.5138612924590783e-06,0.0,0.0,0.0,0.0,0.0,9.08316775475447e-06,2.2707919386886176e-06,3.027722584918157e-06,0.0,3.027722584918157e-06,0.0,1.5138612924590783e-06,3.027722584918157e-06,0.0,0.0,0.0,7.569306462295393e-07,0.0,4.541583877377235e-06,0.0,0.0,0.0,0.0,3.784653231147696e-06,7.569306462295393e-07,0.0,1.5138612924590783e-06,1.1353959693443088e-05,1.6652474217049864e-05,1.5138612924590783e-06,0.0,0.0,7.569306462295393e-07,0.0,4.541583877377235e-06,0.0,2.4978711325574795e-05,2.1194058094427097e-05,6.055445169836314e-06,0.0,0.0,8.326237108524932e-06,0.0,3.784653231147696e-06,9.08316775475447e-06,0.0,0.0,6.055445169836314e-06,3.784653231147696e-06,3.784653231147696e-05,0.0,0.0,3.027722584918157e-06,2.5735641971804333e-05,0.0,3.027722584918157e-06,1.5138612924590783e-06,0.0,1.2110890339672628e-05,2.2707919386886176e-06,1.3624751632131706e-05,0.0,4.541583877377235e-06,1.5138612924590783e-06,1.5138612924590783e-06,7.569306462295393e-07,2.195098874065664e-05,1.4381682278361244e-05,0.0,3.784653231147696e-06,0.0,4.541583877377235e-06,0.0,1.5138612924590783e-06,0.0,0.0,0.0,2.3678966789667895,0.0,0.0,0.0,0.0,0.0,0.0,0.0,0.0,3.027722584918157e-06,2.2707919386886176e-06,0.0,7.569306462295393e-07,3.784653231147696e-06,7.569306462295393e-07,8.326237108524932e-06,0.0,0.0,7.569306462295392e-06,1.5138612924590783e-06,3.027722584918157e-06,0.1060636337831909,0.0222517425174251,3.027722584918157e-06,0.0,0.0,0.0,4.541583877377235e-06,0.0,1.0597029047213548e-05,0.0,7.569306462295393e-07,7.569306462295393e-07,0.0,0.0151613552499161,0.0,0.0
ST,0.0,0.0,0.0,0.0,0.0,0.0,0.0,0.0303030303030303,0.0,0.0,0.0,0.0,0.0,0.0,0.0,0.0,0.0,0.0,0.0,0.0,0.0,0.0,0.0,0.0,0.0,0.0,0.0,2.1396270396270394,0.0,0.0,0.0,0.0,0.0,0.0,0.0,0.0,0.0,0.0,0.1153846153846153,0.1153846153846153,0.0,0.0,0.0,0.0,0.0303030303030303,0.0,0.0,0.0,0.0303030303030303,0.0,0.0,0.0,0.0,0.0,0.0,0.0,0.0,0.0,0.0,0.0,0.0,0.0,0.0,0.0,0.0,0.0,0.0,0.0,0.0,0.0,0.0,0.0,0.0,0.0,0.0,0.0,0.0,0.0,0.0,0.0,0.0,0.0,0.0,0.0,0.0,0.0,0.0303030303030303,0.0,0.0,0.0,0.0,0.0,0.0,0.0,0.0,0.0,0.0,0.0,0.0,0.0,0.0,0.0,0.0,0.0,0.0,0.0,0.0,0.0,0.0,0.0,0.0,0.0,0.0,0.0,0.0,0.0,0.0,0.0,0.0,0.0,0.0,0.0,0.0,0.0,0.0,0.0,0.0,0.0,0.0,0.0,0.0,0.0,0.0,0.0,0.0,0.0,0.0,0.0,0.0,0.0,0.0,0.0,0.0,0.0,0.0,0.0,0.0,0.0,0.0303030303030303,0.0,0.0,0.0,0.0,0.0,0.0,0.0,0.0,0.0,0.0,0.0,0.0,0.0,0.0,0.0,0.0,0.0,0.0,0.0,0.0,0.0,0.0,0.0,0.0909090909090909,0.0,0.0,0.0,0.0,0.0,0.0,0.0,0.0,0.0,0.0,0.0,0.0,0.0,0.0,0.0,0.0,0.0,0.0,0.0,0.0,0.0,0.0,0.0,0.0,3.5778388278388276,0.1023809523809523,0.0,0.0,0.0,0.0,0.0,0.0,0.0,0.0,0.0,0.0,0.0,0.0,0.0,0.0,0.0,0.0,0.0,0.0,0.0,0.401098901098901,0.0,0.0,0.0,0.0,0.0,0.0,0.0,0.0,0.0,0.0,0.0,0.0,0.0,0.0
SV,0.0,8.113195300837282e-06,3.5985461873403146e-05,0.0,0.0,4.4098657174240424e-05,3.5985461873403146e-05,3.5985461873403146e-05,0.3978524520252243,0.3381312235571115,0.0096013638849531,0.0,0.0,3.5985461873403146e-05,1.6226390601674564e-05,0.0,0.0001079563856202,0.0019299248558127,3.5985461873403146e-05,6.843824307675227e-05,0.0,1.7992730936701573e-05,1.7992730936701573e-05,0.0,0.0,0.0151558254146241,0.0,6.8178240304568405,0.0,0.0,0.0,1.7992730936701573e-05,3.5985461873403146e-05,0.0,1.1761843645188101,0.0,5.397819281010472e-05,1.7992730936701573e-05,0.0,0.0315828679679515,1.7992730936701573e-05,0.0,1.826549600273131,0.0124378791216026,0.7622268647212874,0.9361745884025022,1.4274617887147372,0.053616887318637195,0.0,0.0151515151515151,0.0,0.0,7.831777871261657e-05,0.010090685360907299,0.0,3.5985461873403146e-05,0.0,0.1421493055655312,2.6105926237538855e-05,0.0973378886791644,1.7992730936701573e-05,0.1001404091668235,0.0,0.0,1.5392648970332234,7.197092374680629e-05,1.7992730936701573e-05,0.0,0.0,0.0,0.1748532204118561,1.7992730936701573e-05,0.0701138605016744,0.0,3.5985461873403146e-05,0.0,0.0,0.0113563261034507,0.0,0.0,0.0,0.0,0.0,0.0,7.301875770753553e-05,0.5592621123853473,0.0,0.0,0.2637516091119,3.421912153837614e-05,0.0721086416602425,0.0020029436135202356,0.0048678917109334,6.667190274172526e-05,0.0001619345784303,0.0,0.168911942239183,0.0,0.0001979200403037,0.0001079563856202,0.0,0.3291662563441065,0.0,3.5985461873403146e-05,3.5985461873403146e-05,0.0852452654582093,3.5985461873403146e-05,1.7992730936701573e-05,0.6666846593976034,0.0,0.0,0.0151515151515151,0.0,0.0027382804744819035,0.0,0.0,1.7992730936701573e-05,1.7992730936701573e-05,3.5985461873403146e-05,0.0,0.0,1.7992730936701573e-05,0.0,0.0,3.421912153837614e-05,0.0,3.5985461873403146e-05,3.5985461873403146e-05,9.807684998434514e-05,0.0,0.0,0.0,0.0,1.7992730936701573e-05,0.0,1.7992730936701573e-05,0.002334836036586,1.7992730936701573e-05,1.7992730936701573e-05,0.0,3.5985461873403146e-05,0.0,0.0,0.0,0.0,0.011357489496321404,0.5121801299817494,0.0001107705599159657,0.0294657428986924,0.0,0.0,1.7992730936701573e-05,0.0,0.0219213683661105,0.1710122074480132,0.018145510241250398,4.233231683921342e-05,5.397819281010472e-05,0.0,0.0,4.4098657174240424e-05,0.0,0.2077813610362517,0.2275641944869511,0.0,1.7992730936701573e-05,0.012096243479043001,0.0002483655524437491,0.00012876329085266725,0.0,0.0,0.0,6.843824307675227e-05,0.0,0.0637634074651574,0.0,0.0,0.0221129203108161,9.454416931429112e-05,0.015316263904241161,0.0010750751833679,0.3333855451858084,0.0,0.0,3.5985461873403146e-05,0.007645242017324575,0.0011011811096054373,0.0,4.4098657174240424e-05,0.0,7.655143837758955e-05,0.0,0.0,0.0010930679143046,0.0,0.0,0.0,0.1023809523809523,55.18983959348138,0.0,0.0,1.7992730936701573e-05,0.0,1.7992730936701573e-05,1.7992730936701573e-05,0.0169954899317789,0.0,1.7992730936701573e-05,0.0,1.7992730936701573e-05,0.0,0.003200435232775,0.0285714285714285,0.0,5.04455121400507e-05,8.996365468350786e-05,7.020458341177929e-05,0.0667386375904134,11.22719477531266,0.021960153094504213,1.7992730936701573e-05,0.0,0.0,0.0467115337460164,0.0,6.2091388110942e-05,0.0,0.0,1.7992730936701573e-05,0.0,0.062381488241175106,3.5985461873403146e-05,0.0062409364538803
SX,0.0,0.0,0.0,0.0,0.0,0.0,0.0,0.0,0.0,0.0,0.0,0.0,0.0,0.0,0.0,0.1,0.0,0.0,0.0,0.0,0.0,0.0,0.0,0.0,0.0,0.0,0.0,0.0,0.0,0.0,0.0,0.0,0.0,0.0,0.0,0.0,0.0,0.0,0.0,0.0,0.0,0.0,0.0,0.0,0.0571428571428571,0.0,0.0,0.0,0.0,0.0,0.0,0.0,0.0,0.0,0.0,0.0,0.0,0.0,0.0,0.0,0.0,0.0,0.0,0.0,0.0,0.0,0.0,0.0,0.0,0.0,0.0362123256860098,0.0,0.0095238095238095,0.0833333333333333,0.0,0.0,0.0,0.0,0.0,0.0,0.0,0.0,0.0,0.0,0.0,0.0,0.0,0.0,0.0,0.0,0.0,0.0,0.0,0.0,0.0,0.0,0.0,0.0,0.0,0.0314889788573999,0.0,0.0128205128205128,0.0,0.0,0.0,0.0,0.0,0.0,0.0,0.0,0.0,0.0,0.0,0.0,0.0,0.0,0.0,0.0,0.0,0.0,0.0,0.0,0.0,0.0,0.0,0.0,0.0,0.0,0.0,0.0,0.0,0.0,0.0,0.0,0.0,0.0,0.0,0.0,0.0,0.0,0.0,0.0,0.0,0.0,0.0,0.0,0.0,0.0,0.0,0.0,0.0,0.0,0.0,0.0,0.0,0.0,0.0,0.0,0.0,0.0,0.0,0.0,0.0,0.0,0.0,0.0,0.0,0.0,0.0,0.0,0.0,0.0,0.0,0.0,0.0,0.0,0.0,0.0,0.0,0.0,0.0,0.0,0.0,0.0,0.0,0.0,0.0,0.0,0.0,0.0,0.0,0.0,0.0,0.0,0.0,0.0,0.0,0.0,0.0,11.151172803804382,0.0,0.0,0.0,0.0,0.0,0.0,0.0,0.0,0.0,0.0,0.0,0.0,0.0,0.0,0.0,0.0,0.0,0.0,8.16985733564681,0.0,0.0,0.0,0.0,0.0,0.0,0.0,0.0,0.0,0.0,0.0,0.0,0.0,0.0
SY,0.0,0.7066155261807436,0.0,0.0,0.0,0.0,0.4026990553306342,0.0,0.0,0.2001064486598113,0.621978021978022,0.0,0.0,0.0,0.0,0.0,0.0021505376344086,0.0232238349885408,0.0,0.0,0.0026990553306342,0.0,0.0,0.0,0.0,0.0,0.0,4.257946392454919e-05,0.0,0.0,0.0,0.0,0.0,0.0,0.5095996493199022,0.0,0.0,0.0,0.003076923076923,0.0310236207342932,0.0,0.0,0.0794871794871794,0.0666879563986289,0.6898942560707265,0.0,0.0,0.0,0.0,0.0,0.0,0.0,0.0151515151515151,9.292063492063491,0.0,0.0001277383917736,0.0,6.386919588682378e-05,0.0829343425453265,0.0357142857142857,0.0,4.16274182361229,0.0,0.0,0.0724548534857023,0.0,0.0126007326007326,0.0,0.0,0.0,0.0667092461305912,0.0,2.449878457040749,0.0,0.0026990553306342,0.0,0.0,0.0,0.0,0.0,0.0,0.0,0.0,0.0,0.0033613445378151,0.0001064486598113,0.0,0.0,0.0,0.0,0.0,2.3364102564102565,6.386919588682378e-05,0.0,0.0584045584045584,0.0,1.739086406202712,0.0,1.605139800448725,0.1612275383523985,0.0,1.4641977549392762,0.0,0.0,1.7466521804489834,0.0678912590677295,0.0,0.0,0.0,0.0,0.0,0.0,0.0,0.0,0.050043377674956604,0.0,0.0128205128205128,0.0,4.471185958714563,0.0,0.0,0.0,0.0,0.0,0.0,0.5098901098901099,0.0,0.0001703178556981,0.0311308182833103,0.0,0.0,0.0,0.0,0.0,0.0,0.0,0.0,0.0,0.0,0.0,0.0,0.0,0.0,0.0151515151515151,0.0,0.0,0.5061538461538462,0.9242775742775742,0.0,0.0,0.0,0.0,0.0,0.4151203825164354,0.0,0.003076923076923,0.0,0.0026990553306342,0.0,0.0,1.0,0.021394111439878,0.0,0.0,0.0,0.0,2.1289731962274597e-05,2.594213422380897,0.0,0.0,0.0,0.6583184800820767,0.6062515262515262,0.0,0.0,2.742267877050486,0.0,0.0478632478632478,0.000234187051585,0.0,0.0,3.908111407419713,0.0,0.0,0.7326043352359142,0.043000518000518004,0.2155844155844155,0.0,0.0,0.0,0.6666666666666666,0.0,0.0,0.0,0.0,0.0,0.0,0.0,0.0,0.0,461.4965105655245,0.0,0.0,0.0,0.0,0.0,0.0,0.0,0.0,0.753968253968254,0.0,0.0737167316114684,0.0,0.0,0.0211538461538461,0.0,0.0,0.0444444444444444,19.578720580091247,0.0,0.6666666666666666,0.0,0.0,0.0,0.0,0.12087912087912081,0.0,0.0,0.1819664545980335,0.0,0.0028702925809651,0.0,0.0
SZ,0.0,0.0,1.7992730936701573e-05,0.0,0.0,0.0008696872443908,0.0001155394314195,0.0001155394314195,8.996365468350786e-06,0.0008696872443908,7.197092374680629e-05,0.0,0.0,1.7992730936701573e-05,0.0007541478129713,0.0,0.0072905227427874,1.0023779828703336,0.0001155394314195,0.001721381757845,0.0,5.776971570977887e-05,0.0067244363823764,0.0,0.0,1.7992730936701573e-05,0.0,0.000799129640313054,0.0,0.0033333333333333,0.0,0.024457237725725403,0.0001155394314195,0.0,5.397819281010472e-05,0.0,0.0001733091471293,5.776971570977887e-05,0.0,0.39538340584976317,5.776971570977887e-05,0.0,2.698909640505236e-05,0.0001733091471293,0.5334862715462954,8.996365468350786e-06,8.996365468350786e-06,1.7992730936701573e-05,0.0,0.0,0.0,0.0007541478129713,0.0001733091471293,0.2376518933424771,0.0,0.0001155394314195,0.0,1.7992730936701573e-05,5.776971570977887e-05,2.698909640505236e-05,0.0008119175286810788,0.0003466182942586,0.0,0.0,0.0021437624987501,0.6691965961042184,5.776971570977887e-05,0.0,0.0,0.0,0.2334276365191037,5.776971570977887e-05,0.0138125433864895,0.0,0.0034488727647528,0.0,0.0,0.0020402150003334,0.0,0.0,0.0036182722749886,0.0,0.0,0.0,0.0015082956259426,1.7992730936701573e-05,0.0,0.0,1.7992730936701573e-05,5.776971570977887e-05,1.7992730936701573e-05,0.0001155394314195,0.0073804863974709,5.776971570977887e-05,0.0003248340404222,0.0,1.1359481912164628,0.0,9.896002015185864e-05,0.0067206448594767,0.0007541478129713,1.0010429963915202,0.0,1.7992730936701573e-05,1.7992730936701573e-05,8.996365468350786e-06,0.3622161568667225,8.996365468350786e-06,8.996365468350786e-06,0.0,0.0,0.0,0.0,0.0007721405439080016,0.0,0.0,8.996365468350786e-06,8.996365468350786e-06,1.7992730936701573e-05,0.0,0.0,8.996365468350786e-06,0.0,0.0113329456613038,0.0008119175286810788,0.0,0.0001155394314195,0.0001155394314195,0.0002888485785488,0.0,0.0,0.0,0.0,5.776971570977887e-05,0.0,5.776971570977887e-05,0.0001155394314195,8.996365468350786e-06,0.0018181325029626,0.0,0.0001155394314195,0.0,0.0,0.0,0.0,0.2161039559578585,2.698909640505236e-05,2.698909640505236e-05,0.0275982088314217,0.11668479462370039,0.0,5.776971570977887e-05,0.0,1.1031500866422133,1.7992730936701573e-05,0.001774255313138,0.028589695306458877,2.698909640505236e-05,0.0,0.0,1.7992730936701573e-05,0.0,1.7992730936701573e-05,8.096728921515707e-05,0.0,8.996365468350786e-06,0.001827128868431,0.0001079563856202,0.0032476701147244,0.0,0.0,0.0,0.0001155394314195,0.0,1.7992730936701573e-05,0.0,0.0,0.0009274569601006,0.0009274569601006,0.0011007661072299,0.0191053887633288,1.7992730936701573e-05,0.0,0.0,0.0001155394314195,0.20400478743831452,1.7992730936701573e-05,0.0,0.0008696872443908,0.0,0.0008696872443908,0.0,0.0,0.0001155394314195,0.0,0.0,0.0,0.0,1.7992730936701573e-05,0.0,0.0,20.02890057842285,0.0,5.776971570977887e-05,5.776971570977887e-05,0.0001169527510885,0.0,0.0033423296988016,0.0,5.776971570977887e-05,0.0,7.197092374680629e-05,0.0,0.0,0.4000089963654684,1.0062059714282503,0.0001733091471293,0.0180573082176325,2.033569056880294,8.996365468350786e-06,8.996365468350786e-06,0.0,0.0,1.7992730936701573e-05,0.0,0.0018361252338993,0.0,0.0,8.996365468350786e-06,0.0,1.6164464152214149,0.0214620090537512,0.611880429814232
TC,0.0,0.0,0.0,0.0,0.0,0.0,0.0,0.0,0.0,0.0,0.0,0.0,0.0,0.0,0.0,0.0555555555555555,0.0,0.0,0.0,0.0,0.0,0.0,0.0,0.0,0.0,0.0,0.0,0.0,0.0277777777777777,0.0,0.0,0.0,0.0,0.0,0.0,0.0,0.0,0.0,0.0,0.0,0.0,0.0,0.0,0.0,0.0,0.0,0.0,0.0,0.0,0.0,0.0,0.0,0.0,0.0,0.0,0.0,0.0,0.0,0.0,0.0,0.0,0.0,0.0,0.0,0.0,0.0,0.0,0.0,0.0,0.0,0.0,0.0,0.0,0.1428571428571428,0.0,0.0,0.0,0.0,0.0,0.0,0.0,0.0,0.0,0.0,0.0,0.0,0.0,0.0,0.0,0.0,0.0,0.0,0.0,0.0,0.0,0.0,0.0,0.0,0.0,0.0,0.0,0.0,0.0,0.1111111111111111,0.0,0.0,0.0,0.0,0.0,0.0,0.0,0.0,0.0,0.0,0.0,0.0,0.0,0.0,0.6666666666666666,0.0,0.0,0.0,0.0,0.0,0.0,0.0,0.0,0.0,0.0,0.0,0.0,0.0,0.0,0.0,0.0,0.0,0.0,0.0,0.0,0.0,0.0,0.0,0.0,0.0,0.0,0.0,0.0,0.0,0.0,0.0,0.0,0.0,0.0,0.0,0.0,0.0,0.0,0.0,0.0,0.0,0.0,0.0,0.0,0.0,0.0,0.0,0.0,0.0,0.0,0.0,0.0,0.0,0.0,0.0,0.0,0.0,0.0,0.0,0.0,0.6666666666666666,0.0,0.0,0.0,0.0,0.0,0.0,0.0,0.0,0.0,0.0,0.0,0.0,0.0,0.0,0.0,0.0,0.0,0.0,0.0,0.0,0.0,0.0,1.8412698412698412,0.0,0.0,0.0,0.0,0.0,0.0,0.0,0.0,0.0,0.0277777777777777,0.0,0.0,0.0,0.0,0.0,0.1428571428571428,0.0,0.0,0.0,0.0,0.0,0.0,0.0,0.0,0.0,0.0,0.0,0.0,0.0,0.0
TD,0.0,0.0,1.7992730936701573e-05,0.0,0.0,0.0001155394314195,0.0001155394314195,0.0001155394314195,8.996365468350786e-06,0.0001155394314195,0.0357862566380325,0.0,0.0,1.7992730936701573e-05,0.0,0.0,5.397819281010472e-05,0.0001155394314195,0.0017962117003271,0.0002130861319024,0.0,5.776971570977887e-05,5.776971570977887e-05,0.0,0.0,1.7992730936701573e-05,0.0,4.498182734175393e-05,0.0,0.0,0.0,5.776971570977887e-05,0.0001155394314195,0.0,0.0017346504617176,0.0,0.0001733091471293,5.776971570977887e-05,0.0016806722689075,0.0001733091471293,5.776971570977887e-05,0.0,2.698909640505236e-05,1.2702013203516112,0.0001529382129619,8.996365468350786e-06,8.996365468350786e-06,1.7992730936701573e-05,0.0,0.0,0.0,0.0,0.0001733091471293,0.0002310788628391,0.0,0.0001155394314195,0.0,1.7992730936701573e-05,0.0017384419846173,2.698909640505236e-05,5.776971570977887e-05,0.5053886351009813,0.0,0.0,0.0006354668728075,0.0019117511317466,5.776971570977887e-05,0.0,0.0,0.0,1.0850217939956144,0.18187595153389158,0.0006932365885173,0.0,0.0001155394314195,0.0,0.0,0.0035924234006542,0.0,0.0,0.1818181818181818,0.2,0.0,0.0,0.0,1.7992730936701573e-05,0.0,0.0,1.7992730936701573e-05,5.776971570977887e-05,1.7992730936701573e-05,0.0001155394314195,0.0001439418474936,5.776971570977887e-05,0.0003248340404222,0.0,0.0002339055021771,0.0,9.896002015185864e-05,5.397819281010472e-05,0.0,0.2669555152452155,0.0,1.7992730936701573e-05,1.7992730936701573e-05,8.996365468350786e-06,0.1678644571803373,8.996365468350786e-06,8.996365468350786e-06,0.0,0.0,0.0,0.0,1.7992730936701573e-05,0.0,0.0,8.996365468350786e-06,8.996365468350786e-06,1.7992730936701573e-05,0.0,0.0,8.996365468350786e-06,0.0,0.0,5.776971570977887e-05,0.0,0.0001155394314195,0.0001155394314195,0.0002888485785488,0.0,0.0,0.0,0.0,5.776971570977887e-05,0.0,5.776971570977887e-05,0.0001155394314195,8.996365468350786e-06,8.996365468350786e-06,0.0,0.0001155394314195,0.0,0.0,0.0016806722689075,0.0,0.0018539814160368,0.5091178981873141,2.698909640505236e-05,0.0018539814160368,0.0,0.0,5.776971570977887e-05,0.0,0.0024316785731346,1.7992730936701573e-05,0.0001155394314195,5.776971570977887e-05,2.698909640505236e-05,0.0,0.0,1.7992730936701573e-05,0.0,1.7992730936701573e-05,8.096728921515707e-05,0.0,8.996365468350786e-06,1.7992730936701573e-05,0.0001079563856202,0.0002310788628391,0.0,0.0,0.0,0.0001155394314195,0.0,1.7992730936701573e-05,0.0,0.0,0.0001733091471293,0.0001733091471293,0.0003466182942586,5.776971570977887e-05,1.7992730936701573e-05,0.0,0.0,0.0001155394314195,0.0001155394314195,1.7992730936701573e-05,0.0,0.0001155394314195,0.0,0.0001155394314195,0.0,0.0,0.3320992420033574,0.0,0.0,0.0,0.0,1.7992730936701573e-05,0.0,0.0,5.776971570977887e-05,0.0,12.984868725663583,5.776971570977887e-05,0.0001169527510885,0.0,8.996365468350786e-06,0.0,5.776971570977887e-05,0.0,7.197092374680629e-05,0.0,0.0,8.996365468350786e-06,0.0019695208474564,0.0001733091471293,0.0002310788628391,0.126709272180219,8.996365468350786e-06,8.996365468350786e-06,0.0,0.0,1.7992730936701573e-05,0.0,2.698909640505236e-05,0.0,0.0,8.996365468350786e-06,0.0,0.1128781105380971,0.0001155394314195,0.0017384419846173
TG,0.0,0.0,1.7992730936701573e-05,0.0,0.0,0.0001155394314195,0.0001155394314195,0.0001155394314195,8.996365468350786e-06,0.0001155394314195,7.197092374680629e-05,0.0,0.0,1.7992730936701573e-05,0.0,0.0,5.397819281010472e-05,0.0001155394314195,0.9058352583090331,0.0002130861319024,0.0,5.776971570977887e-05,2.60210768058915,0.0,0.0,1.7992730936701573e-05,0.0,0.1667116484940084,0.0,0.0,0.0,5.776971570977887e-05,0.0001155394314195,0.0,0.231006359145191,0.0,0.2913821003559205,0.38187595153389153,0.0666666666666666,0.0814539786630929,1.438406847538472,0.0,2.698909640505236e-05,0.7540805130543332,1.1206657587257824,0.006015002371474351,8.996365468350786e-06,1.7992730936701573e-05,0.0095238095238095,0.0,0.0,0.0,0.0001733091471293,0.8255398462768697,0.0,0.0001155394314195,0.0,1.7992730936701573e-05,5.776971570977887e-05,2.698909640505236e-05,5.776971570977887e-05,0.4011402690879094,0.0,0.0,0.0006354668728075,0.0002310788628391,5.776971570977887e-05,0.0,0.0,0.0,3.643023217631713,0.0667244363823764,0.036407522302803,0.0,0.0001155394314195,0.0,0.0,0.5978501264818867,0.0,0.0,0.0,0.0,0.0,0.0,0.0,1.7992730936701573e-05,0.0,0.0,1.7992730936701573e-05,5.776971570977887e-05,1.7992730936701573e-05,0.0001155394314195,0.0001439418474936,5.776971570977887e-05,0.0003248340404222,0.0,1.4573767626450342,0.0,9.896002015185864e-05,0.0030569811958131047,0.0,1.000288848578549,0.0,1.7992730936701573e-05,1.7992730936701573e-05,8.996365468350786e-06,0.1429726822885623,8.996365468350786e-06,8.996365468350786e-06,0.0,0.0,0.0,0.0,1.7992730936701573e-05,0.0,0.0,8.996365468350786e-06,8.996365468350786e-06,1.7992730936701573e-05,0.0,0.0,8.996365468350786e-06,0.0,0.0,5.776971570977887e-05,0.0,0.0001155394314195,0.0001155394314195,1.2287381770278771,0.0,0.0,0.0,0.0,0.0610467807047207,0.0,5.776971570977887e-05,0.4099574519049109,8.996365468350786e-06,8.996365468350786e-06,0.0,0.0001155394314195,0.0,0.0,0.0,0.0,0.0001733091471293,2.698909640505236e-05,2.698909640505236e-05,0.0001733091471293,0.0,0.0,5.776971570977887e-05,0.0,1.3912271967804175,1.7992730936701573e-05,0.0001155394314195,5.776971570977887e-05,2.698909640505236e-05,0.0,0.0,1.7992730936701573e-05,0.0,1.7992730936701573e-05,8.096728921515707e-05,0.0,8.996365468350786e-06,1.7992730936701573e-05,0.3001079563856202,0.0002310788628391,0.0,0.0,0.1666666666666666,0.0001155394314195,0.0,1.7992730936701573e-05,0.0,0.0,0.0001733091471293,0.0001733091471293,0.0003466182942586,0.0286291982871383,1.7992730936701573e-05,0.0,0.0,0.009639348955229,0.0001155394314195,1.7992730936701573e-05,0.0,0.3810679203838005,0.0,0.0001155394314195,0.0,0.0,0.2318005211164012,0.0,0.0,0.0,0.0,1.7992730936701573e-05,0.0,0.0,5.776971570977887e-05,0.0,5.776971570977887e-05,110.9379032282337,0.0001169527510885,0.0,8.996365468350786e-06,0.0,0.0110467807047207,0.0,0.5000719709237468,0.0,0.0,8.996365468350786e-06,0.0002888485785488,0.0001733091471293,0.0002310788628391,0.3447963432084665,8.996365468350786e-06,8.996365468350786e-06,0.0,0.0,1.7992730936701573e-05,0.0,2.698909640505236e-05,0.0,0.0,8.996365468350786e-06,0.0,0.4077107804481664,0.009639348955229,5.776971570977887e-05
TH,0.0,1.0510659409684033,0.0002339055021771,0.1,0.0,0.0003072888332195237,0.000901300159251,0.0002399609473469,0.2067611197175734,11.387508641900931,51.66352795079037,0.0,0.0,0.0009038187483688,0.009628393346303747,1.4450957768352408e-05,5.180732794848934,6.19025231145233,0.0002339055021771,0.0422508271157295,5.531488782375487e-05,0.0278947305288663,0.0001241782299727,0.0,0.1350713614233188,0.0126178064309696,0.0277777777777777,2.9538020903580122,0.0,2.596318122484793,0.0,0.0078765585409886,0.22548464809543192,3.027722584918157e-06,27.729970018849823,0.0,0.0003659968661902,0.0001169527510885,0.0,5.051729925249026,0.0001272059525576,0.0,1.4594798964582505,0.0961235562790363,76.28813007686591,0.2922243864994672,0.0155056443944795,0.1645485217034281,7.225478884176204e-06,0.0,0.0,0.0714646988229923,0.7053083152916239,23.162230263487857,0.0,3.7155574630552195,0.0,0.0003042611106346237,0.7425369226837888,0.2110464881403516,0.061570062476415395,1.1173176566035772,0.0,0.0,5.539034246857345,0.11625699588987,2.908275282072007,1.2024462498691284,0.0,5.546311702717693e-06,18.77698092818754,0.0001169527510885,70.84490047333188,0.1666666666666666,0.0953310609573795,0.0,0.0,0.038799581518308104,0.0,0.0,1.1601756872554009e-05,0.0,0.0,0.0,1.584116022793004,0.0101066977759865,0.0,8.57403428763585e-06,0.0002339055021771,0.16130150139473065,0.0045731630326505,0.1840822260020046,32.10928062058288,2.7900923961244413,0.5199889823341427,0.0,43.83424884950881,0.0,1.3201612674879624,7.860822076809073,1.166762325578752,10.060607610151633,0.0,0.1413821298673661,1.3394377511232864,154.76294334911265,0.45096773782261024,0.0014540821326651,1.311023621688473,0.0,0.0,0.1117604617604616,0.0,32.07637742656445,0.16670717033907587,0.0,0.0555643248264682,1.9256325815907822,0.2028458950145429,0.0,0.0,1.8033957188897531,0.0,0.0,0.03758535069693,0.040502064669142204,0.029202608992118698,0.3963433479177759,0.8415405803603692,0.0,0.0276782373911924,2.8901915536704812e-05,0.0,0.0001169527510885,0.0,0.2001241782299727,0.0469871522554238,6.891006262307609,0.29425255858583743,0.0,0.0002339055021771,0.0,0.007344805052554065,7.225478884176204e-06,0.25,0.009023317869042601,1.7975475999843584,26.96379010684327,0.0003611114547347,0.0,0.0,0.0001241782299727,5.546311702717693e-06,2.9968545850426502,0.0002339055021771,8.229916338085607,2.1070562718860053,4.3360583040408525,0.0,0.0,5.168216249174082,1.1092623405435386e-05,0.012062886431780225,0.1195312620938917,0.0,0.0001169527510885,4.8260335690171825,9.14699201037104,2.6461749883787844,0.0,0.0,2.8901915536704812e-05,5.2236409351393895,0.0,0.0002544119051153,1.1181803545062472,0.1428571428571428,0.5366556595627698,0.851636113221357,2.4068475657570825,0.0529093595057594,5.224154537536415,1.4450957768352408e-05,1.4450957768352408e-05,0.0261728108847776,5.118668846491882,23.085193839281892,0.0,0.0487174988813753,0.0,0.6829839420984243,0.0,1.4450957768352408e-05,0.0079879649803745,0.0,0.0,3.027722584918157e-06,0.0,0.0169954899317789,0.0,0.0,0.0001169527510885,0.0,0.0001169527510885,0.0001169527510885,6021.134790360459,1.7478680353270565e-05,0.0007782919629926,7.225478884176204e-06,0.055652041594170004,7.225478884176204e-06,2.5671499906174025,0.0,0.0,40.53876491785627,0.058478002591999,0.2400371916112671,0.031348564573696,221.54081525946086,0.005463775402704,0.052960329001751,0.0,0.0,0.3018047117028223,0.0,29.26544115995553,0.0,3.027722584918157e-06,1.8347857362988171,0.0,24.046934601517272,0.0002339055021771,0.0167704118503748
TJ,0.0,4.369670088317641e-06,0.0,0.0,0.0,0.0235621791820833,0.0290014767832498,4.541583877377235e-06,4.3868614672236e-05,0.0336364139553174,0.0048734173060513,0.0,0.0,0.0291893689721718,0.0263568934530114,8.739340176635283e-06,2.1848350441588205e-05,0.0024089626459712,0.0,0.0131764485095723,0.0,0.0,4.369670088317641e-06,0.0,8.739340176635283e-06,0.0,0.0,0.014510730944221902,0.0,0.0,0.0,0.0,0.0231720605862481,2.2707919386886176e-06,0.045330202137527906,0.0,1.1353959693443088e-05,0.0,0.0,0.0013604476199275,6.6404620270062585e-06,0.0,0.09681087156439021,0.0906540048100842,1.7762615389796488,4.875402612773243e-05,2.20202642306478e-05,0.0190650977279723,4.369670088317641e-06,0.0,0.0,0.0026217825293231,0.0171519135106494,2.1311063138915003,0.0,0.0291741588618277,0.0,1.3109010264952922e-05,1.3109010264952922e-05,0.0182451350692208,0.0116962978685201,0.0615088993111767,0.0,0.0,0.062492702803560105,8.911253965694876e-06,0.0063239820503593,4.369670088317641e-06,0.0,0.0,0.0106744778591171,0.0,0.0283192208341266,0.0,0.0310720702770296,0.0,0.0,8.911253965694876e-06,0.0,0.0,4.541583877377235e-06,0.0,0.0,0.0,0.0027184310126333,1.3452837843072112e-05,0.0,2.2707919386886176e-06,0.0,0.0142368866825835,6.6404620270062585e-06,0.0064643124866201,0.1428812619995231,0.0231415685397211,0.0012970014467524,0.0,0.1676725043302844,0.0,2.2707919386886176e-06,0.2994244834516666,2.1848350441588205e-05,0.2793068426306237,0.0,3.722815264522975e-05,3.740006643428934e-05,8.529452361672379e-05,0.05883663842202965,0.03633295737982779,0.0,0.0,0.0,0.0,0.0,5.016524912112308e-05,2.20202642306478e-05,0.0,0.1230975843966775,0.0,8.739340176635283e-06,0.0,0.0,0.0,0.0,0.0,0.0132024946163132,1.5207888414581947e-05,0.0131696361337563,0.0,0.0714418523526254,0.0,0.0422045264814232,0.0160247331065003,0.0,0.0,0.0,0.0205345777980826,0.0,3.041577682916389e-05,0.0,0.0,0.0,0.0,0.0131698080475453,4.369670088317641e-06,0.0,8.739340176635283e-06,6.554505132476461e-05,0.0117962369309907,6.6404620270062585e-06,0.0,0.0,4.369670088317641e-06,0.0,0.0142033068139382,0.0,0.0013889364323961,0.0170501320037076,3.705623885617015e-05,0.0,0.0,4.806637097149405e-05,0.0,1.5551715992701137e-05,4.8238284760553646e-05,0.0,0.0,3.495736070654113e-05,0.27629970187619357,0.0411337265885492,0.0,0.0,1.7478680353270565e-05,0.0589272513587279,0.0,1.3280924054012515e-05,8.739340176635283e-06,0.0,0.0412240220711442,0.0329232768597428,1.5674081223515717,0.0,2.4119142380276823e-05,8.739340176635283e-06,8.739340176635283e-06,2.2707919386886176e-06,0.0063021336999177,0.0635687905892926,0.0,0.0073978022755396,0.0,0.0109110309278799,0.0,0.020326685354717,0.0,0.0,0.0,2.2707919386886176e-06,0.0,0.0,0.0,0.0,0.0,0.0,0.0,0.0,1.7478680353270565e-05,36.716952096940034,0.0,0.0351898713536319,1.974947229195918e-05,4.369670088317641e-06,0.07820270801515031,0.0,0.0,3.949894458391836e-05,8.739340176635283e-06,0.0291961813479879,1.3280924054012515e-05,1.2090462934407635,1.7478680353270565e-05,0.025933489044271,0.0,0.0,1.782250793138975e-05,0.0,6.117538123644698e-05,0.0,2.2707919386886176e-06,4.369670088317641e-06,0.0,5.050907669924227e-05,0.0,0.0
TL,0.0,0.0,1.7992730936701573e-05,0.0,0.0,1.7992730936701573e-05,7.31043319287104e-05,1.7992730936701573e-05,8.996365468350786e-06,1.7992730936701573e-05,0.7395591504109262,0.0,0.0,7.31043319287104e-05,0.0,0.0,0.0003295361977701,1.7992730936701573e-05,0.0030949158078597016,1.7992730936701573e-05,0.0,8.996365468350786e-06,0.0128295091859811,0.0,0.0,1.7992730936701573e-05,0.0,4.498182734175393e-05,0.0,0.006410256410256301,0.0,8.996365468350786e-06,1.7992730936701573e-05,0.0,5.397819281010472e-05,0.0,2.698909640505236e-05,8.996365468350786e-06,0.0,2.698909640505236e-05,8.996365468350786e-06,0.0,2.698909640505236e-05,2.698909640505236e-05,0.0012000586318101,8.996365468350786e-06,0.003085919442391351,1.7992730936701573e-05,0.0,0.0,0.0,0.0,2.698909640505236e-05,0.0428564982823861,0.0,1.7992730936701573e-05,0.0,1.7992730936701573e-05,8.996365468350786e-06,2.698909640505236e-05,8.996365468350786e-06,5.397819281010472e-05,0.0,0.0,9.896002015185864e-05,3.5985461873403146e-05,8.996365468350786e-06,0.0,0.0,0.0,2.698909640505236e-05,8.996365468350786e-06,0.0006590723955402,0.0,0.00335132606427,0.0,0.0,3.5985461873403146e-05,0.0,0.0,0.0,0.0,0.0,0.0,0.0,1.7992730936701573e-05,0.0,0.0,1.7992730936701573e-05,8.996365468350786e-06,1.7992730936701573e-05,1.7992730936701573e-05,0.6676923941300325,8.996365468350786e-06,0.0005218600971512,0.0,0.0019974767339214,0.0,0.0007602992320559,0.0071064260664208,0.0,4.498182734175393e-05,0.0,1.7992730936701573e-05,0.0001833275339127,6.41079664603596e-05,0.0066846593976033,0.0001192195674523,8.996365468350786e-06,0.0,0.0,0.0,0.0,0.0001282159329207,0.0,0.0,0.00621795412030646,0.0001192195674523,0.0032051390098437,0.0,0.0,6.41079664603596e-05,0.0,0.0,8.996365468350786e-06,0.0,1.7992730936701573e-05,1.7992730936701573e-05,4.498182734175393e-05,0.0,0.0,0.0,0.0,8.996365468350786e-06,0.0,8.996365468350786e-06,1.7992730936701573e-05,8.996365468350786e-06,0.0031410310433833597,0.0,1.7992730936701573e-05,0.0,0.0,0.0,0.0,2.698909640505236e-05,2.698909640505236e-05,0.000137212298389,2.698909640505236e-05,0.0,0.0,8.996365468350786e-06,0.0,0.0001169527510885,1.7992730936701573e-05,1.7992730936701573e-05,8.996365468350786e-06,0.0063461700532271,0.0,0.0,0.53335132606427,0.0,1.7992730936701573e-05,8.096728921515707e-05,0.0,8.996365468350786e-06,0.0001282159329207,0.0010448536024843,3.5985461873403146e-05,0.0,0.0,0.0,1.7992730936701573e-05,0.0,1.7992730936701573e-05,0.0,0.0,2.698909640505236e-05,2.698909640505236e-05,0.0003846477987621,8.996365468350786e-06,0.0002384391349047,0.0,0.0,1.7992730936701573e-05,1.7992730936701573e-05,7.31043319287104e-05,0.0,1.7992730936701573e-05,0.0,1.7992730936701573e-05,0.0,0.0,1.7992730936701573e-05,0.0,0.0,0.0,0.0,1.7992730936701573e-05,0.0,0.0,0.0033423296988016,0.0,8.996365468350786e-06,8.996365468350786e-06,0.0007782919629926,0.0,3.504964902580485,0.0,8.996365468350786e-06,0.0,0.0006781985346589,0.003076923076923,0.0,6.41079664603596e-05,0.006198827981187854,2.698909640505236e-05,3.5985461873403146e-05,0.0288933640040192,8.996365468350786e-06,0.0001192195674523,0.0,0.0,1.7992730936701573e-05,0.0,8.210069739706118e-05,0.0,0.0,0.0001192195674523,0.0,0.006518212795876501,1.7992730936701573e-05,8.996365468350786e-06
TM,0.0,1.806369721044051e-06,0.0,0.0,0.0,0.0208795290170794,0.0254523459030456,1.5138612924590783e-06,1.7771188781855535e-05,0.0083196629480068,0.33337924950700565,0.0,0.0,0.0226606675768268,0.0298393325995264,3.612739442088102e-06,9.031848605220255e-06,0.0017235609161234,0.0,0.0076191667287905,0.0,0.0,1.806369721044051e-06,0.0,3.612739442088102e-06,0.0,0.0,0.0001325526447924,0.0,0.0,0.0,0.0,0.0220333442301405,7.569306462295393e-07,0.602418301128237,0.0,3.784653231147696e-06,0.0,0.0,0.0006703837115628,2.56330036727359e-06,0.0,1.2059571190138412e-05,1.3865940911182462e-05,0.4001093110276979,1.870003321714467e-05,8.739340176635283e-06,7.225478884176204e-06,1.806369721044051e-06,0.0,0.0,0.0013089989380459,0.0096050069027134,0.0218177521958424,0.0,0.046409828704105,0.0,5.419109163132152e-06,5.419109163132152e-06,5.12660073454718e-06,0.0068771990816488,9.031848605220255e-06,0.0,0.0,0.013471907027934,3.3202310135031293e-06,0.0041827149354599,1.806369721044051e-06,0.0,0.0,0.0034332293010054,0.0,0.65084111652221,0.0,0.0243842264634597,0.0,0.0,3.3202310135031293e-06,0.0,0.0,1.5138612924590783e-06,0.0,0.0,0.0,0.0164993766981383,4.834092305962208e-06,0.0,7.569306462295393e-07,0.0,0.0086498947364692,2.56330036727359e-06,0.0032283715900789,9.788779251449794e-06,0.0126009698132186,0.0006443376048219,0.0,8.7170168827759e-05,0.0,7.569306462295393e-07,0.0001577905017375,9.031848605220255e-06,0.0147038918973142,0.0,1.5207888414581947e-05,1.4915379985996977e-05,3.4677701206903886,5.419109163132152e-06,0.0296466274275503,0.0,0.0,0.0,0.0,0.0,2.2991937624868988,8.739340176635283e-06,0.0,0.021567845070466,0.0,3.612739442088102e-06,0.0,0.0,0.0,0.0,0.0,0.0076302974555453,6.468548237946665e-06,0.0076168959368518,0.0,5.12660073454718e-06,0.0,0.04768154335921,0.0090444444232238,0.0,0.0,0.0,0.0193668637210484,0.0,1.293709647589333e-05,0.0,0.0,0.0,0.0,0.0076166034284232,1.806369721044051e-06,0.0,3.612739442088102e-06,2.709554581566077e-05,0.0555973945675681,2.56330036727359e-06,0.0,0.0,1.806369721044051e-06,0.0,8.739340176635283e-06,0.0,0.0158334940120504,0.0095480607040727,1.550039684316692e-05,0.0,0.0,1.987006693148456e-05,0.0,5.88353138077672e-06,1.9577558502899587e-05,0.0,0.0,1.4450957768352408e-05,6.932970455591231e-06,0.0076926428704961,0.0,0.0,7.225478884176204e-06,0.1137274953327899,0.0,5.12660073454718e-06,3.612739442088102e-06,0.0,0.0130286707541355,0.1529759152584303,0.1714283807171482,0.0,9.788779251449794e-06,3.612739442088102e-06,3.612739442088102e-06,7.569306462295393e-07,0.0041736830868546,3.117270747539343e-05,0.0,0.0042255500373698,0.0,0.0025292680638141,0.0,0.0117247187041941,0.0,0.0,0.0,7.569306462295393e-07,0.0,0.0,0.0,0.0,0.0,0.0,0.0,0.0,7.225478884176204e-06,0.0351898713536319,0.0,22.60204437887679,7.982409530405743e-06,1.806369721044051e-06,0.1312491369032665,0.0,0.0,0.5357302505333466,3.612739442088102e-06,0.013139128844956,5.12660073454718e-06,0.8370296406884618,7.225478884176204e-06,0.023414058459152,0.0,0.0,6.6404620270062585e-06,0.0,2.5289176094616717e-05,0.0,7.569306462295393e-07,1.806369721044051e-06,0.0,2.0334489149129125e-05,0.0,0.0
TN,0.0052910052910052,2.0921227537970544,0.0441356397897602,0.0095238095238095,0.0,0.0001432713132419,0.0001231087378818,0.0254409934675312,0.22289344905759198,0.4062245144142521,0.7665358269553102,0.0,0.0,0.0031042467727936,0.0035540817003105,1.5964819060811486e-05,0.0476919714933706,2.7978656550939984,1.1145964833241284,0.4447063604858646,6.366754314784609,5.776971570977887e-05,0.0082623485571307,0.0,2.705744246624687e-05,1.7992730936701573e-05,0.0,1.8589654470763561,0.0,0.0,0.0,0.015624661000522101,0.0182973576132376,3.784653231147696e-06,8.023709941264045,0.0,0.1678764000974527,5.776971570977887e-05,0.0,2.465379261954864,0.0146236101560741,0.0,0.1590369715122068,0.076709607514031,2.515749775771594,0.0239481812668883,0.00957230483386177,4.9922369058324544e-05,7.982409530405743e-06,0.0,0.0,0.0061937582014981,0.111385755484308,7.688052281002916,0.0,0.6450575418306821,0.0,4.19399595279188e-05,4.069993095730491,0.1333838565552615,0.6668313179201467,3.279444155163385,0.0,0.0,13.65304644483704,0.0234030335522065,1.1233617211962352,7.982409530405743e-06,0.0,5.546311702717693e-06,121.38441816096079,5.776971570977887e-05,6.435153195425334,0.0,0.0183226533972323,0.0,0.0,1.2023400598260243,0.0,0.0,1.3115618165013083e-05,0.0,0.0,0.0,0.5563100344561781,0.0078239191832559,0.0,9.330964933865387e-06,1.7992730936701573e-05,0.0072677920313911,2.975979369825501e-05,0.5557521155475937,0.2902700104671994,0.4866266858783632,0.0021772946780483,0.0,5.722795729914205,0.0,7.556589515945856,1.89506994099104,3.991204765202871e-05,25.118356500673364,0.0,8.563666041109521e-05,1.1803965623202135,5.215670106294007,0.054115153017611994,2.4961184529162272e-05,8.996365468350786e-06,0.0,0.0,0.0,0.0,0.3529578337525266,0.0200796945150738,0.0,1.4531398084157028,8.996365468350786e-06,2.1340719001614006,0.0,0.0,2.008898887378617e-05,0.0,0.0,0.0003224311403036,2.8144984890475277e-05,0.3334808024028744,1.7948018838721962,5.104980234887153,0.1454545454545454,1.176706276155344e-05,0.0035780289289017,0.0,0.0159159855739256,0.0,0.0053849010614103,0.0151449544608345,6.528633524930134e-05,1.454267717106848e-05,0.0052910052910052,0.0307071700230501,0.0,3.151653505351262e-05,0.014848697250245199,0.0,0.0001892739661901,0.1737461283477854,1.0688242127757723,0.0022052782300929,0.0168609168609168,0.0,6.575212524018461e-05,5.546311702717693e-06,0.3532870749428053,1.7992730936701573e-05,0.5295599742438161,0.0002992646730727,0.0442404247462846,0.0,0.0,0.0029603483964767,0.42822199799323124,0.0044574763899561,0.0281012857423631,0.0,8.996365468350786e-06,0.024368038251554203,1.2262858710371423,2.841527717116331,0.0,0.0,0.6219455332758632,8.47982750439251,0.0,4.152685645980845e-05,5.534280558942635,0.0,0.026290654305084798,0.5469114706115694,0.0072272079849127,0.0911093107672508,38.33401373417741,1.5964819060811486e-05,1.5964819060811486e-05,0.0287571696640255,1.8369686806295829,1.65761675308604,0.0,0.4010513137032029,0.0,0.0910683270413936,0.0,1.5964819060811486e-05,0.0287942681101482,0.0,0.0,3.784653231147696e-06,0.0,1.7992730936701573e-05,0.0,0.753968253968254,5.776971570977887e-05,0.0,5.776971570977887e-05,0.0110467807047207,0.055652041594170004,1.974947229195918e-05,8.996365468350786e-06,7.982409530405743e-06,2076.1465575653865,7.982409530405743e-06,5.0258242980894074,0.0,0.0,0.2584188342646334,0.0171657302585265,0.0001884477600539,0.025321633773304097,11.695672231901879,0.0199147633393062,1.454267717106848e-05,0.0,0.0,0.0117009084029696,0.0,0.1800971479028014,0.0,3.784653231147696e-06,0.0651018901660665,0.0,1.0505789636391458,0.2469857063015864,0.009558508628213301
TO,0.0,1.806369721044051e-06,0.0,0.0,0.0,6.176039809361692e-06,1.5138612924590783e-06,1.5138612924590783e-06,1.7771188781855535e-05,3.659181663852559e-05,0.497213426128906,0.0,0.0,7.569306462295393e-07,1.806369721044051e-06,3.612739442088102e-06,9.031848605220255e-06,0.08337324538098533,0.0,9.49627082286482e-06,0.0,0.0,1.806369721044051e-06,0.0,3.612739442088102e-06,0.0,0.0,0.2858468383590781,0.0,0.0,0.0,0.0,0.0,7.569306462295393e-07,3.734874728475512e-05,0.0,3.784653231147696e-06,0.0,0.0,4.3817295522701787e-05,2.56330036727359e-06,0.0039525691699604,1.2059571190138412e-05,1.3865940911182462e-05,0.0001093110276979,1.870003321714467e-05,8.739340176635283e-06,7.225478884176204e-06,1.806369721044051e-06,0.0,0.0,9.031848605220255e-06,2.167643665252861e-05,7.638326965102893e-05,0.0,8.297241252850096e-05,0.0,5.419109163132152e-06,5.419109163132152e-06,5.12660073454718e-06,2.167643665252861e-05,9.031848605220255e-06,0.0,0.0,9.864472316072748e-05,3.3202310135031293e-06,6.141657051549773e-05,0.0620619400411078,0.0130718954248366,0.0,0.0040186479189928005,0.0,0.0001100679583441,0.0,4.369670088317641e-06,0.0,0.0,3.3202310135031293e-06,0.0,0.0,1.5138612924590783e-06,0.0,0.0,0.0,4.789445718243446e-05,4.834092305962208e-06,0.0,7.569306462295393e-07,0.0,3.012326840057892e-05,2.56330036727359e-06,1.281650183636795e-05,9.788779251449794e-06,1.730676656421097e-05,1.7771188781855535e-05,0.0,8.7170168827759e-05,0.0,7.569306462295393e-07,0.0001577905017375,9.031848605220255e-06,1.2142525315388333,0.0,1.5207888414581947e-05,1.4915379985996977e-05,3.507795534606651e-05,5.419109163132152e-06,3.612739442088102e-06,0.0,0.0,0.0,0.0,0.0,2.091950600629907e-05,8.739340176635283e-06,0.0,2.1091419795358664e-05,0.0,3.612739442088102e-06,0.0,0.0,0.0,0.0,0.0,2.0626997577714095e-05,6.468548237946665e-06,7.225478884176204e-06,0.0,5.12660073454718e-06,0.0,2.56330036727359e-06,7.225478884176204e-06,0.0,0.0,0.0,1.806369721044051e-06,0.0,1.293709647589333e-05,0.0,0.0,0.0,0.0,6.932970455591231e-06,1.806369721044051e-06,0.0,3.612739442088102e-06,2.709554581566077e-05,4.183901201259814e-05,2.56330036727359e-06,0.0,0.0039525691699604,1.806369721044051e-06,0.0,8.739340176635283e-06,0.0,5.541244449519563e-05,4.9528913114418906e-05,1.550039684316692e-05,0.0,0.0,0.11589177877771481,0.0,5.88353138077672e-06,1.9577558502899587e-05,0.0,0.0235604123072153,0.003967020127728753,6.932970455591231e-06,8.297241252850096e-05,0.0,0.0,7.225478884176204e-06,5.7218814216239685e-05,0.0,5.12660073454718e-06,3.612739442088102e-06,0.0,2.7852476461890304e-05,6.468548237946665e-06,3.041577682916389e-05,0.0,9.788779251449794e-06,3.612739442088102e-06,3.612739442088102e-06,7.569306462295393e-07,5.238472191027748e-05,3.117270747539343e-05,0.0,6.932970455591231e-06,0.0,9.788779251449794e-06,0.0,3.612739442088102e-06,0.0,0.0,0.0,7.569306462295393e-07,0.0,0.0,0.0,0.0,0.0,0.0,0.0,0.0,7.225478884176204e-06,4.369670088317641e-06,0.0,1.806369721044051e-06,7.982409530405743e-06,2.559403879731617,1.882062785667005e-05,0.0,0.0,1.5964819060811486e-05,3.612739442088102e-06,3.027722584918157e-06,5.12660073454718e-06,0.017084418623169572,7.225478884176204e-06,0.0,0.0,0.0,6.6404620270062585e-06,0.0,2.5289176094616717e-05,0.0065359477124183,0.01839441215294593,1.806369721044051e-06,0.0,2.0334489149129125e-05,0.0,0.0
TR,0.0094777792146213,9.458383949903958,2.5160169577205096,0.0508658008658008,0.6904761904761905,1.0677955641104924,0.22461345395819352,0.0001605943217106,3.4595952349361636,14.187136491235643,19.20093824875977,0.0,0.0,13.576636447601183,1.7329729153756666,0.0110266522447243,6.107868993321794,14.523178972433469,0.0001439418474936,5.8040415291486624,3.6175653570915998,7.197092374680629e-05,0.027873648617061896,0.0,0.027608406922789,0.0001439418474936,0.0,13.33956874301904,0.0,0.0,0.0,0.22434165970066255,0.4437604761658545,0.0016626880891661999,46.80423475436042,0.0,0.0135454055205066,7.197092374680629e-05,0.0,22.964323330480195,0.4620952571842321,0.0,5.941835315894955,4.960094763863376,35.90284199007915,1.3974515483319374,0.4517865061690065,0.38173993777093074,1.882062785667005e-05,0.0128205128205128,0.0,74.73535746128503,8.809250154193208,107.21213879268996,0.0,5.792513100874631,0.0222222222222222,0.2576799281930808,13.293463397519552,1.0866888622566737,1.012801665483788,13.61991148028529,0.0,0.0,39.7620756205287,0.5856871700637135,10.273767193935026,1.882062785667005e-05,0.0,2.218524681087077e-05,40.3286688935027,7.197092374680629e-05,103.63269588809115,0.0011436366222312999,0.629426877505343,0.0,0.0,0.029150289365925876,0.0,0.0,0.0006106560321435,0.0,0.0,0.0,31.979652107120387,0.0089446992316361,0.0,3.0511483919395705e-05,0.0001439418474936,2.074601512241852,0.0001710887124588,10.876014076203381,1.8730202609031557,13.523893870105903,11.810017806904387,0.0,57.989983363839706,0.0,26.7608425753863,145.30207399819102,0.8844143455897469,123.72323715446231,0.0,0.0003028331074554,10.707101215856735,32.83859682431044,0.9854187673643093,0.3960853910825551,2.081357173176691,0.0,0.0363636363636363,0.0181818181818181,0.0,18.998083572810064,14.241975537912127,0.0181818181818181,7.5919844093604585,0.001284426145571,3.4773390996979625,0.0,0.0,0.0053940519612816,0.0,0.0,1.4423382771653124,0.5165899178852535,1.6262608312807487,2.3345403981548283,7.866483209919485,0.0,0.2655915605971171,0.3683072527646396,0.0018939393939393,7.197092374680629e-05,0.0,5.1036555959822945,0.0046484463519981005,0.0480586851821273,0.0388822019632879,0.0039504810933382,0.0001439418474936,0.0,2.4847679903768056,3.929633255041052,0.0,0.067492039004736,4.72288669855646,8.73463429808675,0.0002430596362056,0.0,0.0052631578947368,9.079155160347632e-05,0.1125041477287733,6.79583243994221,0.0034920498420650996,23.53402511963102,7.788538907974337,0.4085459292370869,0.0,0.0,2.87150551887116,0.5574940547020042,0.0061492595145477,0.1710972457014453,0.0,7.197092374680629e-05,0.7627222082907639,67.81768769529866,26.841742665474143,0.0,0.0,5.688342642548404,18.25347171627667,0.0,0.005531958650444401,4.7356053668322975,0.0,12.067096946886139,12.969258512153568,13.262061719605382,0.154822935746531,34.5097951984076,3.76412557133401e-05,3.76412557133401e-05,3.2685197369199486,21.408547193428852,8.900428234805203,0.0,3.4992534790921264,0.0,2.56927767325547,0.0,0.0117587472204653,0.007859571973632,6.338095238095237,0.0011436366222312999,8.326237108524932e-06,0.0,0.003200435232775,0.0,0.0737167316114684,7.197092374680629e-05,0.0,7.197092374680629e-05,0.5000719709237468,2.5671499906174025,0.07820270801515031,0.0006781985346589,0.1312491369032665,5.0258242980894074,1.882062785667005e-05,23946.532449408878,0.0,0.0,10.529913565272405,0.5846625307016023,7.320978687614052,0.036114735729804906,478.3004562556648,0.0812018888675193,0.860450470798726,0.0,0.0,0.16352646766322101,0.0,2.3187375036409184,0.0,0.0005801445482242,2.256021008675888,0.0,4.111198872130197,0.0184858940129751,0.0270975131736483
TT,0.0,0.5309523809523808,0.0,0.0,0.0,0.0,0.0181818181818181,0.0,0.45714285714285696,0.0,0.1665018315018314,0.0,0.0,0.0,0.0,2.986399266073902,0.0,0.3333333333333333,0.003076923076923,0.0,0.0,0.0,0.0061538461538461,0.0173160173160173,0.0,0.0,0.0,0.7571928071928071,0.3086703283449644,0.003076923076923,0.0,0.0,0.0,0.5333333333333333,3.241478755162966,0.0,0.0,0.0,0.0,0.0363636363636363,0.0,0.0,0.0,0.0,0.5118548118548119,0.0,0.0212587412587412,0.0,0.0,0.0,0.0,0.0,0.0555555555555555,0.4561538461538461,0.0,0.0149346777253753,0.0,0.023391812865497,0.0,0.0,0.0,0.1380952380952381,0.0,0.0,0.2708949964763917,0.6666666666666666,0.0,0.0734265734265734,0.0,0.0,0.44775107933002656,0.0,7.241015767178558,0.0348098753671508,0.0033333333333333,0.0,0.0,0.049842555105713,0.0,0.0,0.0,0.0,0.0134952766531713,0.0,0.0,0.0,0.0,0.0,0.0,0.0,0.0309041835357624,0.0,0.0,0.0,0.0,0.0,6.671133278486219,0.0,0.0,0.0133333333333333,0.0,0.0666666666666666,0.0,4.791446798815219,0.0083333333333333,0.0222222222222222,0.0141295546558704,0.0,0.0,0.0,0.0,0.0476190476190476,0.0,0.6000000000000001,0.0,0.2425229741019214,0.0061538461538461,0.0,0.003076923076923,0.0407078301815143,0.0,0.0,0.0,0.0,0.0,0.0,0.0,0.0,0.0,0.0,0.0,0.0,0.0,0.0,0.0,0.0,0.0,0.0,0.003076923076923,0.0,0.0,0.0,0.0,0.0,0.0,0.0,0.0363636363636363,0.3865884115884115,0.0,0.0026990553306342,0.0,0.0,0.0,0.0523739483354279,0.0,0.0,0.0,0.0418681318681318,0.0,0.0,0.0346320346320346,0.0,0.0,0.0,0.0,0.0,0.0,0.7,0.0,0.0,0.0,0.0,0.1666666666666666,0.0,0.0,0.0,0.0,0.0,0.0,0.0,0.0,0.2837162837162836,0.0,0.0033333333333333,0.0,0.0,0.0,0.0,0.0,0.0,0.0,0.0,0.0,0.0,0.0,0.0,0.0,0.0,0.0285714285714285,0.0,0.0,0.0,0.0277777777777777,0.0,0.0,0.0,0.0,0.003076923076923,0.0,0.0,0.0,0.0,170.5604486968532,0.0,0.0,0.0094871794871794,0.0,0.0033333333333333,17.032717899413935,0.0,0.0,0.0,0.0476190476190476,0.3333333333333333,0.0,0.0,0.0,0.0,0.0,0.0,0.1168720168720167,0.0,0.0
TV,0.0,0.0,0.0,0.0,0.0,0.0,0.0,0.0,0.0,0.0,0.0,0.0,0.0,0.0,0.0,0.0,0.0,0.0,0.0,0.0,0.0,0.0,0.0,0.0,0.0,0.0,0.0,0.0,0.0,0.0,0.0,0.0,0.0,0.0,0.0,0.0,0.0,0.0,0.0,0.0,0.0,0.0,0.0,0.0,0.0,0.0,0.0,0.0,0.0,0.0,0.0,0.0,0.0,0.0,0.0,0.0,0.0,0.0,0.0,0.0,0.0,0.0,0.0,0.0,0.0,0.0,0.0,0.0,0.0,0.0,0.0,0.0,0.0,0.0,0.0,0.0,0.0,0.0,0.0,0.0,0.0,0.0,0.0,0.0,0.0,0.0,0.0,0.0,0.0,0.0,0.0,0.0,0.0,0.0,0.0,0.0,0.0,0.0,0.0,0.0,0.0,0.0,0.0,0.0,0.0,0.0,0.0,0.0,0.0,0.0,0.0,0.0,0.0,0.0,0.0,0.0,0.0,0.0,0.0,0.0,0.0,0.0,0.0,0.0,0.0,0.0,0.0,0.0,0.0,0.0,0.0,0.0,0.0,0.0,0.0,0.0,0.0,0.0,0.0,0.0,0.0,0.0,0.0,0.0,0.0,0.0,0.0,0.0,0.0,0.0,0.0,0.0,0.0,0.0,0.0,0.0,0.0,0.0,0.0,0.0,0.0,0.0,0.0,0.0,0.0,0.0,0.0,0.0,0.0,0.0,0.0,0.0,0.0,0.0,0.0,0.0,0.0,0.0,0.0,0.0,0.0,0.0,0.0,0.0,0.0,0.0,0.0,0.0,0.0,0.0,0.0,0.0,0.0,0.0,0.0,0.0,0.0,0.0,0.0,0.0,0.0,0.0,0.0,0.0,0.0,0.0,0.0,0.0,0.0,0.0,0.0,0.0,0.0,0.4761904761904761,0.1904761904761904,0.0,0.0,0.0,0.2285714285714285,0.0,0.0,0.0,0.0,0.0,0.0,0.0,0.0,0.0,0.0,0.0,0.0,0.0,0.0
TW,0.0,4.534749210312507,1.7992730936701573e-05,0.0,0.0,0.00011156810497302151,0.33342157627818664,3.313134386129236e-05,2.165014210051585,3.6628403931226003,57.35593944992696,0.0,0.0,0.0001028588852018,8.087038146750974e-05,3.192963812162297e-05,1.652241808496211,3.559279658855436,0.7222402149531589,0.0958356047621658,0.5238814776324556,8.996365468350786e-06,2.4961184529162272e-05,0.0,0.0310571613757624,0.0220768162603484,0.0,4.196145506369634,0.0,0.0037878787878787,0.0,0.1111422927233903,0.010159770005484,7.569306462295392e-06,46.625168605048174,0.0,0.0025038600189604,8.996365468350786e-06,0.0,12.578593127518669,3.2530490991457664e-05,0.0,1.5872751035691253,0.0011192388114983,350.1792746783017,0.17768178900367482,0.046373892264672104,0.0045882617231445,1.5964819060811486e-05,0.0,0.0,0.0246302820109469,4.441945645176586,26.41796982939836,0.0,3.6833523654676923,0.0,0.14375629523870015,0.00013911217997514914,0.0001962999791218321,0.050020975314593,22.306924511836378,0.0,0.0,15.875963803005634,0.1519490558584967,3.9659399495125567,1.5964819060811486e-05,0.0,2.218524681087077e-05,21.507444667716168,8.996365468350786e-06,86.02257946275034,1.2360028860028858,0.2106951484073681,0.0,0.0,0.0676868361236531,0.0,0.0,0.1000373238597354,0.0012195121951219,0.0,0.0,2.934801495313314,0.5227416155823075,0.0,2.9754553273166163e-05,1.7992730936701573e-05,0.1617176811490576,4.152685645980845e-05,6.827226627776808,50.48659818291128,3.1139229644917594,7.800413048168993,0.0,113.41140589416749,0.0,0.8437519693479327,12.50894906712614,0.148205315280581,27.505880851436594,0.0,0.0001532805898854,1.2982257490856122,155.2827270868529,0.9075938565560112,0.0001511492055739,0.0294775953992847,0.0,0.0,0.0,0.0,62.216833772855566,1.2357224287752417,0.0,2.179763398116908,0.0001192195674523,1.3268782831684356,0.2222222222222222,0.0,0.7813901038002473,0.0,0.0,0.6375581685669882,0.09097669853724832,0.3530383080877265,0.1667407976195436,0.08754257513596225,0.0,0.015833810805365,6.385927624324594e-05,0.0,8.996365468350786e-06,0.0,0.0017813813093003,1.7992730936701573e-05,1.834233914711839,3.5667412665923823,0.0,1.7992730936701573e-05,0.0,0.0012825452652289,1.5964819060811486e-05,0.0,3.16238954204076,1.201707400511596,34.799000385206426,5.052322192815924e-05,0.0,0.0,2.4961184529162272e-05,2.218524681087077e-05,1.7871318165468821,0.0012375049260586,10.623200451159754,2.4523779789199223,2.304087842420107,0.0,0.0,5.662644222497821,0.4585657233545972,0.011181283556235301,0.6616672621879014,0.0,8.996365468350786e-06,14.820475464922781,10.613673172787273,10.956678076719427,0.0,0.0,6.385927624324594e-05,2.5829329588909435,0.0,0.0035609037635399,0.21956015110179689,0.0,0.876669782374046,0.5010792133491129,23.10501071695706,0.3347456125671234,20.43051561973872,3.192963812162297e-05,3.192963812162297e-05,0.932245264855651,11.149656164597786,70.79509446206104,0.0,0.963338731125355,0.0,0.22206240676996972,0.3,3.192963812162297e-05,1.7992730936701573e-05,0.0,0.0,7.569306462295392e-06,0.0,5.04455121400507e-05,0.0,0.0211538461538461,0.4000089963654684,0.0,8.996365468350786e-06,8.996365468350786e-06,40.53876491785627,3.949894458391836e-05,6.41079664603596e-05,0.5357302505333466,0.2584188342646334,1.5964819060811486e-05,10.529913565272405,0.0,0.1904761904761904,22283.650638560735,0.3334102447987966,0.9572247995518968,0.2025442633499743,824.1444167095163,0.0152292902474053,0.0001414048142632,0.0,0.0,0.006222810850168,0.0,48.65203839822017,0.0,0.0001889587495967,0.000157369633324,0.0,6.187646835360554,1.7992730936701573e-05,0.0014066204046018
TZ,0.0,0.0020197417717000878,8.996365468350786e-05,0.0,0.0,0.0005900492367165,0.0008360874945958,0.019267593566551302,0.0020966532371634646,0.06339149826342419,1.931607331078205,0.0,0.0,9.147751597596694e-05,3.612739442088102e-06,7.225478884176204e-06,0.10228703330333419,0.6976903189631657,0.06647082363845949,0.0010844232011577,0.0,0.0098126581023584,0.0209334869590166,0.0,7.225478884176204e-06,8.996365468350786e-05,0.0,0.089472695575854,0.0,0.0061538461538461,0.0,0.3111297598613444,0.0005776971570977,0.0010229643209451,7.598141248044144,0.0,0.1929816451931173,0.0002888485785488,0.1216774098249877,1.2345636679689602,0.6826032429724223,0.0,0.0031966441163162,1.0971632158832223,7.889274508300623,0.025299030022124802,0.0179122130942896,0.0001044146124518,3.612739442088102e-06,0.0,0.0,0.3928752065543532,0.0009098986089517,9.4889413471546,0.0,12.404013023108286,0.0,0.0001008018730097,0.6726874297728533,0.0004005612984075,0.0003322014518539,1.3256004698637385,0.0,0.0,0.6992307268219523,1.2796300249524823,0.39817945067378946,3.612739442088102e-06,0.0,0.0,4.68630369306238,0.0002888485785488,13.834438339729058,0.0005107252298263,0.0039197698306077,0.0,0.0,0.7137907562688861,0.0,0.0,0.0074949348874754,0.0777777777777777,0.0,0.1422924901185771,0.33393984747752453,9.963183929543228e-05,0.0,1.5138612924590783e-06,8.996365468350786e-05,0.00034909511535,9.509025541805505e-05,0.0006033301607705,0.1952613124666014,0.5660521778403931,0.0073577182776808,0.0,4.148996467999528,0.0,0.0004963139620517,0.10628966838929381,1.806369721044051e-05,6.223612277925136,0.0,0.0001203794315126,0.0001197944146555,0.0164205120083677,7.192194712315604,5.2207306225930135e-05,4.498182734175393e-05,0.0,0.0,0.0,0.0,2.4486166511515446,1.7478680353270565e-05,0.0,0.012394856974624772,4.498182734175393e-05,0.0672523528104704,0.0,0.0,4.498182734175393e-05,0.0,0.0036182722749886,0.0003301025737043,1.293709647589333e-05,0.0005921481148661,0.0311332527126533,0.0184722791497324,0.0,5.12660073454718e-06,1.4450957768352408e-05,0.0,0.0128353663882245,0.0,0.0002924613179909,0.07646560852888,0.0351135910630285,0.0098171002561765,0.0,0.0025978991772998,0.0,1.3865940911182462e-05,0.0423704104770837,0.0,1.6430993571400574,0.0149748322615333,0.0366791969827529,0.0945726279959317,0.5356032060748045,0.0,0.043474279499809004,0.0,2.945119682631533,0.1246655753089468,2.463298859898147,2.5144449416482537,0.1700493961591614,0.0,0.0,0.6001297037885464,0.0,0.0036904266656915,0.028054899173989102,0.0,4.498182734175393e-05,0.0300644379960384,0.8002277369187808,0.0749051499500233,0.0,0.0,0.0020305799900263524,0.3392980981105947,0.0,0.0003555794710657,0.0714357969074556,0.0,0.0059395180653883,0.0008794828321225,0.005409013718694,2.829576633010726,0.906808209927984,7.225478884176204e-06,0.0033405588122175,0.1307032500938359,5.156859136089249,0.016212066305862,0.0,0.011682850638895001,0.0,0.0005972747156006,0.0,7.225478884176204e-06,0.0488750351869863,0.0,0.0005107252298263,1.5138612924590783e-06,0.0,8.996365468350786e-05,0.0,0.0,1.0062059714282503,0.0,0.0019695208474564,0.0002888485785488,0.058478002591999,8.739340176635283e-06,0.006198827981187854,3.612739442088102e-06,0.0171657302585265,3.612739442088102e-06,0.5846625307016023,0.0094871794871794,0.0,0.3334102447987966,457.38114050208856,0.0013833264106428,10.813245122803892,61.304900424844874,0.0003147954000232,4.498182734175393e-05,0.0,0.0,0.0003586071936506,0.0,0.0151016485835261,0.0,0.0002568764762056,4.859456678384203e-05,0.0,3.128641809154571,1.9172637435794098,0.22125596581679519
UA,0.0,0.23410154350521048,5.397819281010472e-05,0.0,0.0,0.0389423810304973,0.3954519840683094,0.0003526737394285,0.1098527323538316,6.57052407045218,1.9761161183655775,0.0,0.0,4.834640853193757,0.0487883615002827,0.2344382898774042,0.2669780882682321,1.0616927266805214,0.0003466182942586,2.226107323920453,0.0,0.0001733091471293,0.0001763368697142,0.0,6.055445169836314e-06,5.397819281010472e-05,0.0,2.2032420524979592,0.3333333333333333,0.0,0.0,0.0001733091471293,5.779025210332913,0.0054270343457907995,5.293400995475913,0.0,0.0467899605850692,0.0001733091471293,0.0,1.8026808362781135,0.0001793645922991,0.0,0.5736480692808074,0.0005502046672371,15.944186390452444,0.1047895225987428,4.5155431914561297e-05,0.0191137081307688,3.027722584918157e-06,0.0826617826617826,0.0,1.0617542985868424,13.771192570881928,37.5869967797824,0.0,1.329661890258777,0.0,7.928775116653375e-05,0.0039972789320396,0.0023430354331364003,0.8683492793837798,0.6950268922625705,0.0,0.0,5.63281995292359,0.0030011703309847,4.71196127830694,3.027722584918157e-06,0.0,0.0,10.323632560549676,0.0001733091471293,14.464786264504943,0.0044025561635532,1.3926296143388934,0.0,0.0,0.5007023197562721,0.0,0.0,0.0022073335269463,0.0,0.0,0.0,4.064264777403788,0.00010156958693804462,0.0,0.0151545428741,5.397819281010472e-05,2.21736376141401,6.003363797994103e-05,2.386899489052368,2.055476178776053,0.7990403870527776,2.0979844158046563,0.0,8.147851733188578,0.0,0.2732336789926738,5.475234499415475,1.5138612924590784e-05,10.15653476276141,0.0,8.122769607436813e-05,0.0262590468108419,7.600317260256585,0.0092583862820559,0.2614421003307625,2.698909640505236e-05,0.0,0.0,0.084992784992785,0.0,1.8655833842601184,0.2000181663355095,0.1904761904761904,4.979146412892921,2.698909640505236e-05,0.0305915834131337,0.0,0.0,2.698909640505236e-05,0.0,0.0,3.358601483074053,0.2313569848919233,2.8908770831219135,0.0003466182942586,0.20743083072900628,0.0,0.2436802779207548,0.034331884683797595,0.0,0.0001733091471293,0.0,0.254063997445496,0.0003466182942586,4.5155431914561297e-05,0.0255617484546937,0.0222222222222222,0.0003466182942586,0.0,0.0419013177315275,0.0057010334205906,0.0,0.0037849024278794998,0.2040922480554966,0.6022046030661425,0.20052598288655782,0.0,0.0,0.0001763368697142,0.0579365079365079,0.345386479691554,0.0034848880595042,1.2984325534127112,1.9659956902180742,2.3366852756499807,0.0,0.0,0.1061005281711408,0.2619047619047618,0.0316983859839953,0.2039084523926998,0.0,2.698909640505236e-05,0.2164737933997332,1.6159604952446227,37.82188352272126,0.0,0.0,1.2110890339672628e-05,1.0808083209601578,0.0,0.0022673671649263,0.8669887777376266,0.0,5.063176992824895,0.247303984044379,38.297630819552424,0.0129938219676421,2.3139920245326215,6.055445169836314e-06,6.055445169836314e-06,0.0003496460168435,9.010508037515716,1.1722224005859745,0.0,0.4080028948355809,0.0,5.695442662149645,0.0,0.0006326218612099,0.00149025491649,0.0,0.0044025561635532,3.027722584918157e-06,0.0,7.020458341177929e-05,0.0,0.0,0.0001733091471293,0.0,0.0001733091471293,0.0001733091471293,0.2400371916112671,0.0291961813479879,2.698909640505236e-05,0.013139128844956,0.0001884477600539,3.027722584918157e-06,7.320978687614052,0.0,0.0,0.9572247995518968,0.0013833264106428,2888.0975060574174,0.0029066255606335,59.76467170098192,0.0099616915114261,0.0404689400949585,0.0,0.0,0.0046371787472155,0.0,0.03236674778290468,0.0,0.0022043058043613997,1.0444744612634342,0.0,1.8499353562944738,0.0003466182942586,0.0001733091471293
UG,0.0,9.106544384589806e-05,7.197092374680629e-05,0.0,0.0,0.0004805652504667,0.0010400314819637,0.0196601323627672,0.0138099848249323,0.3806487830974118,2.071007964322321,0.0,0.0,8.054495803444214e-05,0.014711008953675647,1.025320146909436e-05,0.7076772889975509,3.8156492103224053,0.057655944331229406,0.0031807850908213997,1.0625599383413352e-05,0.0946755233072835,0.2805464963581216,0.0,2.1345824874529748e-05,7.197092374680629e-05,0.0,0.5359379253620555,0.0,0.0,0.0,1.5624161390708735,0.0064308559278967,0.0027150310341878,12.945635960965706,0.0,1.6866367504670383,0.0002310788628391,0.07840456558684179,1.2566643896785417,0.2130516264096912,0.0,0.0065617521016273,1.1503336488320606,2.070990892899439,0.1490877091811171,0.014768429662922529,0.4000975566143657,5.12660073454718e-06,0.0,0.0,0.0024402060215832997,0.0007603021090346,3.0184062443879944,0.0,1.9381194386138736,0.0,0.0019812901198898,0.0033293814324705955,0.0018514704891875,0.00031384927042049133,0.7369253703549509,0.0,0.0,0.34135962566896,1.5135670498388056,0.0392050155854398,5.12660073454718e-06,0.0,5.546311702717693e-06,2.960473094670416,0.0002310788628391,30.941480903112584,0.0022012780817764997,0.0038143182947682,0.0,0.0,1.7511491396190095,0.0,0.0,0.0629972668048237,0.0024390243902439,0.0016243902859916,0.0,0.3624922739612701,0.1322952376796738,0.0,0.0289940812806644,7.197092374680629e-05,0.0021784052310187003,0.0103778277782891,0.0322762256227988,0.07318151920136678,0.7942521734735792,0.2774561101288849,0.0,3.668873405682327,0.0,0.0036074801511427825,0.0191836237836252,2.56330036727359e-05,3.589877621836613,0.0,0.0001160114522081,0.013195598227394393,2.0882350920340507,10.802769053629822,0.0030492416663455,3.5985461873403146e-05,0.0,0.0,0.0,0.0,2.663992917304978,3.718744749143839e-05,0.0,0.0007314750873013,3.5985461873403146e-05,0.0315348343196003,0.0,0.0,0.0683447546438249,0.0,0.0063319764812302,0.000290499193504,1.7478680353270565e-05,0.0004826641286164,0.029008136860415097,0.1840293994837004,0.0,8.154323319465337e-06,2.050640293818872e-05,0.0,0.0065043377676769,0.0,0.0075891466400441,0.0453701424249342,7.094282257994428e-05,0.0455891945293161,0.0,0.0014722587357792,0.0,0.0024655389252979955,0.0680329465675338,0.0,3.092314737371559,0.154604752721528,1.298732007799843,0.1841475370113792,0.8841867763098449,0.0,0.0267513569787251,5.546311702717693e-06,7.389102944020758,0.0042264502473377,2.618190542785697,2.6945938663917306,0.1310345097664713,0.0,0.0,0.8180895487698314,0.6673043257061121,0.001208118244945,0.21566508665033268,0.0,3.5985461873403146e-05,0.0334020686101153,0.797470256645744,0.0052953133329594,0.0,0.0,0.0019002056510584,0.0162361555320426,0.0,0.001188918611274,0.0071209985858826,0.0,0.0107283643469377,0.0007527506423821782,0.1002907794586463,2.4560941119591275,0.8666489955294028,1.025320146909436e-05,0.0645875794512949,0.7212164843729366,7.541525863548584,0.07089593714417179,0.0,0.0152001009253762,0.0,0.0160017382670163,0.3,1.025320146909436e-05,0.9281406046048852,0.4761904761904761,0.0022012780817764997,0.1060636337831909,0.0,0.0667386375904134,0.0,0.0444444444444444,0.0180573082176325,0.0,0.0002310788628391,0.0002310788628391,0.031348564573696,1.3280924054012515e-05,3.5985461873403146e-05,5.12660073454718e-06,0.025321633773304097,5.12660073454718e-06,0.036114735729804906,0.0033333333333333,0.0,0.2025442633499743,10.813245122803892,0.0029066255606335,566.2198065916243,77.83878839692176,0.0017836973217399,4.153177357612084e-05,0.0,0.0,0.0011949740564437998,0.0,0.01209860000889578,0.0,0.0011036667634731,0.0006732247903507,0.0,11.669082971386539,2.2278357734235557,1.8028658005980853
US,0.0060027182120205,136.31106839879422,2.1642114144327254,4.598555830134778,3.242857142857143,3.5339502474119415,10.60011979826783,0.3195569957361371,231.86319118533447,353.1944525413968,1714.101263971696,2.028295076570939,2.3555555555555556,4.95530194755934,11.871058817231473,12.901121448142433,114.59286010315253,481.6308984752877,4.251120123826723,26.069647241612373,5.494291366596873,0.3186624170745404,1.3618952153579853,0.5093073593073592,1.5271620012283282,5.753999476578296,1.4277777777777776,1086.7025230383551,4.994703237603363,1.5662681762681763,0.0,36.13110065240936,15.191752167904855,1.2190677926825515,4149.875297827528,0.0,6.493051268263069,0.0147256131377364,2.016170343302803,1044.8503311918646,1.7059843924870162,0.0230001882175795,204.10263230426864,26.79026437036955,9343.58168983295,167.1739352637145,27.875772211112245,8.413934519968414,1.0000599540283726,6.745601499949326,0.0,38.33238347783999,186.12910580152305,2778.7857023268207,0.0,551.3630596728322,2.45686944634313,9.836262438722827,9.840004506653884,25.678095896238617,20.043481732605407,407.39055788069317,0.0,0.6666666666666666,1431.939221190327,56.569265938656144,227.8448665927726,0.8942278879863186,3.2717467818760055,1.0560325383619893,1772.3073182164458,1.6608377855656982,3758.264384600001,64.79686177004038,19.1288535281317,0.0666666666666666,0.0,80.71657577246165,0.0606060606060606,0.038503621951682,2.211943579195489,0.0287367104440275,0.846524916496309,0.3201581027667984,362.98502654890746,39.05795312417842,0.0476190476190476,1.3652062960622993,16.456636510366224,43.11213507249961,10.068367122909438,120.03998222592296,39.37259878983139,255.5076517775349,771.0568652258057,0.0357334697224964,1867.3476582466212,0.0,31.986935184613365,756.3869635388894,37.05866529522414,2540.8165272986244,2.2709939701875186,24.3501989081364,131.85457188747634,1870.1076732810873,115.00803160761237,0.8167008077595421,5.144822602381076,0.0,0.0,5.41698428305315,0.0,1700.0772221372008,25.23484712131527,2.218686868686869,26.4513863878243,3.0326357327463875,180.955620427209,0.6800398685982209,1.02432688084862,13.737085218557691,3.1648287385129485,0.7333333333333334,21.081268488104048,19.038767096984362,7.856979078049333,7.8172451539159304,29.277623453100016,2.880793120624839,2.448404471219505,0.7094811450534074,0.2531490015360983,1.5620504130941155,0.8103174603174603,5.354794599908524,10.644098450435122,1.9914404945057855,7.936172215214756,3.471642495326706,0.0039915008157475,0.6666666666666666,5.735104082122618,3.4746761546177694,0.7515151515151515,42.882201565316876,421.68775699782327,86.09683965719788,11.46818783750852,1.5946935078581854,0.5802469375695919,0.4314929338734757,2.3472288005349977,199.27397116896157,4.484181328683958,1340.5841293829387,312.8713779625431,56.53661458687978,0.0,0.0,184.5910774798018,21.73131592982481,9.388162322025275,110.83895529287753,1.0716906716132721,0.1644824339281275,50.74791964960026,336.82861751225784,450.73281097820916,0.0,0.1428571428571428,17.572062857799693,218.0403909680117,1.4615079365079366,10.571664799188369,125.57053878155966,0.3192398720550494,89.968110422106,44.19717006151922,294.4380336807814,31.895188440655343,349.9464227064181,0.1112310191678562,0.3311907670223409,8.876548573235283,651.5388277074273,442.6692355824961,0.0,42.89292606830088,0.0,29.916204728351204,1.7256410256410257,0.3901597701554308,9.073721632963052,1.2222222222222223,0.5246318049471733,0.0222517425174251,0.401098901098901,11.22719477531266,8.16985733564681,19.578720580091247,2.033569056880294,0.1428571428571428,0.126709272180219,0.3447963432084665,221.54081525946086,1.2090462934407635,0.0288933640040192,0.8370296406884618,11.695672231901879,0.017084418623169572,478.3004562556648,17.032717899413935,0.2285714285714285,824.1444167095163,61.304900424844874,59.76467170098192,77.83878839692176,352403.7653994032,23.29524219891755,1.846050616974229,0.0,3.4103896103896103,13.399648838568709,0.3722943722943723,98.82688224110308,1.0819030642560055,4.315259877795308,5.2041337175536055,0.0,215.04523202534313,32.71484830777776,16.50648879760294
UY,0.0,0.0035379686646482117,1.7992730936701573e-05,0.0095238095238095,0.0,6.703647607666019e-05,0.011885991598485501,2.4048176106537885e-05,19.52809813913192,0.5447155800161133,1.392825725886013,0.0,0.0,0.0052841783482584,5.5904650689199894e-05,1.4450957768352408e-05,0.0161498628234587,0.7724046741926183,1.7992730936701573e-05,0.0034285964663465472,0.0,8.996365468350786e-06,1.622184435252699e-05,0.0,1.4450957768352408e-05,0.1223689394339238,0.0,26.159640890517437,0.0,0.0,0.0,8.996365468350786e-06,1.7992730936701573e-05,0.0027150310341878,2.0582794615330227,0.0,4.212770932964314e-05,8.996365468350786e-06,0.0,0.2304736157408869,1.924956693744515e-05,0.0,7.597563313013135,8.245286004978221e-05,0.6146818650154795,4.357466550347469,0.331334361337007,2.4777695165655453,7.225478884176204e-06,0.0,0.0,0.001330395561754,0.039264046248597397,6.906914204845162,0.0,3.6051019753832527,0.0,0.0310555064451412,0.0036556539277186116,1.8979469338533963,9.570211207846524e-05,0.28280611201495964,0.0,0.0,17.69959075415421,4.926638592741566e-05,0.0233856872029061,7.225478884176204e-06,0.0,0.0,7.0362831530403085,8.996365468350786e-06,2.24908919926874,0.0022012780817764997,3.547141128997214e-05,0.0,0.0,0.019775019935210303,0.0,0.0,0.0011066944860581,0.0,0.0,0.0,0.1692426727430802,0.6280224438835356,0.0,3.027722584918157e-06,0.0494334375418389,0.016076487175624526,0.0033895904702209,0.30314002482262936,0.0003047948940119,0.19275531476063248,1.182411831752073,0.0,0.8862458573458905,0.0,0.0032348198229372,0.0013117066158003,0.0004502060693691,2.0678495067976277,0.0,0.0257198499256206,0.0225922741339216,1.0557512125976058,0.0041412229728224,2.3447323236703192e-05,8.996365468350786e-06,0.0,0.0,0.0,0.0,0.7548755835980346,0.0001348474815735,0.0,0.115871443612205,8.996365468350786e-06,0.0148194111072514,0.0,0.0,8.996365468350786e-06,0.0,0.0,0.0004777951351243237,2.587419295178666e-05,0.0050803334258054,1.7992730936701573e-05,0.03161543671021231,0.0,1.025320146909436e-05,2.8901915536704812e-05,0.0,8.996365468350786e-06,0.0,0.0001161119652195,0.0023168433056493,0.0147666271043131,8.996365468350786e-06,0.0,1.7992730936701573e-05,0.0,2.7731881822364925e-05,7.225478884176204e-06,0.0,0.0016708998248342,10.748420611222695,0.0241820668986533,3.724229787414672e-05,0.0,0.0,1.622184435252699e-05,0.0,0.10981583771597189,0.0259278075339113,0.9619052751183377,1.7539367559964236,0.00039010480603,0.0,0.0,1.3640545177936088,0.0006265664160401,0.0455892687848335,1.3791037816855076,0.0,8.996365468350786e-06,0.5365093244356447,0.026459980396735798,0.07908970175029931,0.0,0.0,0.001908601163657,2.8864081563543214,0.0,0.22991949304496728,0.5103726809685641,0.0,0.012074950834755,0.0192859030155237,0.0673037841258718,8.996365468350786e-06,0.386543158880984,1.4450957768352408e-05,1.4450957768352408e-05,0.0006475868695617,0.6111841199178767,2.296976357490084,0.0,0.0220834966706326,0.0,0.007077294491760399,0.0,1.4450957768352408e-05,0.0005898110420523,0.0,0.0022012780817764997,3.027722584918157e-06,0.0,0.021960153094504213,0.0,0.0,8.996365468350786e-06,0.0,8.996365468350786e-06,8.996365468350786e-06,0.005463775402704,1.7478680353270565e-05,8.996365468350786e-06,7.225478884176204e-06,0.0199147633393062,7.225478884176204e-06,0.0812018888675193,0.0,0.0,0.0152292902474053,0.0003147954000232,0.0099616915114261,0.0017836973217399,23.29524219891755,438.6825686075438,8.996365468350786e-06,0.0,0.0,0.4389856568844162,0.0,0.020665305899506513,0.0,0.0011036667634731,0.0006427882603926,0.0,0.4015725493051391,0.0073709339074072,8.996365468350786e-06
UZ,0.0,0.3241813372429013,1.7992730936701573e-05,0.0,0.0,0.0110392010734534,0.0506187840794827,1.7992730936701573e-05,0.0015104978669698507,0.0204463260075671,0.7266278278755125,0.0,0.0,0.1417895321040546,0.019025825433148,0.0,0.0006383720729464,0.4514382099406275,1.7992730936701573e-05,0.0014042532716508,5.546311702717693e-06,8.996365468350786e-06,8.996365468350786e-06,0.0,1.1092623405435386e-05,1.7992730936701573e-05,0.0,0.0046160420722788,0.0,0.0,0.0,1.454267717106848e-05,0.0916991811062315,0.0,0.24772294261718208,0.0,2.698909640505236e-05,8.996365468350786e-06,0.0555555555555555,0.0767693242405266,8.996365468350786e-06,0.0,3.253540810777005e-05,2.698909640505236e-05,6.6242614715142025,0.0015326831137807216,8.996365468350786e-06,1.7992730936701573e-05,0.0,0.0,0.0,0.0006265664160401,0.0243896196723127,1.2848505602090166,0.0,1.2076763142864009,0.0,1.7992730936701573e-05,0.0151605115169835,0.196996686066102,0.0006466554049138,0.4669315007442095,0.0,0.0,0.0403567917158863,0.000141365384225,0.4924550141424103,0.0,0.0,5.546311702717693e-06,0.0893145640090218,8.996365468350786e-06,0.2119719815731507,0.0,0.15799196081843758,0.0,0.0,0.020565444909802,0.0,0.0,5.546311702717693e-06,0.0,0.0,0.0,0.0006376590394455,1.7992730936701573e-05,0.0,5.546311702717693e-06,1.7992730936701573e-05,0.0490198508369328,1.7992730936701573e-05,0.0728494636353304,0.2525679563519939,0.0021438584074511,0.2736399413717494,0.0,9.414133279458577,0.0,4.550944301028187,1.915260768902159,0.0,0.6927780532029748,0.0,1.7992730936701573e-05,0.1545999555066511,3.138264374468015,0.0128385055514495,0.039651498630447604,8.996365468350786e-06,0.0,0.0,0.0,0.0,4.067082683816087,5.546311702717693e-06,0.0,0.0879200171721853,0.2002294427694364,0.0002384391349047,0.0,0.0,0.0001303121908578,0.0,0.0,0.0013897105944797,0.0,0.0013987069599481,2.3539042639419264e-05,0.4733605477552204,0.0,0.0617273130352116,0.0021348620419827,0.0,8.996365468350786e-06,0.0,0.0095219090820423,0.0015194942324382016,8.996365468350786e-06,0.0279025436569328,0.0,1.7992730936701573e-05,0.0,0.0013807142290114,0.0,0.0,2.698909640505236e-05,0.003057723657921641,0.08304711887899341,2.698909640505236e-05,0.0,0.0,8.996365468350786e-06,5.546311702717693e-06,0.0001890548032238,1.7992730936701573e-05,0.0021626995835864,0.0014118958412906,0.0003853902608706,0.0,0.0,2.3539042639419264e-05,1.1092623405435386e-05,2.908535434213696e-05,0.3273592408736451,0.0,0.066675663032135,0.0669106521132741,0.3204021564444131,0.0681110979160651,0.0,0.0,0.0,0.0014375311418671,0.0,1.7992730936701573e-05,2.218524681087077e-05,0.0,0.0284849063124807,0.0211802537784498,13.786789235052016,8.996365468350786e-06,2.469783148054385,0.0,0.0,1.7992730936701573e-05,0.002911301084855,0.0810861431970043,0.0,0.0014042532716508,0.0,0.0006445591469768,0.0,0.0013807142290114,1.7992730936701573e-05,0.0,0.0,0.0,0.0,1.7992730936701573e-05,0.0,0.6666666666666666,8.996365468350786e-06,0.0,8.996365468350786e-06,8.996365468350786e-06,0.052960329001751,0.025933489044271,0.0001192195674523,0.023414058459152,1.454267717106848e-05,0.0,0.860450470798726,0.0,0.0,0.0001414048142632,4.498182734175393e-05,0.0404689400949585,4.153177357612084e-05,1.846050616974229,8.996365468350786e-06,142.4142316580995,0.0,0.0,1.7992730936701573e-05,0.0,0.0001815827920108,0.0,0.0,0.0002349890811391,0.0,1.3255736523700592,1.7992730936701573e-05,8.996365468350786e-06
VA,0.0,0.0,0.0,0.0,0.0,0.0,0.0,0.0,0.0,0.0,0.0,0.0,0.0,0.0,0.0,0.0,0.0,0.0,0.0,0.0,0.0,0.0,0.0,0.0,0.0,0.0,0.0,0.0,0.0,0.0,0.0,0.0,0.0,0.0,0.0,0.0,0.0,0.0,0.0,0.0,0.0,0.0,0.0,0.0,0.0,0.0,0.0,0.0,0.0,0.0,0.0,0.0,0.0,0.0,0.0,0.0,0.0,0.0,0.0,0.0,0.0,0.0,0.0,0.0,0.0,0.0,0.0,0.0,0.0,0.0,0.0,0.0,0.0,0.0,0.0,0.0,0.0,0.0,0.0,0.0,0.0,0.0,0.0,0.0,0.0,0.0,0.0,0.0,0.0,0.0,0.0,0.0,0.0,0.0,0.0,0.0,0.0,0.0,0.0,0.0,0.0,0.5714285714285714,0.0,0.0,0.0,0.0,0.0,0.0,0.0,0.0,0.0,0.0,0.0,0.0,0.0,0.0,0.0,0.0,0.0,0.0,0.0,0.0,0.0,0.0,0.0,0.0,0.0,0.0,0.0,0.0,0.0,0.0,0.0,0.0,0.0,0.0,0.0,0.0,0.0,0.0,0.0,0.0,0.0,0.0,0.0,0.0,0.0,0.0,0.0,0.0,0.0,0.0,0.0,0.0,0.0,0.0,0.0,0.0,0.0,0.0,0.0,0.0,0.0,0.0,0.0,0.0,0.0,0.0,0.0,0.0,0.0,0.0,0.0,0.0,0.0,0.0,0.0,0.0,0.0,0.0,0.0,0.0,0.0,0.0,0.0,0.0,0.0,0.0,0.0,0.0,0.0,0.0,0.0,0.0,0.0,0.0,0.0,0.0,0.0,0.0,0.0,0.0,0.0,0.0,0.0,0.0,0.0,0.0,0.0,0.0,0.0,0.0,0.0,0.0,0.0,0.0,0.0,0.0,0.0,0.0,0.0,0.7857142857142857,0.0,0.0,0.0,0.0,0.0,0.0,0.0,0.0,0.0,0.0,0.0
VC,0.0,0.0,0.0,0.0357142857142857,0.0,0.0,0.0,0.0,0.0,0.0,0.0,0.0,0.0,0.0,0.0,0.0952380952380952,0.0,0.0,0.0,0.0,0.0,0.0,0.0,0.0,0.0,0.0,0.0,0.0,0.0,0.0,0.0,0.0,0.0,0.0,0.0,0.0,0.0,0.0,0.0,0.0,0.0,0.0,0.0,0.0,0.0303030303030303,0.0,0.0,0.0,0.0,0.0508658008658008,0.0,0.0,0.0,0.0,0.0,0.0,0.0984848484848484,0.0,0.0,0.0,0.0,0.0,0.0,0.0,0.0,0.0222222222222222,0.0,0.0,0.0,0.0,0.0,0.0,0.0,0.4666666666666667,0.0833333333333333,0.0,0.0,0.0222222222222222,0.0,0.0,0.0,0.0,0.0,0.0,0.0,0.0,0.0,0.0,0.0,0.0,0.0,0.0,0.0,0.0,0.0222222222222222,0.0,0.5548340548340548,0.0,0.0,0.0,0.0,0.0,0.0,0.0,0.0,0.0,0.0,0.0,0.0,0.0,0.0,0.0476190476190476,0.0,0.0,0.0,0.0,0.0,0.0,0.0,0.0357142857142857,0.0,0.0,0.0,0.0,0.0,0.0,0.0,0.0,0.0,0.0,0.0,0.0,0.0,0.0,0.0,0.0,0.0,0.0,0.0,0.0,0.0,0.0,0.0,0.0,0.0,0.0,0.0,0.0,0.0,0.0,0.0,0.0,0.0,0.1484848484848485,0.0,0.0,0.0,0.0222222222222222,0.0,0.0,0.0,0.0,0.0,0.0,0.0,0.0,0.0151515151515151,0.0984848484848484,0.0,0.0,0.0,0.0,0.0,0.0,0.0,0.0,0.0,0.0,0.0,0.0151515151515151,0.0,0.0,0.0,0.0,0.0151515151515151,0.0,0.0,0.0,0.0,0.0,0.0,0.0,0.0,0.0,0.0,0.0,0.0,0.0,0.0,0.0,0.0,0.0,0.0,0.0,0.0,0.0,0.0,0.0,0.0,0.0,0.0,0.0,0.0476190476190476,0.0,0.0,0.0,0.0,0.0,3.4103896103896103,0.0,0.0,0.0,9.804761904761904,0.0,0.0,0.0,0.0,0.0,0.0,0.0,0.0,0.0,0.0
VE,0.0,3.9093243230355385e-05,3.5985461873403146e-05,0.0,0.0,9.290121303514829e-05,0.0006168869407438,0.0051609331572573,1.4916694862813245,0.223480545943524,0.050616312157727494,0.0,0.0,0.0023393776204634,7.154602443370451e-05,1.3280924054012515e-05,0.0077031671652046,1.5011379791850048,3.5985461873403146e-05,0.0025048337611395,0.0,1.7992730936701573e-05,2.463319296370783e-05,0.0,1.3280924054012515e-05,0.0399672583047146,0.0,2.6874045371839514,0.0,0.0,0.0,1.7992730936701573e-05,3.5985461873403146e-05,0.0027165448954802,0.4595483498559819,0.0,0.0023755366869096,1.7992730936701573e-05,0.0,0.04625607718687,2.9174776841085067e-05,0.0,1.9997815470461184,0.0052278518281108,0.5197899003912855,21.678586825957925,0.605678880992293,0.7861176799168381,6.6404620270062585e-06,0.0227272727272727,0.0,3.3202310135031295e-05,2.3311013784936834,0.2339070964383062,0.0,0.0012993088482368,0.0,2.4103038146721985,7.036689822106947e-05,8.719499403612247,9.767827526077668e-05,0.086929797655867,0.0,0.0,3.0954512361253865,0.0411533338950299,0.002109291977205,6.6404620270062585e-06,0.0,0.0,0.7344937308304504,1.7992730936701573e-05,1.2670539580114855,0.0022012780817764997,0.0023526585445174,0.0,0.0,0.0223099167757507,0.0,0.0,0.001109722208643,0.0,0.0,0.0,0.0177606214320546,0.6070972938136356,0.0,4.541583877377235e-06,0.0526193541090583,0.00020067155925799826,4.716750777778664e-05,0.474247342087465,0.00048789149501630004,0.057675427533423,0.003042540015411,0.0,0.2124225157083836,0.0,0.2926611523587339,0.2141941513589712,3.3202310135031295e-05,3.6936919905902483,0.0,0.33342698407530014,9.609344769457864e-05,0.32949909880968853,0.04953932783975,3.127365499071409e-05,1.7992730936701573e-05,0.0,0.0,0.0,0.0,1.906152985508224,0.0110246560048737,0.0,0.5001025636867162,1.7992730936701573e-05,0.149686846342713,0.0,0.0,1.7992730936701573e-05,0.0,0.0,0.4228926547505111,2.20202642306478e-05,0.00030442427523172817,0.0357502711761591,0.095397481043554,0.0,1.1182045904383494e-05,2.6561848108025037e-05,0.0,0.0222402149531589,0.0,0.00026651015821400783,0.007597993931322801,6.203325939799718e-05,1.7992730936701573e-05,0.0,3.5985461873403146e-05,0.0,2.9004553835773245e-05,6.6404620270062585e-06,0.0,0.0239189411097472,3.126092995823581,0.0057192987337671,0.0011725799507852882,0.0,0.0,2.463319296370783e-05,0.0,0.0085003143361117,0.057466516394272096,0.1167223581916959,0.0006431823811752474,0.0001092007671757,0.0,0.0,0.0003134819493847491,0.6,0.395954742509441,1.224183366331678,0.0,1.7992730936701573e-05,0.011672909636136299,0.362310126601399,0.0077438428989292,0.0,0.0,2.6561848108025037e-05,2.004987790330517,0.0,0.0852846198886692,0.0051291454516832,0.0,0.0039145969159302,0.0025371129377700003,0.0806871634358781,1.7992730936701573e-05,0.13735812041363998,1.3280924054012515e-05,1.3280924054012515e-05,0.5000405270457509,0.007015555901824998,0.4006346700595068,0.0,0.3334307761302458,0.0,0.00023599326190251168,0.0,1.3280924054012515e-05,0.0058709616677258,0.0,0.0022012780817764997,4.541583877377235e-06,0.0,0.0467115337460164,0.0,0.0,1.7992730936701573e-05,0.0,1.7992730936701573e-05,1.7992730936701573e-05,0.3018047117028223,1.782250793138975e-05,1.7992730936701573e-05,6.6404620270062585e-06,0.0117009084029696,6.6404620270062585e-06,0.16352646766322101,0.3333333333333333,0.0,0.006222810850168,0.0003586071936506,0.0046371787472155,0.0011949740564437998,13.399648838568709,0.4389856568844162,1.7992730936701573e-05,0.0,0.0,193.28242134006587,0.0,0.0009335452553628492,0.0,0.0011051806247656,2.463319296370783e-05,0.0,0.06742478733248511,3.5985461873403146e-05,0.0222402149531589
VG,0.0,0.0,0.0,0.0,0.0,0.0,0.0,0.0,0.0,0.0,0.0,0.0,0.0,0.0,0.0,0.0,0.0,0.0,0.0,0.0,0.0,0.0,0.0,0.0,0.0,0.0,0.0,0.0,0.0,0.0,0.0,0.0,0.0,0.0,0.0,0.0,0.0,0.0,0.0,0.0,0.0,0.0,0.0,0.0,0.0,0.0,0.0,0.0,0.0,0.0,0.0,0.0,0.0,0.0,0.0,0.0,0.0,0.0,0.0,0.0,0.0,0.0,0.0,0.0,0.0,0.0,0.0,0.0,0.0,0.0,0.0,0.0,0.4,0.0952380952380952,0.0,0.0,0.0,0.0,0.0,0.0,0.0,0.0,0.0,0.0,0.0,0.0,0.0,0.0,0.0,0.0,0.0,0.0,0.0,0.0,0.0,0.0,0.0,0.0,0.0,0.0,0.0,0.0,0.0,0.0,0.0,0.0,0.0,0.0,0.0,0.0,0.0,0.0,0.0,0.0,0.0,0.0,0.0,0.0,0.0,0.0,0.0,0.0,0.0,0.0,0.0,0.0,0.0,0.0,0.0,0.0,0.0,0.0,0.0,0.0,0.0,0.0,0.0,0.0,0.0,0.0,0.0,0.0,0.0,0.0,0.0,0.0,0.0,0.0,0.0,0.0,0.0,0.0,0.0,0.0,0.0,0.0,0.0,0.0,0.0,0.0,0.0,0.0,0.0,0.0,0.0,0.0,0.0,0.0,0.0,0.0,0.0,0.0,0.0,0.0,0.0,0.0,0.0,0.0,0.0,0.0,0.0,0.0,0.0,0.0,0.0,0.0,0.0,0.0,0.0,0.0,0.0,0.0,0.0,0.0,0.0,0.0,0.0,0.0,0.0,0.0,0.0,0.0,0.0,0.0,0.0,0.0,0.0,0.0,0.0,0.0,0.0,0.0,0.0,0.0,0.0,0.0,0.0,0.0,0.3722943722943723,0.0,0.0,0.0,0.0,0.0,0.8675324675324676,0.0,0.0,0.0,0.0,0.0,0.0,0.0,0.0
VN,0.0,1.047760576196334,0.07708479051774,0.0,0.0,0.00014855594544193728,0.3444526281742409,7.517225090453182e-05,0.055764590053127,1.9848824319279648,43.9918836949561,0.0,0.0,0.000164057316471,1.0000415155666962,5.057835218923343e-05,3.4527559883731813,8.981414066142442,5.397819281010472e-05,1.2649823587725126,0.0004770705964047,2.698909640505236e-05,7.767471090314737e-05,0.0,0.0341709774936909,5.397819281010472e-05,0.0,2.5253856446083933,0.1785714285714285,0.0206784258760614,0.0,0.0025598102156223785,0.6786254067642387,1.0597029047213548e-05,9.45714089958637,0.0,0.0001339524344512,2.698909640505236e-05,0.0,1.5760811409198685,0.0386928727550737,0.0,0.19455060599269242,0.0003004869003751783,27.54600213411301,0.0167372858621999,0.0010526822256349,0.0001805313355919783,2.5289176094616717e-05,0.0,0.0,0.000126445880473,1.2126616277219446,14.54448642603099,0.0,2.693932327174472,0.0,0.002031898310334137,0.31799653723300014,0.00025173214958281186,4.300154490436107,7.00134353444583,0.0,0.0,3.0110121433955133,0.08850417814020389,0.8948913098703754,8.404358267511025e-05,0.000316752342597,4.437049362174154e-05,28.001755996613525,2.698909640505236e-05,20.773284180659964,0.0,0.0001595240676682,0.0,0.0,0.1940642547600308,0.0,0.0,0.0036838368267048,0.0,0.0,0.0,0.3683932595345657,0.00013788187569517457,0.0,5.496752266895509e-05,5.397819281010472e-05,0.09166036374883042,8.986439795193497e-05,2.4847640609225095,2.8864557383299485,0.7812314835031251,0.0179858155755478,0.0,33.19735061250452,0.0,0.2398209546670913,13.4367678694614,0.000126445880473,15.550171663981104,0.0,0.0027299428178063,1.3988353586160205,65.86056963370562,0.006716586310319157,0.0001877906505783,0.088985231962287,0.0,0.0,0.1117604617604616,0.0,104.2010211605406,0.0001921176944980783,0.0,0.0611784780013513,2.0000308965344953,0.43894591489112544,0.0,0.0,0.1817876115623679,0.0002579979360165,0.0018091361374943,0.056713841688514274,1.8334238930086646,0.0002944882974115,0.12739647239756255,0.17919893349160312,0.0,3.588620514183026e-05,0.0001011567043784,0.0,2.698909640505236e-05,0.0,9.872940590732424e-05,5.397819281010472e-05,0.9672409106835508,0.7294431798698138,0.0579365079365079,5.397819281010472e-05,0.0,0.2001224580247818,0.1887274367017715,0.0,0.0019406817788987,0.2850923817094658,8.59436986188968,0.0019259896318513,0.0018091361374943,0.0,5.227827249966907e-05,4.437049362174154e-05,0.07138410905742021,0.3333873115261434,6.307082861637788,2.5895072453029773,0.2930612073712726,0.0,0.0,2.0743990028356363,0.0332999741984766,0.5559634595370074,0.1820468484878735,0.0,2.698909640505236e-05,0.8900861778844074,1.8569456275885226,3.973896461130023,0.0,0.0,0.0557154666665144,0.9532255745428422,0.0,0.0001257506030937,0.0005282082344312349,0.0181818181818181,0.7770762247703779,0.467505074042693,13.42145909498366,0.0024956787689579,8.29639736166137,5.057835218923343e-05,5.057835218923343e-05,0.0604641373455573,7.580284051599957,12.816076390420182,0.0,0.056227093637882114,0.0,0.6671146883461794,0.0,5.057835218923343e-05,0.0061402207857993,0.0,0.0,1.0597029047213548e-05,0.0,6.2091388110942e-05,0.0,0.12087912087912081,0.0018361252338993,0.0,2.698909640505236e-05,2.698909640505236e-05,29.26544115995553,6.117538123644698e-05,8.210069739706118e-05,2.5289176094616717e-05,0.1800971479028014,2.5289176094616717e-05,2.3187375036409184,0.0,0.0,48.65203839822017,0.0151016485835261,0.03236674778290468,0.01209860000889578,98.82688224110308,0.020665305899506513,0.0001815827920108,0.0,0.0,0.0009335452553628492,0.0,2749.901637977537,0.0,1.0597029047213548e-05,0.0074201760348403,0.0,2.7703562688370584,0.0036771665986072,2.698909640505236e-05
VU,0.0,0.0,0.0,0.0,0.0,0.0,0.0,0.0,0.0,0.0,0.0130718954248366,0.0,0.0,0.0,0.0,0.0,0.0,0.0,0.0,0.0,0.0,0.0,0.0,0.0,0.0,0.0,0.0,0.0,0.0,0.0,0.0,0.0,0.0,0.0,0.36570096570096566,0.0,0.0,0.0,0.0,0.0,0.0,0.0,0.0,0.0,0.0329670329670329,0.0,0.0,0.0,0.0,0.0,0.0,0.0,0.0,0.0047619047619047,0.0,0.0,0.0,0.0,0.0,0.0,0.0,0.0,0.0,0.0,0.0047619047619047,0.0,0.0,0.5398692810457516,0.0130718954248366,0.0,0.0095238095238095,0.0,0.0,0.0,0.0,0.0,0.0,0.0,0.0,0.0,0.0,0.0,0.0,0.0,0.0,0.0,0.0,0.0,0.0,0.0,0.0,0.0,0.0,0.0,0.0,0.0,0.0,0.0,0.0,0.0,0.0,0.019047619047619,0.0,0.0,0.0,0.0047619047619047,0.0,0.0,0.0,0.0,0.0,0.0,0.0,0.0,0.0,0.0,0.0,0.0,0.0,0.0,0.0,0.0,0.0,0.0,0.0,0.0,0.0,0.0,0.0,0.0,0.0,0.0,0.0,0.0,0.0,0.0,0.0,0.0,0.0,0.0,0.0,0.0,0.0,0.0,0.0,0.0,0.0,0.0,0.0,0.0,0.0,0.0,0.0,0.0,0.0,0.0,0.0,0.0,0.0,0.0,0.0326797385620915,0.0,0.0,0.0,0.0,0.0196078431372549,0.0,0.0,0.0,0.0,0.0,0.0,0.0,0.0,0.0,0.0,0.0,0.0,0.0,0.0,0.0,0.0,0.0,0.0,0.0,0.1859806859806859,0.0,0.0,0.0,0.0,0.0,0.0,0.0,0.0,0.0,0.0,0.0,0.0,0.0,0.0,0.0,0.0,0.0,0.0,0.0,0.0,0.0,0.0,0.0,0.0,0.0065359477124183,0.0,0.0,0.0,0.0,0.0,0.0,0.0,1.0819030642560055,0.0,0.0,0.0,0.0,0.0,0.0,0.0,7.109645909645909,0.0065359477124183,0.0,0.0,0.0,0.0,0.0
WS,0.0,7.569306462295393e-07,0.0,0.0,0.0,3.027722584918157e-06,0.0005733321724080999,1.5138612924590783e-06,8.326237108524932e-06,0.0005884707853326999,3.8904482584772646,0.0,0.0,7.569306462295393e-07,7.569306462295393e-07,1.5138612924590783e-06,3.784653231147696e-06,1.892326615573848e-05,0.0,5.298514523606774e-06,0.0,0.0,7.569306462295393e-07,0.0,1.5138612924590783e-06,0.0,0.0,0.0030188249409562,0.0,0.0,0.0,0.0,0.0,0.0027127602422491,1.7409404863279402e-05,0.0,3.784653231147696e-06,0.0,0.0,1.968019680196802e-05,1.5138612924590783e-06,0.0118577075098814,0.0033517270798239995,7.569306462295392e-06,0.0011060850209038905,0.0008385348857222,4.541583877377235e-06,3.027722584918157e-06,7.569306462295393e-07,0.0,0.0,3.784653231147696e-06,0.4761995593582309,0.0004013823492265,0.0,3.784653231147696e-05,0.0,2.2707919386886176e-06,2.2707919386886176e-06,0.0011036667634731,9.08316775475447e-06,3.784653231147696e-06,0.0,0.0,4.617276942000189e-05,0.083335604125272,2.5735641971804333e-05,0.1881886275993352,0.0130718954248366,0.0,0.0796522627207006,0.0,0.1317343485151355,0.0022012780817764997,2.2707919386886176e-06,0.0,0.0,2.2707919386886176e-06,0.0,0.0,0.0011021529021806998,0.0,0.0,0.0,0.0016951652713908,3.784653231147696e-06,0.0,7.569306462295393e-07,0.0,1.4381682278361244e-05,1.5138612924590783e-06,7.569306462295392e-06,4.541583877377235e-06,6.812375816065853e-06,8.326237108524932e-06,0.0,0.0030663055401169,0.0,7.569306462295393e-07,6.963761945311761e-05,3.784653231147696e-06,0.1829680213510749,0.0,6.812375816065853e-06,7.569306462295392e-06,1.5138612924590784e-05,0.0033041879146036,1.5138612924590783e-06,0.0,0.0,0.0,0.0,0.0,8.326237108524932e-06,4.541583877377235e-06,0.0,1.0597029047213548e-05,0.0,1.5138612924590783e-06,0.0,0.0,0.0,0.0,0.0,9.08316775475447e-06,2.2707919386886176e-06,3.027722584918157e-06,0.0,3.027722584918157e-06,0.0,1.5138612924590783e-06,3.027722584918157e-06,0.0,0.0,0.0,7.569306462295393e-07,0.0,4.541583877377235e-06,0.0,0.0,0.0,0.0,3.784653231147696e-06,7.569306462295393e-07,0.0,0.0016309736319533,0.0038420918121309,1.6652474217049864e-05,1.5138612924590783e-06,0.0,0.0118577075098814,7.569306462295393e-07,0.0,0.0011051806247656,0.0017154549333469999,0.0011256177522138,2.1194058094427097e-05,6.055445169836314e-06,0.0,0.0,3.0028994958801962,0.0,0.0011044236941194,9.08316775475447e-06,0.0,0.0314655506471363,0.011863762955051236,0.0011044236941194,3.784653231147696e-05,0.0,0.0,3.027722584918157e-06,0.0022270137237483,0.0,0.0011036667634731,1.5138612924590783e-06,0.0,0.0011127499312279,2.2707919386886176e-06,0.0024702654483218,0.0,4.541583877377235e-06,1.5138612924590783e-06,1.5138612924590783e-06,7.569306462295393e-07,0.0007880388334801,1.4381682278361244e-05,0.0,3.784653231147696e-06,0.0,4.541583877377235e-06,0.0,1.5138612924590783e-06,0.0005718183111156001,0.0,0.0022012780817764997,7.569306462295393e-07,0.0,0.0,0.0,0.0,0.0,0.0,0.0,0.0,3.027722584918157e-06,2.2707919386886176e-06,0.0,7.569306462295393e-07,3.784653231147696e-06,0.01839441215294593,0.0005801445482242,0.0,0.0,0.0001889587495967,0.0002568764762056,0.0022043058043613997,0.0011036667634731,4.315259877795308,0.0011036667634731,0.0,0.0,0.0,0.0011051806247656,0.0,1.0597029047213548e-05,0.0065359477124183,19.061219158926303,7.569306462295393e-07,0.0,0.0027399389099501,0.0,0.0
YE,0.0,1.2808320369893902,1.7992730936701573e-05,0.0,0.0,2.4168770746063265e-05,0.0014792574595303,1.9506592229160653e-05,0.0006533339702903,5.458454757522716e-05,0.0579604206502398,0.0,0.0,0.0001345191752696,1.806369721044051e-06,3.612739442088102e-06,0.350523008144982,0.0326597856563316,1.7992730936701573e-05,3.303531346228408e-05,0.0014410732890253039,8.996365468350786e-06,1.080273518939484e-05,0.0,0.0384762438243859,1.7992730936701573e-05,0.0,0.0186643773477224,0.0,0.0,0.0,1.454267717106848e-05,1.7992730936701573e-05,7.569306462295393e-07,2.5028977028755497,0.0,3.077374963620006e-05,8.996365468350786e-06,0.003076923076923,0.0023807495900458,1.1559665835624375e-05,0.0,0.000671161395338,4.085503731623482e-05,6.718532221325764,0.00028063467608786623,1.773570564498607e-05,2.5218209820877776e-05,1.806369721044051e-06,0.0,0.0,0.0012621646806854,0.3333875451780936,0.7597813834562734,0.0,0.00019805707887610396,0.0,2.3411840099833727e-05,0.4232117856514067,0.0006586821131796,0.00012776473753181873,20.095044365319072,0.0,0.0,0.209498509800704,0.0075012366092586,0.0032976360431955,6.056077630153759e-05,0.0001447537185859,5.546311702717693e-06,0.0093527708625712,8.996365468350786e-06,0.1760988995924127,0.0,0.0489964839970924,0.0,0.0,0.00020069834658095937,0.0,0.0,7.060172995176771e-06,0.0,0.0,0.0,0.0024753464684613997,2.282682324266378e-05,0.0,6.303242348947232e-06,1.7992730936701573e-05,5.021225727436509e-05,2.0556031303975164e-05,0.0054287681312196,0.5797061722596726,0.1000263031320325,0.0059303940513281,0.0,5.964857291558014,0.0,4.095926595072555,4.9338854898766655,9.031848605220255e-06,0.4024059985051794,0.0,3.3200619351283524e-05,1.9147232665289375,0.0020406266302774,0.0006499782561399,0.0002330555088784,8.996365468350786e-06,0.0,0.0,0.0,0.0,0.8008716513854712,0.0265652785186616,0.0,0.0007724237149905,0.0002294427694363,0.0240168735439053,0.0,0.0,0.0002750659094437,8.599931200550395e-05,0.0,2.9623363046064888e-05,6.468548237946665e-06,2.5218209820877776e-05,1.1443458833649838,1.0142321178539777,0.0,2.56330036727359e-06,7.225478884176204e-06,0.0,8.996365468350786e-06,0.0,1.080273518939484e-05,1.7992730936701573e-05,2.193346194424412e-05,0.000124765879155,0.0,1.7992730936701573e-05,0.0,6.932970455591231e-06,1.806369721044051e-06,0.0,3.0601835847140464e-05,0.0064664153851719,5.835504026482544,2.955239677232595e-05,0.0,0.0,1.080273518939484e-05,5.546311702717693e-06,0.5123064288232263,1.7992730936701573e-05,0.2193449205224571,0.00034297305714054045,0.0017504183230309,0.0,0.0,0.2046411102589962,1.0251682162015816,3.4968885722913675e-05,0.0002508448780066,0.0,8.996365468350786e-06,0.001511569236456,1.613484434927958,0.1675259218276277,0.0,0.0,0.1046871481908434,0.17020588731441408,0.0,2.3119331671248758e-05,0.5416546954046241,0.0,0.0001103046898941,0.005023304478353852,0.356251759016809,0.00023974939605985078,18.200961860643563,3.612739442088102e-06,3.612739442088102e-06,4.630566272314368,0.07830114402306271,0.022387157174321,0.0,3.0472013095010498e-05,0.0,2.7781510188151366e-05,0.0,3.612739442088102e-06,1.7992730936701573e-05,0.0,0.0,7.569306462295393e-07,0.0,1.7992730936701573e-05,0.0,0.1819664545980335,8.996365468350786e-06,0.0,8.996365468350786e-06,8.996365468350786e-06,1.8347857362988171,4.369670088317641e-06,0.0001192195674523,1.806369721044051e-06,0.0651018901660665,1.806369721044051e-06,2.256021008675888,0.0,0.0,0.000157369633324,4.859456678384203e-05,1.0444744612634342,0.0006732247903507,5.2041337175536055,0.0006427882603926,0.0002349890811391,0.0,0.0,2.463319296370783e-05,0.0,0.0074201760348403,0.0,7.569306462295393e-07,178.47607280901516,0.0,0.3359861681547926,1.7992730936701573e-05,8.996365468350786e-06
YT,0.0,0.0,0.0,0.0,0.0,0.0,0.0,0.0,0.0,0.0,0.0,0.0,0.0,0.0,0.0,0.0,0.0,0.0,0.0,0.0,0.0,0.0,0.0,0.0,0.0,0.0,0.0,0.0,0.0,0.0,0.0,0.0,0.0,0.0,0.0,0.0,0.0,0.0,0.0,0.0,0.0,0.0,0.0,0.0,0.0,0.0,0.0,0.0,0.0,0.0,0.0,0.0,0.0,0.0,0.0,0.0,0.0,0.0,0.0,0.0,0.0,0.0,0.0,0.0,0.0,0.0,0.0,0.0,0.0,0.0,1.1635199108883318,0.0,0.0,0.0,0.0,0.0,0.0,0.0,0.0,0.0,0.0,0.0,0.0,0.0,0.0,0.0,0.0,0.0,0.0,0.0,0.0,0.0,0.0,0.0,0.0,0.0,0.0,0.0,0.0,0.0,0.0,0.0,0.0,0.0,0.0,0.0,0.0,0.0,0.0,0.0,0.0,0.0,0.0,0.0,0.0,0.0,0.0,0.0,0.0,0.0,0.0,0.0,0.0,0.0,0.0,0.0079086605402394,0.0,0.0,0.0,0.0,0.0,0.0,0.0,0.0,0.0,0.0,0.0,0.0,0.0,0.0,0.0,0.0,0.0,0.0,0.0,0.0,0.0,0.0,0.0,0.0,0.0,0.0,0.0,0.0,0.0,0.0,0.0,0.0,0.0,0.0,0.0,0.0,0.0,0.0,0.0,0.0,0.0,0.0,0.0,0.0,0.0,0.0,0.0,0.0,0.0,0.0,0.0,0.0,0.0,0.0,0.0,0.0,0.0,0.0,0.0,0.0,0.0,0.0,0.0,0.0,0.0,0.0,0.0,0.0,0.0,0.0,0.0,0.0,0.0,0.0,0.0,0.0,0.0,0.0,0.0,0.0,0.0,0.0,0.0,0.0,0.0,0.0,0.0,0.0,0.0,0.0,0.0,0.0,0.0,0.0,0.0,0.0,0.0,0.0,0.0,0.0,0.0,0.0,0.0,2.1714285714285713,0.0,0.0,0.0
ZA,0.0,2.9635621086959825,0.0002159127712404,0.0,0.0,0.0097326368099573,0.002549789996068,0.5015733717763491,1.9842020114201775,5.1137932628479685,41.365137881414626,0.0,0.0,0.059646317187083506,0.0075198940021153,0.0176552383170055,0.9151800893647403,25.86675112022361,2.1444199103281187,0.1022018342251069,0.027966206638799198,0.1582689941642748,0.0782653297315484,0.0,0.3334183728052533,0.0060638659876146,0.0,15.509308851623132,0.5024630541871921,0.006410256410256301,0.0,3.7938569259665584,0.0078561686792288,0.0216430033326672,21.659594570795278,0.0,2.0369677570476235,0.0006932365885173,0.777105188578999,27.78096275868395,0.8144463453757829,0.0,3.1707514482863006,19.879987714774156,18.24230543950711,0.7626223117794043,0.6150155831667656,0.9584743184240423,0.18097271544153,0.0,0.0,1.0489475222930222,4.5352124397061715,35.21035713143399,0.0,3.717151075684523,0.0,0.0003813514110787864,0.3795614415705647,0.0293792254794092,0.0186831486515203,6.663546966042865,0.0,0.0,6.902275392008395,8.889445723503119,4.416015232599498,0.032879897995584204,0.0002035081251664,2.218524681087077e-05,23.078436592010245,0.2526412885365692,112.32951912667465,0.0236420158049165,0.674792500833878,0.0,0.0,35.16774101201112,0.0,0.0003413357606098,1.8484624054109235,0.4297909407665504,0.0,0.0,3.468323293937236,0.1443160713951626,0.0476190476190476,0.0555875809007674,0.0097397222950499,0.7090363291056023,0.0388096416852769,4.990193044495284,0.3964569409802757,3.9287694542719835,1.5531929978583172,0.0,87.27782657299603,0.0,0.6123044124934716,25.41910100873192,0.0239125054064201,13.874611294741891,0.0,1.8859128660314095,2.3138470698642863,7.014056399231698,18.78786134582905,0.0004359816857574,0.0001079563856202,0.0,0.0,0.1568542568542568,0.0,4.483455076930474,0.024299639804761873,0.0,0.673193359738039,0.0001079563856202,0.3462217790007003,0.0,0.0,0.6572511538061001,0.1334193326453388,1.0751577609786565,0.3577456107908365,0.0141010818550007,0.0049495278939095,0.7591852095813855,1.2471037297300784,0.0,0.0005422073576473,0.0037045263623936165,0.0,0.0179276590860977,0.0,0.1137904356942742,0.0408413088747545,0.0002509521020112,0.7351469324701174,0.0,0.0023965741871357,0.0,0.0106679467763892,2.6578062005716845,0.0,7.0918986858264885,2.5299433891035834,6.780521461405497,1.5628014802618784,8.6994988378994,0.0,0.0007135710776664,2.218524681087077e-05,91.53211017379142,0.0048663348330565005,27.80529720892392,7.961744394288056,0.1817780789928028,0.0,0.0,5.473153553990372,4.7110870832088345,0.005657728810851401,0.363042694168521,0.0,0.0001079563856202,0.9479479978574853,5.9516446199437105,2.3315328378798217,0.0,0.0,0.0027257701528363,3.782339101866704,0.0,0.0030063607578897,0.1992594835054757,0.0444444444444444,6.3232740055755166,0.1507743440988557,6.549082060932173,1.2670308256927343,21.45282416360932,4.066897829825825e-05,0.3114841725290839,3.4571281249512182,13.276279951688345,0.7774206518348508,0.0,1.0399556408812158,0.0,0.09742538307396989,0.0674603174603174,4.066897829825825e-05,1.1403927703002772,0.0,0.0054601976230984,0.0151613552499161,0.0,0.062381488241175106,0.0,0.0028702925809651,1.6164464152214149,0.0,0.1128781105380971,0.4077107804481664,24.046934601517272,5.050907669924227e-05,0.006518212795876501,2.0334489149129125e-05,1.0505789636391458,2.0334489149129125e-05,4.111198872130197,0.1168720168720167,0.0,6.187646835360554,3.128641809154571,1.8499353562944738,11.669082971386539,215.04523202534313,0.4015725493051391,1.3255736523700592,0.0,0.0,0.06742478733248511,0.0,2.7703562688370584,0.0,0.0027399389099501,0.3359861681547926,0.0,4759.86637296202,11.844817319021434,25.267158956055965
ZM,0.0,0.0,3.5985461873403146e-05,0.0,0.0,0.0060790320792133,0.0002310788628391,0.0002310788628391,0.0151695078824518,0.0349604235921838,0.7779664896700415,0.0,0.0,3.5985461873403146e-05,0.0058479532163742,0.0,0.14327811955578318,1.5002310788628388,0.0002310788628391,0.0004261722638048,0.0,1.3334488727647529,0.0058135451294252,0.0,0.0,3.5985461873403146e-05,0.0,0.0502432560724559,0.0666666666666666,0.0,0.0,0.5105380116230072,0.0061997770650576,0.0,2.538453431357066,0.0,0.2195404679228909,0.0001155394314195,0.008118045476536,2.6908647105222867,0.0182973576132377,0.0,5.397819281010472e-05,0.1454945521214377,3.201319384890344,0.1620763733954553,1.7992730936701573e-05,3.5985461873403146e-05,0.0644688644688644,0.0,0.0,0.0,0.094668962616603,0.3938687511322717,0.0,0.0365314451632053,0.0,3.5985461873403146e-05,0.0001155394314195,5.397819281010472e-05,0.0001155394314195,0.210814278057107,0.0,0.0,0.011568636276838,0.0535371242938981,0.0001155394314195,0.0,0.0,0.0,2.2493666561469943,0.0001155394314195,10.65283695300118,0.0,0.0002310788628391,0.0,0.0,0.4321251245404087,0.0,0.0,0.0,0.0,0.0,0.0,0.0,0.0031129085387964,0.0,0.0,3.5985461873403146e-05,0.0001155394314195,0.0103336879930962,0.4745900532218134,0.0307219715799867,0.0017609295023413999,0.0006496680808445,0.0,3.4096086212661523,0.0,0.0001979200403037,0.1001079563856202,0.0,0.29240675771002356,0.0,0.0033693187952067,0.1621411352140819,2.370514163227107,0.9371029127108096,1.7992730936701573e-05,1.7992730936701573e-05,0.0,0.0,0.0,0.0,0.2439791767734857,0.0,0.0,0.00335132606427,1.7992730936701573e-05,0.1434197117100496,0.0,0.0,0.0176736703866143,0.0,0.0095238095238095,0.0001155394314195,0.0,0.0002310788628391,0.0002310788628391,0.0901922754509213,0.0,0.0,0.0,0.0,0.0058135451294252,0.0,0.0001155394314195,0.0002310788628391,0.0275443879043906,1.7992730936701573e-05,0.0,0.0002310788628391,0.0,0.0,0.0,0.0,0.2021485857655973,0.0207815449774266,1.6141604599463506,0.2259623818410567,0.2543625218120787,0.0,0.0001155394314195,0.0,2.4615835149240524,3.5985461873403146e-05,1.9104340567128757,0.0953536346695147,0.0033873115261434,0.0,0.0,1.3058560912819792,0.0,3.5985461873403146e-05,0.0425408891909052,0.0,1.7992730936701573e-05,0.0728319782791103,0.0533686727594621,0.0392771439090854,0.0,0.0,0.0,0.0002310788628391,0.0,0.0033693187952067,0.003076923076923,0.0,0.0061945715106329,0.0003466182942586,0.0483122842075649,0.2222430275966435,0.6000359854618733,0.0,0.0,0.0634782749744853,1.2060790320792132,0.0110249964508843,0.0,0.0002310788628391,0.0,0.0002310788628391,0.0,0.0,0.0174370995307137,0.0,0.0,0.0,0.0,3.5985461873403146e-05,0.0,0.0,0.0214620090537512,0.0,0.0001155394314195,0.009639348955229,0.0002339055021771,0.0,1.7992730936701573e-05,0.0,0.2469857063015864,0.0,0.0184858940129751,0.0,0.0,1.7992730936701573e-05,1.9172637435794098,0.0003466182942586,2.2278357734235557,32.71484830777776,0.0073709339074072,1.7992730936701573e-05,0.0,0.0,3.5985461873403146e-05,0.0,0.0036771665986072,0.0,0.0,1.7992730936701573e-05,0.0,11.844817319021434,188.86435495678964,0.2701592802537971
ZW,0.0,0.5426796747518602,1.7992730936701573e-05,0.0,0.0,0.0001155394314195,0.0001155394314195,0.0011256404415205,0.0601503760790334,0.0361165754324555,1.8029817809890134,0.0,0.0,1.7992730936701573e-05,0.0,0.0,0.0106823708933882,0.7001406159808863,0.051197790513670606,0.0002130861319024,0.0,0.2000577697157098,0.1092854187461586,0.0,0.0,1.7992730936701573e-05,0.0,0.0840604475696036,0.0,0.0,0.0,2.209891846689746,0.0001155394314195,0.0,2.1775549287994744,0.0,0.0030223119961321,5.776971570977887e-05,0.2247503758280314,1.2834458199224148,0.26554328543943756,0.0,0.0106553817969831,1.3829059806667319,0.28288331943616474,0.0165634738128859,0.0056652100704624,1.7992730936701573e-05,0.0,0.0,0.0,0.0,0.0024961895187901,2.028902979847553,0.0,0.4784565532563042,0.0,1.7992730936701573e-05,0.0037586440048193,2.698909640505236e-05,5.776971570977887e-05,0.12526924366083508,0.0,0.0,0.2275131893786938,0.15425358110794649,5.776971570977887e-05,0.0,0.0,0.0,1.0789007563130177,0.095295864953805,6.067994512519993,0.0,0.0001155394314195,0.0,0.0,0.63218087560592,0.0,0.0,0.0147058823529411,0.0222222222222222,0.0,0.0,0.1333333333333333,0.0151695078824518,0.0,0.0,1.7992730936701573e-05,5.776971570977887e-05,0.0108829447723593,0.0496285264444065,0.0066892624309602,5.776971570977887e-05,0.1431819768975651,0.0,0.5115513322089782,0.0,9.896002015185864e-05,1.2384601486711662,0.0,0.0659123998951647,0.0,1.7992730936701573e-05,0.0222402149531589,1.5019029357594076,1.248673271298446,8.996365468350786e-06,8.996365468350786e-06,0.0,0.0,0.0,0.0,1.7992730936701573e-05,0.0,0.0,8.996365468350786e-06,8.996365468350786e-06,1.7992730936701573e-05,0.0,0.0,0.0059878323443043,0.0,0.0095238095238095,5.776971570977887e-05,0.0,0.0001155394314195,0.0021357414516215,0.0157055659098056,0.0,0.0,0.0,0.0,0.0091800314695504,0.0,5.776971570977887e-05,0.0857814832282931,8.996365468350786e-06,8.996365468350786e-06,0.0,0.0011256404415205,0.0,0.0,0.1169680809013155,0.0,1.8794269239058503,0.0868075487248843,0.5869871727814476,0.2109118647550691,0.6593621218291777,0.0,5.776971570977887e-05,0.0,2.5445186135233255,1.7992730936701573e-05,0.9445277595339296,2.147821117479057,0.0026724917419076,0.0,0.0,0.1032075906573767,0.0,1.7992730936701573e-05,0.006053738479377501,0.0,8.996365468350786e-06,0.0126175408781521,0.0703323086821579,0.0584785191824648,0.0,0.0,0.0044791832194501,0.0012769796172499,0.0,0.0222402149531589,0.1684491978609625,0.0,0.0039611879350081,0.0001733091471293,0.1789180468656872,0.07136786365077391,0.2295029509561618,0.0,0.08843189699428759,0.0263127654267341,0.8440772654653311,0.0039705619008971,0.0,0.0667822060980862,0.0,0.0001155394314195,0.0,0.0,0.0694964548794759,0.0,0.0,0.0,0.0,0.0062409364538803,0.0,0.0,0.611880429814232,0.0,0.0017384419846173,5.776971570977887e-05,0.0167704118503748,0.0,8.996365468350786e-06,0.0,0.009558508628213301,0.0,0.0270975131736483,0.0,0.0,0.0014066204046018,0.22125596581679519,0.0001733091471293,1.8028658005980853,16.50648879760294,8.996365468350786e-06,8.996365468350786e-06,0.0,0.0,0.0222402149531589,0.0,2.698909640505236e-05,0.0,0.0,8.996365468350786e-06,0.0,25.267158956055965,0.2701592802537971,175.8698151060325
